article_id,title,stored_score,score_band,category,config_name,config_label,repetition,parsed_score,response_provider,response_model,message_content_empty,fallback_source,raw_output,message_content,message_reasoning,choice_reasoning_content,response_id,finish_reason,latency_seconds,http_attempts,status,error,prompt_sha256,common_payload_sha256,request_payload_sha256,completed_at
7571345639725662763,校长把稻田“搬进”教室，让孩子读懂“粒粒皆辛苦”,75.0,3,external_positive,A,生产基线,1,45,Alibaba,deepseek/deepseek-v4-flash,False,message.content,45,45,,,gen-1786276773-UfbdEXdjFX5NhK27BjjA,stop,9.384846702218056,1,ok,,973c21e74133e8de0b497364a1cf645af7d48839b57ee1ab3aef0a8ffdab55dd,8ca88c7c1589f3224bd6f0f915637773c28d946b6ae304c82a08da4f7a2138ac,ca95d0776a5f343dbb2c774d1c381f10d561b7f0dfeb5cbbc3910da60f18db18,2026-08-09T11:59:41.269062+00:00
7571345639725662763,校长把稻田“搬进”教室，让孩子读懂“粒粒皆辛苦”,75.0,3,external_positive,A,生产基线,2,45,Alibaba,deepseek/deepseek-v4-flash,False,message.content,45,45,,,gen-1786276895-kN4netnuE6ZP3KxTOw7T,stop,4.64444250240922,1,ok,,973c21e74133e8de0b497364a1cf645af7d48839b57ee1ab3aef0a8ffdab55dd,8ca88c7c1589f3224bd6f0f915637773c28d946b6ae304c82a08da4f7a2138ac,ca95d0776a5f343dbb2c774d1c381f10d561b7f0dfeb5cbbc3910da60f18db18,2026-08-09T12:01:39.048774+00:00
7571345639725662763,校长把稻田“搬进”教室，让孩子读懂“粒粒皆辛苦”,75.0,3,external_positive,A,生产基线,3,45,Alibaba,deepseek/deepseek-v4-flash,False,message.content,45,45,,,gen-1786276903-WczX2KIOaWqJF0BhPKXB,stop,4.274712901562452,1,ok,,973c21e74133e8de0b497364a1cf645af7d48839b57ee1ab3aef0a8ffdab55dd,8ca88c7c1589f3224bd6f0f915637773c28d946b6ae304c82a08da4f7a2138ac,ca95d0776a5f343dbb2c774d1c381f10d561b7f0dfeb5cbbc3910da60f18db18,2026-08-09T12:01:46.754169+00:00
7571345639725662763,校长把稻田“搬进”教室，让孩子读懂“粒粒皆辛苦”,75.0,3,external_positive,D,固定 provider + 关闭 reasoning,1,35,Alibaba,deepseek/deepseek-v4-flash,False,message.content,35,35,,,gen-1786276776-FuxlJUmqrBZqtiET90Dl,stop,2.6627024970948696,1,ok,,973c21e74133e8de0b497364a1cf645af7d48839b57ee1ab3aef0a8ffdab55dd,8ca88c7c1589f3224bd6f0f915637773c28d946b6ae304c82a08da4f7a2138ac,02e5f02bd96122f6b44f95dfade9d773c15e28ae3d6b064fb031a2588935b13e,2026-08-09T11:59:37.956106+00:00
7571345639725662763,校长把稻田“搬进”教室，让孩子读懂“粒粒皆辛苦”,75.0,3,external_positive,D,固定 provider + 关闭 reasoning,2,35,Alibaba,deepseek/deepseek-v4-flash,False,message.content,35,35,,,gen-1786276687-n9g0zXFTufiDcr5xDQsd,stop,2.0518741980195045,1,ok,,973c21e74133e8de0b497364a1cf645af7d48839b57ee1ab3aef0a8ffdab55dd,8ca88c7c1589f3224bd6f0f915637773c28d946b6ae304c82a08da4f7a2138ac,02e5f02bd96122f6b44f95dfade9d773c15e28ae3d6b064fb031a2588935b13e,2026-08-09T11:58:08.436822+00:00
7571345639725662763,校长把稻田“搬进”教室，让孩子读懂“粒粒皆辛苦”,75.0,3,external_positive,D,固定 provider + 关闭 reasoning,3,25,Alibaba,deepseek/deepseek-v4-flash,False,message.content,25,25,,,gen-1786276907-5PSAet95ikPuABgf11Ko,stop,1.9433806017041206,1,ok,,973c21e74133e8de0b497364a1cf645af7d48839b57ee1ab3aef0a8ffdab55dd,8ca88c7c1589f3224bd6f0f915637773c28d946b6ae304c82a08da4f7a2138ac,02e5f02bd96122f6b44f95dfade9d773c15e28ae3d6b064fb031a2588935b13e,2026-08-09T12:01:48.353546+00:00
7572409532970943022,“辞家千里又千里，务必争气再争气”为什么让大家都湿了眼眶？,20.0,1,external_positive,A,生产基线,1,10,Alibaba,deepseek/deepseek-v4-flash,False,message.content,10,10,,,gen-1786276912-GtryN9hN8trAoSvDnGVc,stop,4.197163801640272,1,ok,,f24cf100499ea0242311098a11a89b0587985a3e4e9cb8deb62f61de20bb037c,49eb1c1f9d336f0a64ba7fa7ee395ade7b3a1fdf06c790e085103c476670828f,471b796de516813d4f256395d67f6a6f7f13149c4142dcaa4c04af9b8984a16d,2026-08-09T12:01:55.816752+00:00
7572409532970943022,“辞家千里又千里，务必争气再争气”为什么让大家都湿了眼眶？,20.0,1,external_positive,A,生产基线,2,10,Alibaba,deepseek/deepseek-v4-flash,False,message.content,10,10,,,gen-1786276773-7nO4ivaqlaBkWfwdWnHJ,stop,6.009384103119373,1,ok,,f24cf100499ea0242311098a11a89b0587985a3e4e9cb8deb62f61de20bb037c,49eb1c1f9d336f0a64ba7fa7ee395ade7b3a1fdf06c790e085103c476670828f,471b796de516813d4f256395d67f6a6f7f13149c4142dcaa4c04af9b8984a16d,2026-08-09T11:59:38.300218+00:00
7572409532970943022,“辞家千里又千里，务必争气再争气”为什么让大家都湿了眼眶？,20.0,1,external_positive,A,生产基线,3,0,Alibaba,deepseek/deepseek-v4-flash,False,message.content,0,0,,,gen-1786276894-4fu7d8ZJZNy8wHbAl0KV,stop,4.459657099097967,1,ok,,f24cf100499ea0242311098a11a89b0587985a3e4e9cb8deb62f61de20bb037c,49eb1c1f9d336f0a64ba7fa7ee395ade7b3a1fdf06c790e085103c476670828f,471b796de516813d4f256395d67f6a6f7f13149c4142dcaa4c04af9b8984a16d,2026-08-09T12:01:37.523769+00:00
7572409532970943022,“辞家千里又千里，务必争气再争气”为什么让大家都湿了眼眶？,20.0,1,external_positive,D,固定 provider + 关闭 reasoning,1,0,Alibaba,deepseek/deepseek-v4-flash,False,message.content,0,0,,,gen-1786276772-qL3CsRugFsls8FrmlHya,stop,1.9599310979247093,1,ok,,f24cf100499ea0242311098a11a89b0587985a3e4e9cb8deb62f61de20bb037c,49eb1c1f9d336f0a64ba7fa7ee395ade7b3a1fdf06c790e085103c476670828f,997642fa83263f6da599b9b6a499455bb17bf618c2466ef075037290debd62fa,2026-08-09T11:59:33.730108+00:00
7572409532970943022,“辞家千里又千里，务必争气再争气”为什么让大家都湿了眼眶？,20.0,1,external_positive,D,固定 provider + 关闭 reasoning,2,0,Alibaba,deepseek/deepseek-v4-flash,False,message.content,0,0,,,gen-1786276679-AKd867hOJuokuBsY9EEN,stop,2.3019296005368233,1,ok,,f24cf100499ea0242311098a11a89b0587985a3e4e9cb8deb62f61de20bb037c,49eb1c1f9d336f0a64ba7fa7ee395ade7b3a1fdf06c790e085103c476670828f,997642fa83263f6da599b9b6a499455bb17bf618c2466ef075037290debd62fa,2026-08-09T11:58:00.822316+00:00
7572409532970943022,“辞家千里又千里，务必争气再争气”为什么让大家都湿了眼眶？,20.0,1,external_positive,D,固定 provider + 关闭 reasoning,3,0,Alibaba,deepseek/deepseek-v4-flash,False,message.content,0,0,,,gen-1786276855-frIG8zJiG6HXISIqbtAY,stop,2.1585396006703377,1,ok,,f24cf100499ea0242311098a11a89b0587985a3e4e9cb8deb62f61de20bb037c,49eb1c1f9d336f0a64ba7fa7ee395ade7b3a1fdf06c790e085103c476670828f,997642fa83263f6da599b9b6a499455bb17bf618c2466ef075037290debd62fa,2026-08-09T12:00:56.538242+00:00
7575087565024379392,深耕古诗文教学 赋能情感育人,50.0,2,external_positive,A,生产基线,1,45,Alibaba,deepseek/deepseek-v4-flash,False,message.content,45,45,,,gen-1786276733-spNgykkaty9ySq4YWRE0,stop,7.744714699685574,1,ok,,522861109d96ff84a88f4f73548dea3707a362041c8f290784f0cfb9fb5e148a,ca5ae05ddfd46c8ebeb0cf581e2d6eaf84bfafcb6d5680f08bb75ea03cc08f8c,3c5aa83ea097607e4c24cdbcf7749aa83fef54305660c7da054ef1ef81204f88,2026-08-09T11:59:00.079768+00:00
7575087565024379392,深耕古诗文教学 赋能情感育人,50.0,2,external_positive,A,生产基线,2,45,Alibaba,deepseek/deepseek-v4-flash,False,message.content,45,45,,,gen-1786276870-PuzDfR1s74rUy2z4pYMe,stop,6.17252179980278,1,ok,,522861109d96ff84a88f4f73548dea3707a362041c8f290784f0cfb9fb5e148a,ca5ae05ddfd46c8ebeb0cf581e2d6eaf84bfafcb6d5680f08bb75ea03cc08f8c,3c5aa83ea097607e4c24cdbcf7749aa83fef54305660c7da054ef1ef81204f88,2026-08-09T12:01:15.182821+00:00
7575087565024379392,深耕古诗文教学 赋能情感育人,50.0,2,external_positive,A,生产基线,3,10,Alibaba,deepseek/deepseek-v4-flash,False,message.content,10,10,,,gen-1786276881-kWaODNMyVscC2y7rKZ3z,stop,8.248741298913956,1,ok,,522861109d96ff84a88f4f73548dea3707a362041c8f290784f0cfb9fb5e148a,ca5ae05ddfd46c8ebeb0cf581e2d6eaf84bfafcb6d5680f08bb75ea03cc08f8c,3c5aa83ea097607e4c24cdbcf7749aa83fef54305660c7da054ef1ef81204f88,2026-08-09T12:01:28.710517+00:00
7575087565024379392,深耕古诗文教学 赋能情感育人,50.0,2,external_positive,D,固定 provider + 关闭 reasoning,1,15,Alibaba,deepseek/deepseek-v4-flash,False,message.content,15,15,,,gen-1786276757-5P90ec45WvQ44v0UWJ2N,stop,2.0164555981755257,1,ok,,522861109d96ff84a88f4f73548dea3707a362041c8f290784f0cfb9fb5e148a,ca5ae05ddfd46c8ebeb0cf581e2d6eaf84bfafcb6d5680f08bb75ea03cc08f8c,0a2df3975cad356e08692790a9e6a5cdccf75170d3fbbd3b8845fbfab2a6c672,2026-08-09T11:59:17.930428+00:00
7575087565024379392,深耕古诗文教学 赋能情感育人,50.0,2,external_positive,D,固定 provider + 关闭 reasoning,2,15,Alibaba,deepseek/deepseek-v4-flash,False,message.content,15,15,,,gen-1786276775-gq4deEDi89gA5Yy2t8XP,stop,1.648903001099825,1,ok,,522861109d96ff84a88f4f73548dea3707a362041c8f290784f0cfb9fb5e148a,ca5ae05ddfd46c8ebeb0cf581e2d6eaf84bfafcb6d5680f08bb75ea03cc08f8c,0a2df3975cad356e08692790a9e6a5cdccf75170d3fbbd3b8845fbfab2a6c672,2026-08-09T11:59:35.776842+00:00
7575087565024379392,深耕古诗文教学 赋能情感育人,50.0,2,external_positive,D,固定 provider + 关闭 reasoning,3,15,Alibaba,deepseek/deepseek-v4-flash,False,message.content,15,15,,,gen-1786276771-3WI02ISVvhXiFZHwnwCt,stop,2.040186297148466,1,ok,,522861109d96ff84a88f4f73548dea3707a362041c8f290784f0cfb9fb5e148a,ca5ae05ddfd46c8ebeb0cf581e2d6eaf84bfafcb6d5680f08bb75ea03cc08f8c,0a2df3975cad356e08692790a9e6a5cdccf75170d3fbbd3b8845fbfab2a6c672,2026-08-09T11:59:32.289510+00:00
7575141576054211087,河南两部门联合发文！事关学校餐饮具清洗消毒,40.0,2,external_positive,D,固定 provider + 关闭 reasoning,1,75,Alibaba,deepseek/deepseek-v4-flash,False,message.content,75,75,,,gen-1786276686-oNQX39pQUpuLFGcKa9Zw,stop,1.8480472974479198,1,ok,,a05e122a4a7609f59dec8c7175bc1b343297869e03e7df244662f6f1ba637804,506c399f416b22c686bcc1f41b3986b323ddea9f62fdd3f6e41120c3df17d94e,cac82eec6e6976e3436a833c86b6df62fa7a43d6567f62d278328c90126c4eaa,2026-08-09T11:58:06.972814+00:00
7575141576054211087,河南两部门联合发文！事关学校餐饮具清洗消毒,40.0,2,external_positive,D,固定 provider + 关闭 reasoning,2,75,Alibaba,deepseek/deepseek-v4-flash,False,message.content,75,75,,,gen-1786276678-iOU80vzGzCW4eeQe9vIS,stop,1.7054476998746395,1,ok,,a05e122a4a7609f59dec8c7175bc1b343297869e03e7df244662f6f1ba637804,506c399f416b22c686bcc1f41b3986b323ddea9f62fdd3f6e41120c3df17d94e,cac82eec6e6976e3436a833c86b6df62fa7a43d6567f62d278328c90126c4eaa,2026-08-09T11:57:58.581726+00:00
7575141576054211087,河南两部门联合发文！事关学校餐饮具清洗消毒,40.0,2,external_positive,D,固定 provider + 关闭 reasoning,3,75,Alibaba,deepseek/deepseek-v4-flash,False,message.content,75,75,,,gen-1786276766-BDMO0w9W19HGM8uuwBQM,stop,1.870510097593069,1,ok,,a05e122a4a7609f59dec8c7175bc1b343297869e03e7df244662f6f1ba637804,506c399f416b22c686bcc1f41b3986b323ddea9f62fdd3f6e41120c3df17d94e,cac82eec6e6976e3436a833c86b6df62fa7a43d6567f62d278328c90126c4eaa,2026-08-09T11:59:27.386129+00:00
7575141576054211087,河南两部门联合发文！事关学校餐饮具清洗消毒,40.0,2,external_positive,D,固定 provider + 关闭 reasoning,4,75,Alibaba,deepseek/deepseek-v4-flash,False,message.content,75,75,,,gen-1786276660-klNhKulGiRyEiB3I8cb7,stop,1.8639294989407063,1,ok,,a05e122a4a7609f59dec8c7175bc1b343297869e03e7df244662f6f1ba637804,506c399f416b22c686bcc1f41b3986b323ddea9f62fdd3f6e41120c3df17d94e,cac82eec6e6976e3436a833c86b6df62fa7a43d6567f62d278328c90126c4eaa,2026-08-09T11:57:41.658970+00:00
7575141576054211087,河南两部门联合发文！事关学校餐饮具清洗消毒,40.0,2,external_positive,D,固定 provider + 关闭 reasoning,5,75,Alibaba,deepseek/deepseek-v4-flash,False,message.content,75,75,,,gen-1786276815-8ScyCVL9hJHacqOjOPja,stop,2.3072031028568745,1,ok,,a05e122a4a7609f59dec8c7175bc1b343297869e03e7df244662f6f1ba637804,506c399f416b22c686bcc1f41b3986b323ddea9f62fdd3f6e41120c3df17d94e,cac82eec6e6976e3436a833c86b6df62fa7a43d6567f62d278328c90126c4eaa,2026-08-09T12:00:16.102529+00:00
7576077820816884262,科技日报：从院士增选看中国科技创新新风向,30.0,1,internal_positive,A,生产基线,1,5,Alibaba,deepseek/deepseek-v4-flash,False,message.content,5,5,,,gen-1786276743-uLWLKHsGuUEmXc9y5i8Q,stop,4.635912399739027,1,ok,,d5dd16ad091db2d0b3bd88ba4dea3e237b4e103b943cc983d128e0b68b95aecb,d8421412762b1cc59f770cefce51676b11f6f412af0d41dfdbbb6280e0a75893,01a1020052fe5e893a46b1efe0bb70b3c8a011c19bb74f028fec33f94778a51b,2026-08-09T11:59:07.514863+00:00
7576077820816884262,科技日报：从院士增选看中国科技创新新风向,30.0,1,internal_positive,A,生产基线,2,55,Alibaba,deepseek/deepseek-v4-flash,False,message.content,55,55,,,gen-1786276695-7u2E7bicC7Nf67svBJ5b,stop,8.139848601073027,1,ok,,d5dd16ad091db2d0b3bd88ba4dea3e237b4e103b943cc983d128e0b68b95aecb,d8421412762b1cc59f770cefce51676b11f6f412af0d41dfdbbb6280e0a75893,01a1020052fe5e893a46b1efe0bb70b3c8a011c19bb74f028fec33f94778a51b,2026-08-09T11:58:22.554139+00:00
7576077820816884262,科技日报：从院士增选看中国科技创新新风向,30.0,1,internal_positive,A,生产基线,3,0,Alibaba,deepseek/deepseek-v4-flash,False,message.content,0,0,,,gen-1786276899-703ci3sNku6WD43aoKGe,stop,5.869212098419666,1,ok,,d5dd16ad091db2d0b3bd88ba4dea3e237b4e103b943cc983d128e0b68b95aecb,d8421412762b1cc59f770cefce51676b11f6f412af0d41dfdbbb6280e0a75893,01a1020052fe5e893a46b1efe0bb70b3c8a011c19bb74f028fec33f94778a51b,2026-08-09T12:01:44.320278+00:00
7576077820816884262,科技日报：从院士增选看中国科技创新新风向,30.0,1,internal_positive,D,固定 provider + 关闭 reasoning,1,15,Alibaba,deepseek/deepseek-v4-flash,False,message.content,15,15,,,gen-1786276871-8COenEHoaQiEvXyMAucI,stop,1.7120259031653404,1,ok,,d5dd16ad091db2d0b3bd88ba4dea3e237b4e103b943cc983d128e0b68b95aecb,d8421412762b1cc59f770cefce51676b11f6f412af0d41dfdbbb6280e0a75893,711acb2d563c739ce7dd86888525e6266c213c1ecdb94a1e45de583eeccff40a,2026-08-09T12:01:12.182251+00:00
7576077820816884262,科技日报：从院士增选看中国科技创新新风向,30.0,1,internal_positive,D,固定 provider + 关闭 reasoning,2,15,Alibaba,deepseek/deepseek-v4-flash,False,message.content,15,15,,,gen-1786276911-t6A33e9n6lY0fmX36d2u,stop,2.037525601685047,1,ok,,d5dd16ad091db2d0b3bd88ba4dea3e237b4e103b943cc983d128e0b68b95aecb,d8421412762b1cc59f770cefce51676b11f6f412af0d41dfdbbb6280e0a75893,711acb2d563c739ce7dd86888525e6266c213c1ecdb94a1e45de583eeccff40a,2026-08-09T12:01:52.318542+00:00
7576077820816884262,科技日报：从院士增选看中国科技创新新风向,30.0,1,internal_positive,D,固定 provider + 关闭 reasoning,3,75,Alibaba,deepseek/deepseek-v4-flash,False,message.content,75,75,,,gen-1786276765-rifNQPVuZGprHs1VwNqH,stop,1.8180824965238571,1,ok,,d5dd16ad091db2d0b3bd88ba4dea3e237b4e103b943cc983d128e0b68b95aecb,d8421412762b1cc59f770cefce51676b11f6f412af0d41dfdbbb6280e0a75893,711acb2d563c739ce7dd86888525e6266c213c1ecdb94a1e45de583eeccff40a,2026-08-09T11:59:26.501196+00:00
7578798004317078056,大国五年丨立德树人，夯实民族复兴之基,25.0,1,external_positive,A,生产基线,1,15,Alibaba,deepseek/deepseek-v4-flash,False,message.content,15,15,,,gen-1786276519-k3wFlb6r8i4e1MLKH0r4,stop,3.6203705966472626,1,ok,,7b3e97be7c4d0bc421e58b9c3d9bcaf1a80d6a0ecd166defdbe73542f3ae148c,026e1fcea744a43f06c23c638810767fad996cdcf6909b02be0c85ed60a6c4a7,7ff5429c1904a28767499974a8aa6cb8b4baca95ef2b62769317b084a3b63390,2026-08-09T11:55:22.379638+00:00
7578798004317078056,大国五年丨立德树人，夯实民族复兴之基,25.0,1,external_positive,A,生产基线,2,20,Baidu,deepseek/deepseek-v4-flash,False,message.content,20,20,,,gen-1786276479-pH6QX4SXu3OOFRatGuzm,stop,6.804729901254177,1,ok,,7b3e97be7c4d0bc421e58b9c3d9bcaf1a80d6a0ecd166defdbe73542f3ae148c,026e1fcea744a43f06c23c638810767fad996cdcf6909b02be0c85ed60a6c4a7,7ff5429c1904a28767499974a8aa6cb8b4baca95ef2b62769317b084a3b63390,2026-08-09T11:54:44.383821+00:00
7578798004317078056,大国五年丨立德树人，夯实民族复兴之基,25.0,1,external_positive,A,生产基线,3,15,Alibaba,deepseek/deepseek-v4-flash,False,message.content,15,15,,,gen-1786276533-ZA8MMITGrOsgjL0nEMpL,stop,8.730095200240612,1,ok,,7b3e97be7c4d0bc421e58b9c3d9bcaf1a80d6a0ecd166defdbe73542f3ae148c,026e1fcea744a43f06c23c638810767fad996cdcf6909b02be0c85ed60a6c4a7,7ff5429c1904a28767499974a8aa6cb8b4baca95ef2b62769317b084a3b63390,2026-08-09T11:55:40.958614+00:00
7578798004317078056,大国五年丨立德树人，夯实民族复兴之基,25.0,1,external_positive,D,固定 provider + 关闭 reasoning,1,75,Alibaba,deepseek/deepseek-v4-flash,False,message.content,75,75,,,gen-1786276519-bPyAqWONSBKRqQMQSjXs,stop,1.7810781002044678,1,ok,,7b3e97be7c4d0bc421e58b9c3d9bcaf1a80d6a0ecd166defdbe73542f3ae148c,026e1fcea744a43f06c23c638810767fad996cdcf6909b02be0c85ed60a6c4a7,49064c68cee1af862fec897f1e0ab57d485ff59a29901a98ff3f071e7d1a0717,2026-08-09T11:55:19.958222+00:00
7578798004317078056,大国五年丨立德树人，夯实民族复兴之基,25.0,1,external_positive,D,固定 provider + 关闭 reasoning,2,75,Alibaba,deepseek/deepseek-v4-flash,False,message.content,75,75,,,gen-1786276519-lm6qh4GD6CcHBrjQRVWp,stop,1.7429748997092247,1,ok,,7b3e97be7c4d0bc421e58b9c3d9bcaf1a80d6a0ecd166defdbe73542f3ae148c,026e1fcea744a43f06c23c638810767fad996cdcf6909b02be0c85ed60a6c4a7,49064c68cee1af862fec897f1e0ab57d485ff59a29901a98ff3f071e7d1a0717,2026-08-09T11:55:19.911337+00:00
7578798004317078056,大国五年丨立德树人，夯实民族复兴之基,25.0,1,external_positive,D,固定 provider + 关闭 reasoning,3,75,Alibaba,deepseek/deepseek-v4-flash,False,message.content,75,75,,,gen-1786276502-Vb1ia19dTSWSU4B79jhA,stop,1.8847866989672184,1,ok,,7b3e97be7c4d0bc421e58b9c3d9bcaf1a80d6a0ecd166defdbe73542f3ae148c,026e1fcea744a43f06c23c638810767fad996cdcf6909b02be0c85ed60a6c4a7,49064c68cee1af862fec897f1e0ab57d485ff59a29901a98ff3f071e7d1a0717,2026-08-09T11:55:03.564716+00:00
7579200351518065204,福建福州：交通安全宣传进学校,5.0,0,external_positive,A,生产基线,1,15,Alibaba,deepseek/deepseek-v4-flash,False,message.content,15,15,,,gen-1786276658-nsawO4hrIqLTcTsWp96A,stop,3.147427398711443,1,ok,,67775b1bc9e281e0ef1cb9e26cdc0b5f6a299ff314c9a0326420801dcdc5e088,668410a54b940aabb6897ffb4d2f239646e2c10824c3b6de5a7f7f1cc7a65333,b0cf687de6f11e3740358117b878c26a0e848d3e6428703d6afeff8c1620111d,2026-08-09T11:57:40.538042+00:00
7579200351518065204,福建福州：交通安全宣传进学校,5.0,0,external_positive,A,生产基线,2,5,Alibaba,deepseek/deepseek-v4-flash,False,message.content,5,5,,,gen-1786276762-L5gGSyt4e4kk9ksfhMxK,stop,4.182245500385761,1,ok,,67775b1bc9e281e0ef1cb9e26cdc0b5f6a299ff314c9a0326420801dcdc5e088,668410a54b940aabb6897ffb4d2f239646e2c10824c3b6de5a7f7f1cc7a65333,b0cf687de6f11e3740358117b878c26a0e848d3e6428703d6afeff8c1620111d,2026-08-09T11:59:25.555042+00:00
7579200351518065204,福建福州：交通安全宣传进学校,5.0,0,external_positive,A,生产基线,3,10,Alibaba,deepseek/deepseek-v4-flash,False,message.content,10,10,,,gen-1786276676-XOUNKS0HIsCnJKqLbDqQ,stop,3.777065299451351,1,ok,,67775b1bc9e281e0ef1cb9e26cdc0b5f6a299ff314c9a0326420801dcdc5e088,668410a54b940aabb6897ffb4d2f239646e2c10824c3b6de5a7f7f1cc7a65333,b0cf687de6f11e3740358117b878c26a0e848d3e6428703d6afeff8c1620111d,2026-08-09T11:57:59.553342+00:00
7579200351518065204,福建福州：交通安全宣传进学校,5.0,0,external_positive,D,固定 provider + 关闭 reasoning,1,15,Alibaba,deepseek/deepseek-v4-flash,False,message.content,15,15,,,gen-1786276815-zaRMLjaRkRQe8dn5IDDu,stop,1.8663072995841503,1,ok,,67775b1bc9e281e0ef1cb9e26cdc0b5f6a299ff314c9a0326420801dcdc5e088,668410a54b940aabb6897ffb4d2f239646e2c10824c3b6de5a7f7f1cc7a65333,1d8390a5723501aef73024ce6a5fdb21c5b3d26ccd035ab3a0acaf7a3ff98b49,2026-08-09T12:00:15.701255+00:00
7579200351518065204,福建福州：交通安全宣传进学校,5.0,0,external_positive,D,固定 provider + 关闭 reasoning,2,12,Alibaba,deepseek/deepseek-v4-flash,False,message.content,12,12,,,gen-1786276700-pYnxdnXH243NPiOVFqh8,stop,1.8552759997546673,1,ok,,67775b1bc9e281e0ef1cb9e26cdc0b5f6a299ff314c9a0326420801dcdc5e088,668410a54b940aabb6897ffb4d2f239646e2c10824c3b6de5a7f7f1cc7a65333,1d8390a5723501aef73024ce6a5fdb21c5b3d26ccd035ab3a0acaf7a3ff98b49,2026-08-09T11:58:21.283036+00:00
7579200351518065204,福建福州：交通安全宣传进学校,5.0,0,external_positive,D,固定 provider + 关闭 reasoning,3,15,Alibaba,deepseek/deepseek-v4-flash,False,message.content,15,15,,,gen-1786276884-6zNxwNGUd8kkrvt8EBRa,stop,1.5437670983374119,1,ok,,67775b1bc9e281e0ef1cb9e26cdc0b5f6a299ff314c9a0326420801dcdc5e088,668410a54b940aabb6897ffb4d2f239646e2c10824c3b6de5a7f7f1cc7a65333,1d8390a5723501aef73024ce6a5fdb21c5b3d26ccd035ab3a0acaf7a3ff98b49,2026-08-09T12:01:24.619762+00:00
7582580469724676649,吉安职业技术学院：新工科引领 培养复合型技术技能人才,70.0,3,external_positive,A,生产基线,1,55,Alibaba,deepseek/deepseek-v4-flash,False,message.content,55,55,,,gen-1786276514-dkbGSbWHE5J75SUmE5Ko,stop,4.784441497176886,1,ok,,901620e6b065bf8bec0b48381e1389cdd03b851c76435758de427522128fdce2,80e609680812ceafbe3a0355e02d3e54a18c5b10a8f521dab06b88a3907a544c,5649424973b6835af7c70cdb90fe1e7558ce6bd1e6816726f9db5fc2bf4e50cb,2026-08-09T11:55:18.175741+00:00
7582580469724676649,吉安职业技术学院：新工科引领 培养复合型技术技能人才,70.0,3,external_positive,A,生产基线,2,50,Alibaba,deepseek/deepseek-v4-flash,False,message.content,50,50,,,gen-1786276500-gWfTEgkNUUDx9Q8k2ZQZ,stop,10.38814890012145,1,ok,,901620e6b065bf8bec0b48381e1389cdd03b851c76435758de427522128fdce2,80e609680812ceafbe3a0355e02d3e54a18c5b10a8f521dab06b88a3907a544c,5649424973b6835af7c70cdb90fe1e7558ce6bd1e6816726f9db5fc2bf4e50cb,2026-08-09T11:55:09.578616+00:00
7582580469724676649,吉安职业技术学院：新工科引领 培养复合型技术技能人才,70.0,3,external_positive,A,生产基线,3,55,Alibaba,deepseek/deepseek-v4-flash,False,message.content,55,55,,,gen-1786276512-Btcr5776NCNJBiZD6by7,stop,10.02950770035386,1,ok,,901620e6b065bf8bec0b48381e1389cdd03b851c76435758de427522128fdce2,80e609680812ceafbe3a0355e02d3e54a18c5b10a8f521dab06b88a3907a544c,5649424973b6835af7c70cdb90fe1e7558ce6bd1e6816726f9db5fc2bf4e50cb,2026-08-09T11:55:21.388613+00:00
7582580469724676649,吉安职业技术学院：新工科引领 培养复合型技术技能人才,70.0,3,external_positive,D,固定 provider + 关闭 reasoning,1,75,Alibaba,deepseek/deepseek-v4-flash,False,message.content,75,75,,,gen-1786276529-mdhMlt8EujVOpu4wfUUz,stop,1.4974917992949486,1,ok,,901620e6b065bf8bec0b48381e1389cdd03b851c76435758de427522128fdce2,80e609680812ceafbe3a0355e02d3e54a18c5b10a8f521dab06b88a3907a544c,c95e1d6d1f0183577fe9ab80b91922dbc3d9289882dd626e6ae57ebce41c6109,2026-08-09T11:55:30.080563+00:00
7582580469724676649,吉安职业技术学院：新工科引领 培养复合型技术技能人才,70.0,3,external_positive,D,固定 provider + 关闭 reasoning,2,75,Alibaba,deepseek/deepseek-v4-flash,False,message.content,75,75,,,gen-1786276504-oZW4kvGFR8OxGljDkZzz,stop,1.5620528012514114,1,ok,,901620e6b065bf8bec0b48381e1389cdd03b851c76435758de427522128fdce2,80e609680812ceafbe3a0355e02d3e54a18c5b10a8f521dab06b88a3907a544c,c95e1d6d1f0183577fe9ab80b91922dbc3d9289882dd626e6ae57ebce41c6109,2026-08-09T11:55:05.128179+00:00
7582580469724676649,吉安职业技术学院：新工科引领 培养复合型技术技能人才,70.0,3,external_positive,D,固定 provider + 关闭 reasoning,3,75,Alibaba,deepseek/deepseek-v4-flash,False,message.content,75,75,,,gen-1786276518-Ma729iCsmI2eANRv7oFC,stop,1.652387298643589,1,ok,,901620e6b065bf8bec0b48381e1389cdd03b851c76435758de427522128fdce2,80e609680812ceafbe3a0355e02d3e54a18c5b10a8f521dab06b88a3907a544c,c95e1d6d1f0183577fe9ab80b91922dbc3d9289882dd626e6ae57ebce41c6109,2026-08-09T11:55:18.757963+00:00
7584059794098356762,“绿色·未来”文旅产品创意全国邀请赛在雄安新区开赛,65.0,3,internal_positive,A,生产基线,1,40,Cloudflare,deepseek/deepseek-v4-flash,False,message.content,40,40,,,gen-1786276801-MYPDd5D8noJz21aSIlCl,stop,89.11174920201302,1,ok,,6c70f891aba4de3904dd9305d75f9eeddf1372773efe0be18388b7985755075d,833cf6698a5b805185c17e0c591d51468d55b5165a0e32291266b43003e4edee,716bd442c7e0d0e58c1554810784f752ca812ad8d81117d63d0a523cc27939b0,2026-08-09T12:01:29.097393+00:00
7584059794098356762,“绿色·未来”文旅产品创意全国邀请赛在雄安新区开赛,65.0,3,internal_positive,A,生产基线,2,40,Baidu,deepseek/deepseek-v4-flash,False,message.content,40,40,,,gen-1786276706-aNulTtXNSI5oBheCuYkw,stop,26.54002770036459,1,ok,,6c70f891aba4de3904dd9305d75f9eeddf1372773efe0be18388b7985755075d,833cf6698a5b805185c17e0c591d51468d55b5165a0e32291266b43003e4edee,716bd442c7e0d0e58c1554810784f752ca812ad8d81117d63d0a523cc27939b0,2026-08-09T11:58:52.333650+00:00
7584059794098356762,“绿色·未来”文旅产品创意全国邀请赛在雄安新区开赛,65.0,3,internal_positive,A,生产基线,3,45,Baidu,deepseek/deepseek-v4-flash,False,message.content,45,45,,,gen-1786276797-HLzTY1TwAwTblF6QHFFA,stop,10.771433301270008,1,ok,,6c70f891aba4de3904dd9305d75f9eeddf1372773efe0be18388b7985755075d,833cf6698a5b805185c17e0c591d51468d55b5165a0e32291266b43003e4edee,716bd442c7e0d0e58c1554810784f752ca812ad8d81117d63d0a523cc27939b0,2026-08-09T12:00:06.697347+00:00
7584059794098356762,“绿色·未来”文旅产品创意全国邀请赛在雄安新区开赛,65.0,3,internal_positive,D,固定 provider + 关闭 reasoning,1,75,Alibaba,deepseek/deepseek-v4-flash,False,message.content,75,75,,,gen-1786276845-Y15ooTHdohXFuNyG8D4b,stop,1.6866598017513752,1,ok,,6c70f891aba4de3904dd9305d75f9eeddf1372773efe0be18388b7985755075d,833cf6698a5b805185c17e0c591d51468d55b5165a0e32291266b43003e4edee,ea8da6385e3c002205694be1a48089c31d8a9c296c739e563d41c3ec8a7c2506,2026-08-09T12:00:46.334002+00:00
7584059794098356762,“绿色·未来”文旅产品创意全国邀请赛在雄安新区开赛,65.0,3,internal_positive,D,固定 provider + 关闭 reasoning,2,75,Alibaba,deepseek/deepseek-v4-flash,False,message.content,75,75,,,gen-1786276753-bwYafKFNLQGgJfDQlKyC,stop,2.130434699356556,1,ok,,6c70f891aba4de3904dd9305d75f9eeddf1372773efe0be18388b7985755075d,833cf6698a5b805185c17e0c591d51468d55b5165a0e32291266b43003e4edee,ea8da6385e3c002205694be1a48089c31d8a9c296c739e563d41c3ec8a7c2506,2026-08-09T11:59:13.977266+00:00
7584059794098356762,“绿色·未来”文旅产品创意全国邀请赛在雄安新区开赛,65.0,3,internal_positive,D,固定 provider + 关闭 reasoning,3,65,Alibaba,deepseek/deepseek-v4-flash,False,message.content,65,65,,,gen-1786276811-0ppL5dewNcEZi9UgXjFA,stop,1.7760115005075932,1,ok,,6c70f891aba4de3904dd9305d75f9eeddf1372773efe0be18388b7985755075d,833cf6698a5b805185c17e0c591d51468d55b5165a0e32291266b43003e4edee,ea8da6385e3c002205694be1a48089c31d8a9c296c739e563d41c3ec8a7c2506,2026-08-09T12:00:12.461157+00:00
7584376512065929737,宜宾江安汉安中学扎实开展教学常规检查工作,25.0,1,external_positive,A,生产基线,1,38,Alibaba,deepseek/deepseek-v4-flash,False,message.content,38,38,,,gen-1786276874-JCvrTa4sCZmUmVRP2M61,stop,4.918652500957251,1,ok,,419d277781768afa2f62eb3a3863cd76ec49fe4112d2e761cfbdeea07c7dc4b3,3dcc8291999d0564a931f7e0c3ab7993739d4ecdc44ac67b0b727c428d2e05e9,4e9c932dd153a7ce3d7b37ec1eb12e94313f1e3e2758ee974b89a4c07b9d42d5,2026-08-09T12:01:18.156472+00:00
7584376512065929737,宜宾江安汉安中学扎实开展教学常规检查工作,25.0,1,external_positive,A,生产基线,2,15,Alibaba,deepseek/deepseek-v4-flash,False,message.content,15,15,,,gen-1786276913-g4tCmkuGja6aosx4Wcal,stop,3.96878420189023,1,ok,,419d277781768afa2f62eb3a3863cd76ec49fe4112d2e761cfbdeea07c7dc4b3,3dcc8291999d0564a931f7e0c3ab7993739d4ecdc44ac67b0b727c428d2e05e9,4e9c932dd153a7ce3d7b37ec1eb12e94313f1e3e2758ee974b89a4c07b9d42d5,2026-08-09T12:01:56.288781+00:00
7584376512065929737,宜宾江安汉安中学扎实开展教学常规检查工作,25.0,1,external_positive,A,生产基线,3,15,Alibaba,deepseek/deepseek-v4-flash,False,message.content,15,15,,,gen-1786276772-P5NbqxELQpR3nMrZwO4H,stop,3.890168998390436,1,ok,,419d277781768afa2f62eb3a3863cd76ec49fe4112d2e761cfbdeea07c7dc4b3,3dcc8291999d0564a931f7e0c3ab7993739d4ecdc44ac67b0b727c428d2e05e9,4e9c932dd153a7ce3d7b37ec1eb12e94313f1e3e2758ee974b89a4c07b9d42d5,2026-08-09T11:59:35.291997+00:00
7584376512065929737,宜宾江安汉安中学扎实开展教学常规检查工作,25.0,1,external_positive,D,固定 provider + 关闭 reasoning,1,12,Alibaba,deepseek/deepseek-v4-flash,False,message.content,12,12,,,gen-1786276862-xpHxukDJasoWPVL23W6h,stop,2.0767000019550323,1,ok,,419d277781768afa2f62eb3a3863cd76ec49fe4112d2e761cfbdeea07c7dc4b3,3dcc8291999d0564a931f7e0c3ab7993739d4ecdc44ac67b0b727c428d2e05e9,f5df65bdbadd83611768a032a6987e56d583c4408207bf903d09fbab4bd87de0,2026-08-09T12:01:03.502916+00:00
7584376512065929737,宜宾江安汉安中学扎实开展教学常规检查工作,25.0,1,external_positive,D,固定 provider + 关闭 reasoning,2,25,Alibaba,deepseek/deepseek-v4-flash,False,message.content,25,25,,,gen-1786276852-pjVeG6f9hmJV141r2JFX,stop,1.6272438019514084,1,ok,,419d277781768afa2f62eb3a3863cd76ec49fe4112d2e761cfbdeea07c7dc4b3,3dcc8291999d0564a931f7e0c3ab7993739d4ecdc44ac67b0b727c428d2e05e9,f5df65bdbadd83611768a032a6987e56d583c4408207bf903d09fbab4bd87de0,2026-08-09T12:00:53.325708+00:00
7584376512065929737,宜宾江安汉安中学扎实开展教学常规检查工作,25.0,1,external_positive,D,固定 provider + 关闭 reasoning,3,18,Alibaba,deepseek/deepseek-v4-flash,False,message.content,18,18,,,gen-1786276781-53mcKENMvG5jU7UUeOOu,stop,1.776127602905035,1,ok,,419d277781768afa2f62eb3a3863cd76ec49fe4112d2e761cfbdeea07c7dc4b3,3dcc8291999d0564a931f7e0c3ab7993739d4ecdc44ac67b0b727c428d2e05e9,f5df65bdbadd83611768a032a6987e56d583c4408207bf903d09fbab4bd87de0,2026-08-09T11:59:42.030860+00:00
7584732182552379919,中国首例二维金属入选《物理世界》“2025年十大突破”,60.0,3,internal_positive,A,生产基线,1,0,Alibaba,deepseek/deepseek-v4-flash,False,message.content,0,0,,,gen-1786276717-L5HTM4ltw6IRieeKxMID,stop,3.8872185982763767,1,ok,,8b2616d349ca120519014a44b10b7b199c850cc43f8d6acb6fefb631cb48e796,d3399a186301762338f1f258d59cb633203d07e57c4b0e609514b7f3bfdab444,cb0e78aea23bcaa4ed8f76bacb5a9d04628ad46934ecdec4447cd0d1f681a356,2026-08-09T11:58:39.983714+00:00
7584732182552379919,中国首例二维金属入选《物理世界》“2025年十大突破”,60.0,3,internal_positive,A,生产基线,2,5,Alibaba,deepseek/deepseek-v4-flash,False,message.content,5,5,,,gen-1786276726-f7oztNIvgPSLxYabyPth,stop,3.91421240195632,1,ok,,8b2616d349ca120519014a44b10b7b199c850cc43f8d6acb6fefb631cb48e796,d3399a186301762338f1f258d59cb633203d07e57c4b0e609514b7f3bfdab444,cb0e78aea23bcaa4ed8f76bacb5a9d04628ad46934ecdec4447cd0d1f681a356,2026-08-09T11:58:49.132058+00:00
7584732182552379919,中国首例二维金属入选《物理世界》“2025年十大突破”,60.0,3,internal_positive,A,生产基线,3,5,Alibaba,deepseek/deepseek-v4-flash,False,message.content,5,5,,,gen-1786276675-M31y7JH0DdX6RlJzU0Cp,stop,4.5973381996154785,1,ok,,8b2616d349ca120519014a44b10b7b199c850cc43f8d6acb6fefb631cb48e796,d3399a186301762338f1f258d59cb633203d07e57c4b0e609514b7f3bfdab444,cb0e78aea23bcaa4ed8f76bacb5a9d04628ad46934ecdec4447cd0d1f681a356,2026-08-09T11:57:58.908590+00:00
7584732182552379919,中国首例二维金属入选《物理世界》“2025年十大突破”,60.0,3,internal_positive,D,固定 provider + 关闭 reasoning,1,15,Alibaba,deepseek/deepseek-v4-flash,False,message.content,15,15,,,gen-1786276768-KE5CnE0LeXgMx9BNm2zJ,stop,1.8050131984055042,1,ok,,8b2616d349ca120519014a44b10b7b199c850cc43f8d6acb6fefb631cb48e796,d3399a186301762338f1f258d59cb633203d07e57c4b0e609514b7f3bfdab444,4ffc8ac13271dd6212a229954e4c4d27fe6af8bd6e6bd273b3e9bbd823189af0,2026-08-09T11:59:29.192475+00:00
7584732182552379919,中国首例二维金属入选《物理世界》“2025年十大突破”,60.0,3,internal_positive,D,固定 provider + 关闭 reasoning,2,15,Alibaba,deepseek/deepseek-v4-flash,False,message.content,15,15,,,gen-1786276779-PYJXXJ3MGBNN3OO5iNLO,stop,1.7972475998103619,1,ok,,8b2616d349ca120519014a44b10b7b199c850cc43f8d6acb6fefb631cb48e796,d3399a186301762338f1f258d59cb633203d07e57c4b0e609514b7f3bfdab444,4ffc8ac13271dd6212a229954e4c4d27fe6af8bd6e6bd273b3e9bbd823189af0,2026-08-09T11:59:40.098829+00:00
7584732182552379919,中国首例二维金属入选《物理世界》“2025年十大突破”,60.0,3,internal_positive,D,固定 provider + 关闭 reasoning,3,15,Alibaba,deepseek/deepseek-v4-flash,False,message.content,15,15,,,gen-1786276852-8Bvy0SoLxyf1V4YUVbsi,stop,1.6510765999555588,1,ok,,8b2616d349ca120519014a44b10b7b199c850cc43f8d6acb6fefb631cb48e796,d3399a186301762338f1f258d59cb633203d07e57c4b0e609514b7f3bfdab444,4ffc8ac13271dd6212a229954e4c4d27fe6af8bd6e6bd273b3e9bbd823189af0,2026-08-09T12:00:52.732719+00:00
7585425820647277066,驼铃渡远，玉帛通衢：丝路胡商与汉唐社会的文化交流,45.0,2,internal_positive,A,生产基线,1,10,Alibaba,deepseek/deepseek-v4-flash,False,message.content,10,10,,,gen-1786276652-zyD6Wv6KAl21SYZdxyTw,stop,5.850017599761486,1,ok,,7c0778e9aed733c00df13e9344757a4cf6861619a4984202395d1bb53028c22b,91a40e6e958f91dce2c1df2e39e0bcd1dfa416b7f020023621d2e6751c665eda,b430a58663bea1419fb24cce17992837399d3b870f85a3212a5df7044866d2c3,2026-08-09T11:57:36.828505+00:00
7585425820647277066,驼铃渡远，玉帛通衢：丝路胡商与汉唐社会的文化交流,45.0,2,internal_positive,A,生产基线,2,40,Alibaba,deepseek/deepseek-v4-flash,False,message.content,40,40,,,gen-1786276692-fDBKrPm5LiHPjJakDVk5,stop,8.060008198022842,1,ok,,7c0778e9aed733c00df13e9344757a4cf6861619a4984202395d1bb53028c22b,91a40e6e958f91dce2c1df2e39e0bcd1dfa416b7f020023621d2e6751c665eda,b430a58663bea1419fb24cce17992837399d3b870f85a3212a5df7044866d2c3,2026-08-09T11:58:19.266016+00:00
7585425820647277066,驼铃渡远，玉帛通衢：丝路胡商与汉唐社会的文化交流,45.0,2,internal_positive,A,生产基线,3,40,Alibaba,deepseek/deepseek-v4-flash,False,message.content,40,40,,,gen-1786276843-MpL5ItFAgIkkmsWnmVyG,stop,7.321937900036573,1,ok,,7c0778e9aed733c00df13e9344757a4cf6861619a4984202395d1bb53028c22b,91a40e6e958f91dce2c1df2e39e0bcd1dfa416b7f020023621d2e6751c665eda,b430a58663bea1419fb24cce17992837399d3b870f85a3212a5df7044866d2c3,2026-08-09T12:00:49.303900+00:00
7585425820647277066,驼铃渡远，玉帛通衢：丝路胡商与汉唐社会的文化交流,45.0,2,internal_positive,D,固定 provider + 关闭 reasoning,1,0,Alibaba,deepseek/deepseek-v4-flash,False,message.content,0,0,,,gen-1786276723-5rRs2Jav2Z2jLVs6h0Mf,stop,1.7034245990216732,1,ok,,7c0778e9aed733c00df13e9344757a4cf6861619a4984202395d1bb53028c22b,91a40e6e958f91dce2c1df2e39e0bcd1dfa416b7f020023621d2e6751c665eda,3cdc54971bfa2b9e8de73d30cc693ec1f7febc01702c416fe77d7cc43dc77b8e,2026-08-09T11:58:43.628906+00:00
7585425820647277066,驼铃渡远，玉帛通衢：丝路胡商与汉唐社会的文化交流,45.0,2,internal_positive,D,固定 provider + 关闭 reasoning,2,0,Alibaba,deepseek/deepseek-v4-flash,False,message.content,0,0,,,gen-1786276648-xZjvA3YTfJgJnKjgtqJm,stop,1.7745472006499767,1,ok,,7c0778e9aed733c00df13e9344757a4cf6861619a4984202395d1bb53028c22b,91a40e6e958f91dce2c1df2e39e0bcd1dfa416b7f020023621d2e6751c665eda,3cdc54971bfa2b9e8de73d30cc693ec1f7febc01702c416fe77d7cc43dc77b8e,2026-08-09T11:57:29.612070+00:00
7585425820647277066,驼铃渡远，玉帛通衢：丝路胡商与汉唐社会的文化交流,45.0,2,internal_positive,D,固定 provider + 关闭 reasoning,3,0,Alibaba,deepseek/deepseek-v4-flash,False,message.content,0,0,,,gen-1786276897-Rd09ngiSlkFvqZCM3dL6,stop,1.629380501806736,1,ok,,7c0778e9aed733c00df13e9344757a4cf6861619a4984202395d1bb53028c22b,91a40e6e958f91dce2c1df2e39e0bcd1dfa416b7f020023621d2e6751c665eda,3cdc54971bfa2b9e8de73d30cc693ec1f7febc01702c416fe77d7cc43dc77b8e,2026-08-09T12:01:38.119665+00:00
7586843339576574516,今日社评｜为最柔弱群体撑起法治保护伞,0.0,0,internal_positive,A,生产基线,1,5,Alibaba,deepseek/deepseek-v4-flash,False,message.content,5,5,,,gen-1786276747-0qUigmNfGS9xs2odnHJl,stop,4.848080899566412,1,ok,,6364a4635eef9a0cbdd8bb44a69498d320516898bc8da17bfa10ef4f65c202f3,2b8fcadd9f4f5c935994b995cbcaf3e9b6a635a2d85943b67aa7d983acc26212,c23c650d6fc06ee08adbf69476b374decc88f7df465079a76dfd8378c87ea4f3,2026-08-09T11:59:11.663438+00:00
7586843339576574516,今日社评｜为最柔弱群体撑起法治保护伞,0.0,0,internal_positive,A,生产基线,2,5,Alibaba,deepseek/deepseek-v4-flash,False,message.content,5,5,,,gen-1786276734-vMCwxe7XyyauMNouyGd3,stop,8.479750201106071,1,ok,,6364a4635eef9a0cbdd8bb44a69498d320516898bc8da17bfa10ef4f65c202f3,2b8fcadd9f4f5c935994b995cbcaf3e9b6a635a2d85943b67aa7d983acc26212,c23c650d6fc06ee08adbf69476b374decc88f7df465079a76dfd8378c87ea4f3,2026-08-09T11:59:01.582360+00:00
7586843339576574516,今日社评｜为最柔弱群体撑起法治保护伞,0.0,0,internal_positive,A,生产基线,3,5,Alibaba,deepseek/deepseek-v4-flash,False,message.content,5,5,,,gen-1786276645-dsWj4AfX438eko07Cuqv,stop,6.539969101548195,1,ok,,6364a4635eef9a0cbdd8bb44a69498d320516898bc8da17bfa10ef4f65c202f3,2b8fcadd9f4f5c935994b995cbcaf3e9b6a635a2d85943b67aa7d983acc26212,c23c650d6fc06ee08adbf69476b374decc88f7df465079a76dfd8378c87ea4f3,2026-08-09T11:57:30.977065+00:00
7586843339576574516,今日社评｜为最柔弱群体撑起法治保护伞,0.0,0,internal_positive,D,固定 provider + 关闭 reasoning,1,0,Alibaba,deepseek/deepseek-v4-flash,False,message.content,0,0,,,gen-1786276870-xXthoGzLC8P0fH6NUySD,stop,1.8427320010960102,1,ok,,6364a4635eef9a0cbdd8bb44a69498d320516898bc8da17bfa10ef4f65c202f3,2b8fcadd9f4f5c935994b995cbcaf3e9b6a635a2d85943b67aa7d983acc26212,6c001692bac528c05ac404cff4d88a69feaaf7b1d8b1015b5a4f5b5a0deb4703,2026-08-09T12:01:11.000741+00:00
7586843339576574516,今日社评｜为最柔弱群体撑起法治保护伞,0.0,0,internal_positive,D,固定 provider + 关闭 reasoning,2,0,Alibaba,deepseek/deepseek-v4-flash,False,message.content,0,0,,,gen-1786276913-HJINFbq7mcsl9FCDBQoa,stop,1.785699401050806,1,ok,,6364a4635eef9a0cbdd8bb44a69498d320516898bc8da17bfa10ef4f65c202f3,2b8fcadd9f4f5c935994b995cbcaf3e9b6a635a2d85943b67aa7d983acc26212,6c001692bac528c05ac404cff4d88a69feaaf7b1d8b1015b5a4f5b5a0deb4703,2026-08-09T12:01:53.904570+00:00
7586843339576574516,今日社评｜为最柔弱群体撑起法治保护伞,0.0,0,internal_positive,D,固定 provider + 关闭 reasoning,3,15,Alibaba,deepseek/deepseek-v4-flash,False,message.content,15,15,,,gen-1786276888-FQjEtcdVeM1WEMKgrtsG,stop,1.7352195009589195,1,ok,,6364a4635eef9a0cbdd8bb44a69498d320516898bc8da17bfa10ef4f65c202f3,2b8fcadd9f4f5c935994b995cbcaf3e9b6a635a2d85943b67aa7d983acc26212,6c001692bac528c05ac404cff4d88a69feaaf7b1d8b1015b5a4f5b5a0deb4703,2026-08-09T12:01:29.476020+00:00
7592141076941586978,固镇县王庄镇：德润童心扬新风 巧手迎新贺新年,20.0,1,external_positive,A,生产基线,1,5,Alibaba,deepseek/deepseek-v4-flash,False,message.content,5,5,,,gen-1786276703-a5P70Gm3b3Zem1mKSxUD,stop,3.2366315983235836,1,ok,,a12d9c33a03942c6e6274523db56edd1db2388ea58597009f04bcbde307ac0a4,49d441ce14fb56c685239a2f804719e3abdc1c9e9ecb990add2cdb18ced9be8c,a519b29b5c7c80ee0e6fce2760f01002fa2c5eac1453c9c5cdc8a1b15bce9bcd,2026-08-09T11:58:25.792217+00:00
7592141076941586978,固镇县王庄镇：德润童心扬新风 巧手迎新贺新年,20.0,1,external_positive,A,生产基线,2,0,Alibaba,deepseek/deepseek-v4-flash,False,message.content,0,0,,,gen-1786276889-Q0aW9HhOiyIJ1hGZwD53,stop,5.832515999674797,1,ok,,a12d9c33a03942c6e6274523db56edd1db2388ea58597009f04bcbde307ac0a4,49d441ce14fb56c685239a2f804719e3abdc1c9e9ecb990add2cdb18ced9be8c,a519b29b5c7c80ee0e6fce2760f01002fa2c5eac1453c9c5cdc8a1b15bce9bcd,2026-08-09T12:01:34.244484+00:00
7592141076941586978,固镇县王庄镇：德润童心扬新风 巧手迎新贺新年,20.0,1,external_positive,A,生产基线,3,5,Alibaba,deepseek/deepseek-v4-flash,False,message.content,5,5,,,gen-1786276726-yHtcPsO4lR1e0xetORiO,stop,3.93602279946208,1,ok,,a12d9c33a03942c6e6274523db56edd1db2388ea58597009f04bcbde307ac0a4,49d441ce14fb56c685239a2f804719e3abdc1c9e9ecb990add2cdb18ced9be8c,a519b29b5c7c80ee0e6fce2760f01002fa2c5eac1453c9c5cdc8a1b15bce9bcd,2026-08-09T11:58:49.265538+00:00
7592141076941586978,固镇县王庄镇：德润童心扬新风 巧手迎新贺新年,20.0,1,external_positive,D,固定 provider + 关闭 reasoning,1,15,Alibaba,deepseek/deepseek-v4-flash,False,message.content,15,15,,,gen-1786276836-HDr1eTD6zwSCiA8RNr2v,stop,1.929800096899271,1,ok,,a12d9c33a03942c6e6274523db56edd1db2388ea58597009f04bcbde307ac0a4,49d441ce14fb56c685239a2f804719e3abdc1c9e9ecb990add2cdb18ced9be8c,f9fc42c4948bcf8f9ef86ca5acbab3a2081cfc949691d5724f49dae93607fdf1,2026-08-09T12:00:37.302354+00:00
7592141076941586978,固镇县王庄镇：德润童心扬新风 巧手迎新贺新年,20.0,1,external_positive,D,固定 provider + 关闭 reasoning,2,15,Alibaba,deepseek/deepseek-v4-flash,False,message.content,15,15,,,gen-1786276859-2AXm8IT6MBnhJHCzu81D,stop,1.8324740007519722,1,ok,,a12d9c33a03942c6e6274523db56edd1db2388ea58597009f04bcbde307ac0a4,49d441ce14fb56c685239a2f804719e3abdc1c9e9ecb990add2cdb18ced9be8c,f9fc42c4948bcf8f9ef86ca5acbab3a2081cfc949691d5724f49dae93607fdf1,2026-08-09T12:01:00.516731+00:00
7592141076941586978,固镇县王庄镇：德润童心扬新风 巧手迎新贺新年,20.0,1,external_positive,D,固定 provider + 关闭 reasoning,3,15,Alibaba,deepseek/deepseek-v4-flash,False,message.content,15,15,,,gen-1786276743-F5kT2a2uNndlGVBeQkac,stop,2.0326824001967907,1,ok,,a12d9c33a03942c6e6274523db56edd1db2388ea58597009f04bcbde307ac0a4,49d441ce14fb56c685239a2f804719e3abdc1c9e9ecb990add2cdb18ced9be8c,f9fc42c4948bcf8f9ef86ca5acbab3a2081cfc949691d5724f49dae93607fdf1,2026-08-09T11:59:04.022111+00:00
7592880721757307392,遵义职院学子付玉锋：从校园到乡村 奔赴一场“反哺”之约,45.0,2,external_positive,A,生产基线,1,12,Alibaba,deepseek/deepseek-v4-flash,False,message.content,12,12,,,gen-1786276733-MdtDACmLaLPsazAz2p4k,stop,4.0512947998940945,1,ok,,a0e23ee0afd845112367dbe960647bfdbff9e6a46f3d64e4bde17f34fdd556b9,dc0f8f18ee51fd44e1ce656a4182dfa1ed1b9422856fd7451ae219fd2c69268c,a75a0a6118129d04ccbd13d36bff2b473e843c74952fcab7d16dbd1991688d46,2026-08-09T11:58:56.147065+00:00
7592880721757307392,遵义职院学子付玉锋：从校园到乡村 奔赴一场“反哺”之约,45.0,2,external_positive,A,生产基线,2,10,Alibaba,deepseek/deepseek-v4-flash,False,message.content,10,10,,,gen-1786276846-4xNDSoXjBveOQ7e3tNzE,stop,7.312023900449276,1,ok,,a0e23ee0afd845112367dbe960647bfdbff9e6a46f3d64e4bde17f34fdd556b9,dc0f8f18ee51fd44e1ce656a4182dfa1ed1b9422856fd7451ae219fd2c69268c,a75a0a6118129d04ccbd13d36bff2b473e843c74952fcab7d16dbd1991688d46,2026-08-09T12:00:52.378520+00:00
7592880721757307392,遵义职院学子付玉锋：从校园到乡村 奔赴一场“反哺”之约,45.0,2,external_positive,A,生产基线,3,15,Alibaba,deepseek/deepseek-v4-flash,False,message.content,15,15,,,gen-1786276646-JAQl0PAzKYBjrkBvx411,stop,12.273015301674604,1,ok,,a0e23ee0afd845112367dbe960647bfdbff9e6a46f3d64e4bde17f34fdd556b9,dc0f8f18ee51fd44e1ce656a4182dfa1ed1b9422856fd7451ae219fd2c69268c,a75a0a6118129d04ccbd13d36bff2b473e843c74952fcab7d16dbd1991688d46,2026-08-09T11:57:37.389246+00:00
7592880721757307392,遵义职院学子付玉锋：从校园到乡村 奔赴一场“反哺”之约,45.0,2,external_positive,D,固定 provider + 关闭 reasoning,1,75,Alibaba,deepseek/deepseek-v4-flash,False,message.content,75,75,,,gen-1786276725-e3cf63H7HkNJHL3QmaCN,stop,2.0580227971076965,1,ok,,a0e23ee0afd845112367dbe960647bfdbff9e6a46f3d64e4bde17f34fdd556b9,dc0f8f18ee51fd44e1ce656a4182dfa1ed1b9422856fd7451ae219fd2c69268c,4fde7252cca3c2b85b4877b115ebb0fd020fd8870507af34f411591f9fe838c3,2026-08-09T11:58:45.688283+00:00
7592880721757307392,遵义职院学子付玉锋：从校园到乡村 奔赴一场“反哺”之约,45.0,2,external_positive,D,固定 provider + 关闭 reasoning,2,75,Alibaba,deepseek/deepseek-v4-flash,False,message.content,75,75,,,gen-1786276641-u9BiqIBaz6Bndgb8Toeo,stop,2.60353310033679,1,ok,,a0e23ee0afd845112367dbe960647bfdbff9e6a46f3d64e4bde17f34fdd556b9,dc0f8f18ee51fd44e1ce656a4182dfa1ed1b9422856fd7451ae219fd2c69268c,4fde7252cca3c2b85b4877b115ebb0fd020fd8870507af34f411591f9fe838c3,2026-08-09T11:57:22.319097+00:00
7592880721757307392,遵义职院学子付玉锋：从校园到乡村 奔赴一场“反哺”之约,45.0,2,external_positive,D,固定 provider + 关闭 reasoning,3,75,Alibaba,deepseek/deepseek-v4-flash,False,message.content,75,75,,,gen-1786276720-2ndqbIVtkliFdw6trKKi,stop,1.6797198988497257,1,ok,,a0e23ee0afd845112367dbe960647bfdbff9e6a46f3d64e4bde17f34fdd556b9,dc0f8f18ee51fd44e1ce656a4182dfa1ed1b9422856fd7451ae219fd2c69268c,4fde7252cca3c2b85b4877b115ebb0fd020fd8870507af34f411591f9fe838c3,2026-08-09T11:58:40.841038+00:00
7593269862270403108,人形机器人、社交模拟器等点亮AI场景创新,30.0,1,internal_positive,A,生产基线,1,5,SiliconFlow,deepseek/deepseek-v4-flash,False,message.content,5,5,,,gen-1786276479-LZi4xBxZ4eLEYMFM7tFb,stop,18.258574798703194,1,ok,,fd73352cb39d89f80e9394526c33bbd264bfd90ec5f682f27d00481a11f39dba,7ea37be75b9142e330c14a1957971c7ea0ed3987484f222dc9c82fc1a30e518e,3d3ecf9095e876a807c8066c1063d57331b6ebddd405fc29e42f34e3f29eddcf,2026-08-09T11:54:55.840737+00:00
7593269862270403108,人形机器人、社交模拟器等点亮AI场景创新,30.0,1,internal_positive,A,生产基线,2,5,Alibaba,deepseek/deepseek-v4-flash,False,message.content,5,5,,,gen-1786276549-EILU2kNrrUPKQsfZESfa,stop,4.484912499785423,1,ok,,fd73352cb39d89f80e9394526c33bbd264bfd90ec5f682f27d00481a11f39dba,7ea37be75b9142e330c14a1957971c7ea0ed3987484f222dc9c82fc1a30e518e,3d3ecf9095e876a807c8066c1063d57331b6ebddd405fc29e42f34e3f29eddcf,2026-08-09T11:55:53.189533+00:00
7593269862270403108,人形机器人、社交模拟器等点亮AI场景创新,30.0,1,internal_positive,A,生产基线,3,0,Alibaba,deepseek/deepseek-v4-flash,False,message.content,0,0,,,gen-1786276491-B7allsk89l2JcpUKqGwW,stop,5.421915199607611,1,ok,,fd73352cb39d89f80e9394526c33bbd264bfd90ec5f682f27d00481a11f39dba,7ea37be75b9142e330c14a1957971c7ea0ed3987484f222dc9c82fc1a30e518e,3d3ecf9095e876a807c8066c1063d57331b6ebddd405fc29e42f34e3f29eddcf,2026-08-09T11:54:55.784633+00:00
7593269862270403108,人形机器人、社交模拟器等点亮AI场景创新,30.0,1,internal_positive,D,固定 provider + 关闭 reasoning,1,15,Alibaba,deepseek/deepseek-v4-flash,False,message.content,15,15,,,gen-1786276500-e2foA20MwAyXYMNYtvuW,stop,1.8701799996197224,1,ok,,fd73352cb39d89f80e9394526c33bbd264bfd90ec5f682f27d00481a11f39dba,7ea37be75b9142e330c14a1957971c7ea0ed3987484f222dc9c82fc1a30e518e,021608de4f2717ab1eb3ce06a52dab99fdd9aacdc911cc6a3818c2ed7ea489d9,2026-08-09T11:55:00.884723+00:00
7593269862270403108,人形机器人、社交模拟器等点亮AI场景创新,30.0,1,internal_positive,D,固定 provider + 关闭 reasoning,2,0,Alibaba,deepseek/deepseek-v4-flash,False,message.content,0,0,,,gen-1786276505-PJTyXp3f3HbIegkMVGi1,stop,1.9452165998518467,1,ok,,fd73352cb39d89f80e9394526c33bbd264bfd90ec5f682f27d00481a11f39dba,7ea37be75b9142e330c14a1957971c7ea0ed3987484f222dc9c82fc1a30e518e,021608de4f2717ab1eb3ce06a52dab99fdd9aacdc911cc6a3818c2ed7ea489d9,2026-08-09T11:55:06.595578+00:00
7593269862270403108,人形机器人、社交模拟器等点亮AI场景创新,30.0,1,internal_positive,D,固定 provider + 关闭 reasoning,3,0,Alibaba,deepseek/deepseek-v4-flash,False,message.content,0,0,,,gen-1786276489-UaGZd91quyXfKKZ4imeX,stop,1.8208288997411728,1,ok,,fd73352cb39d89f80e9394526c33bbd264bfd90ec5f682f27d00481a11f39dba,7ea37be75b9142e330c14a1957971c7ea0ed3987484f222dc9c82fc1a30e518e,021608de4f2717ab1eb3ce06a52dab99fdd9aacdc911cc6a3818c2ed7ea489d9,2026-08-09T11:54:50.361222+00:00
7595907037662396970,罗昭强国家级技能大师工作室落户浙江交通技师学院,75.0,3,external_positive,A,生产基线,1,45,Alibaba,deepseek/deepseek-v4-flash,False,message.content,45,45,,,gen-1786276876-aVFtjphj1sfHEc1NHehr,stop,6.317126199603081,1,ok,,78e2d10bffc6cd6f25b2e298fd25d8bac9b23309a53424b1f0c16aed5a6d4741,72a09aa9dcdb4e131c60850adb7c4f1be168bf77eab21bdfaadffe003ba56b07,9a3419392bec0899ee864f55d5bd358a6343597a9426c43e8b1d132b5428696f,2026-08-09T12:01:21.082977+00:00
7595907037662396970,罗昭强国家级技能大师工作室落户浙江交通技师学院,75.0,3,external_positive,A,生产基线,2,45,Mancer 2,deepseek/deepseek-v4-flash,False,message.content,45,45,,,gen-1786276791-q6tIDSxj8UwdLSD2kdjM,stop,53.506865598261356,1,ok,,78e2d10bffc6cd6f25b2e298fd25d8bac9b23309a53424b1f0c16aed5a6d4741,72a09aa9dcdb4e131c60850adb7c4f1be168bf77eab21bdfaadffe003ba56b07,9a3419392bec0899ee864f55d5bd358a6343597a9426c43e8b1d132b5428696f,2026-08-09T12:00:43.860250+00:00
7595907037662396970,罗昭强国家级技能大师工作室落户浙江交通技师学院,75.0,3,external_positive,A,生产基线,3,45,Alibaba,deepseek/deepseek-v4-flash,False,message.content,45,45,,,gen-1786276866-lqiVjDAZHwMlPFOndRFx,stop,3.834546897560358,1,ok,,78e2d10bffc6cd6f25b2e298fd25d8bac9b23309a53424b1f0c16aed5a6d4741,72a09aa9dcdb4e131c60850adb7c4f1be168bf77eab21bdfaadffe003ba56b07,9a3419392bec0899ee864f55d5bd358a6343597a9426c43e8b1d132b5428696f,2026-08-09T12:01:09.156716+00:00
7595907037662396970,罗昭强国家级技能大师工作室落户浙江交通技师学院,75.0,3,external_positive,D,固定 provider + 关闭 reasoning,1,15,Alibaba,deepseek/deepseek-v4-flash,False,message.content,15,15,,,gen-1786276892-eul3SZEwBQX1aNPmQ6rD,stop,1.9561446011066437,1,ok,,78e2d10bffc6cd6f25b2e298fd25d8bac9b23309a53424b1f0c16aed5a6d4741,72a09aa9dcdb4e131c60850adb7c4f1be168bf77eab21bdfaadffe003ba56b07,9279d518e4db34b881303a100f44e1168dc18679c31d0ba3335ba33d02c20430,2026-08-09T12:01:33.281384+00:00
7595907037662396970,罗昭强国家级技能大师工作室落户浙江交通技师学院,75.0,3,external_positive,D,固定 provider + 关闭 reasoning,2,15,Alibaba,deepseek/deepseek-v4-flash,False,message.content,15,15,,,gen-1786276741-wGokB5UIZlTjYE7YlK3i,stop,1.9258918017148972,1,ok,,78e2d10bffc6cd6f25b2e298fd25d8bac9b23309a53424b1f0c16aed5a6d4741,72a09aa9dcdb4e131c60850adb7c4f1be168bf77eab21bdfaadffe003ba56b07,9279d518e4db34b881303a100f44e1168dc18679c31d0ba3335ba33d02c20430,2026-08-09T11:59:01.852064+00:00
7595907037662396970,罗昭强国家级技能大师工作室落户浙江交通技师学院,75.0,3,external_positive,D,固定 provider + 关闭 reasoning,3,15,Alibaba,deepseek/deepseek-v4-flash,False,message.content,15,15,,,gen-1786276917-2Kq8teEkI58jZanxtTSQ,stop,2.0930512994527817,1,ok,,78e2d10bffc6cd6f25b2e298fd25d8bac9b23309a53424b1f0c16aed5a6d4741,72a09aa9dcdb4e131c60850adb7c4f1be168bf77eab21bdfaadffe003ba56b07,9279d518e4db34b881303a100f44e1168dc18679c31d0ba3335ba33d02c20430,2026-08-09T12:01:58.507225+00:00
7595926911126176266,2026埃及“欢乐春节”系列活动拉开序幕,20.0,1,external_positive,A,生产基线,1,0,Alibaba,deepseek/deepseek-v4-flash,False,message.content,0,0,,,gen-1786276730-u5kdXuzkTuK0jTLWbx6H,stop,3.548564400523901,1,ok,,78eafbb915bba264ab707537708cd8345570ea41b4534dfb75815839d8578f0d,e022150cf026e6b202a512f581c9f2b58ae41c334700c2a27c1a8b3be99f56a8,ee6ff1b8278b74dc606e6f8ade80b015e98e856042fd48b939970acb53dc49f8,2026-08-09T11:58:52.815512+00:00
7595926911126176266,2026埃及“欢乐春节”系列活动拉开序幕,20.0,1,external_positive,A,生产基线,2,0,Alibaba,deepseek/deepseek-v4-flash,False,message.content,0,0,,,gen-1786276677-66d5lmveTESLxmOXhT6q,stop,3.579630099236965,1,ok,,78eafbb915bba264ab707537708cd8345570ea41b4534dfb75815839d8578f0d,e022150cf026e6b202a512f581c9f2b58ae41c334700c2a27c1a8b3be99f56a8,ee6ff1b8278b74dc606e6f8ade80b015e98e856042fd48b939970acb53dc49f8,2026-08-09T11:58:00.227251+00:00
7595926911126176266,2026埃及“欢乐春节”系列活动拉开序幕,20.0,1,external_positive,A,生产基线,3,0,Alibaba,deepseek/deepseek-v4-flash,False,message.content,0,0,,,gen-1786276683-KzWOABn4VX1NtsTw9cdX,stop,3.029168799519539,1,ok,,78eafbb915bba264ab707537708cd8345570ea41b4534dfb75815839d8578f0d,e022150cf026e6b202a512f581c9f2b58ae41c334700c2a27c1a8b3be99f56a8,ee6ff1b8278b74dc606e6f8ade80b015e98e856042fd48b939970acb53dc49f8,2026-08-09T11:58:05.706927+00:00
7595926911126176266,2026埃及“欢乐春节”系列活动拉开序幕,20.0,1,external_positive,D,固定 provider + 关闭 reasoning,1,0,Alibaba,deepseek/deepseek-v4-flash,False,message.content,0,0,,,gen-1786276690-Sfbpw8rikjFaz4VLgAuc,stop,1.630708497017622,1,ok,,78eafbb915bba264ab707537708cd8345570ea41b4534dfb75815839d8578f0d,e022150cf026e6b202a512f581c9f2b58ae41c334700c2a27c1a8b3be99f56a8,5388c3550ee3094fcdc31fd3c3a6b644fa80553e97795bb8696ce9e5bb205d20,2026-08-09T11:58:10.664020+00:00
7595926911126176266,2026埃及“欢乐春节”系列活动拉开序幕,20.0,1,external_positive,D,固定 provider + 关闭 reasoning,2,0,Alibaba,deepseek/deepseek-v4-flash,False,message.content,0,0,,,gen-1786276735-2inoC9qX3rwoH7xAI3yY,stop,1.720635998994112,1,ok,,78eafbb915bba264ab707537708cd8345570ea41b4534dfb75815839d8578f0d,e022150cf026e6b202a512f581c9f2b58ae41c334700c2a27c1a8b3be99f56a8,5388c3550ee3094fcdc31fd3c3a6b644fa80553e97795bb8696ce9e5bb205d20,2026-08-09T11:58:56.040623+00:00
7595926911126176266,2026埃及“欢乐春节”系列活动拉开序幕,20.0,1,external_positive,D,固定 provider + 关闭 reasoning,3,0,Alibaba,deepseek/deepseek-v4-flash,False,message.content,0,0,,,gen-1786276841-TMxkmapGqEoGifrADfFK,stop,1.9125900007784367,1,ok,,78eafbb915bba264ab707537708cd8345570ea41b4534dfb75815839d8578f0d,e022150cf026e6b202a512f581c9f2b58ae41c334700c2a27c1a8b3be99f56a8,5388c3550ee3094fcdc31fd3c3a6b644fa80553e97795bb8696ce9e5bb205d20,2026-08-09T12:00:41.980615+00:00
7596911804001813007,芜湖市中学生“职业体验日”活动在芜湖高级职业技术学校圆满落幕,80.0,4,external_positive,A,生产基线,1,55,Alibaba,deepseek/deepseek-v4-flash,False,message.content,55,55,,,gen-1786276524-ktU8WZtp6A4Aur5mtJ67,stop,10.034568097442389,1,ok,,c134d961ddaa5b50601f35e5e78182617746a54924e4b4e59087df01e099d462,1b2a8374f55ad3acb6435ec181d36bc88c5e77a6e6d7aa52e3f03f888170b634,e071c608177994aa233366711911d811f461a2f65eac57bbd19438f5f9142308,2026-08-09T11:55:33.064780+00:00
7596911804001813007,芜湖市中学生“职业体验日”活动在芜湖高级职业技术学校圆满落幕,80.0,4,external_positive,A,生产基线,2,55,Alibaba,deepseek/deepseek-v4-flash,False,message.content,55,55,,,gen-1786276505-8fzhwdninbr07LXgTlkQ,stop,5.5096100978553295,1,ok,,c134d961ddaa5b50601f35e5e78182617746a54924e4b4e59087df01e099d462,1b2a8374f55ad3acb6435ec181d36bc88c5e77a6e6d7aa52e3f03f888170b634,e071c608177994aa233366711911d811f461a2f65eac57bbd19438f5f9142308,2026-08-09T11:55:10.057539+00:00
7596911804001813007,芜湖市中学生“职业体验日”活动在芜湖高级职业技术学校圆满落幕,80.0,4,external_positive,A,生产基线,3,50,Alibaba,deepseek/deepseek-v4-flash,False,message.content,50,50,,,gen-1786276536-XIYW9vKwi9u5ZnY7n6KL,stop,8.318917497992516,1,ok,,c134d961ddaa5b50601f35e5e78182617746a54924e4b4e59087df01e099d462,1b2a8374f55ad3acb6435ec181d36bc88c5e77a6e6d7aa52e3f03f888170b634,e071c608177994aa233366711911d811f461a2f65eac57bbd19438f5f9142308,2026-08-09T11:55:43.486025+00:00
7596911804001813007,芜湖市中学生“职业体验日”活动在芜湖高级职业技术学校圆满落幕,80.0,4,external_positive,D,固定 provider + 关闭 reasoning,1,75,Alibaba,deepseek/deepseek-v4-flash,False,message.content,75,75,,,gen-1786276517-jW9E5PyNvYoS2Oa45jnA,stop,2.203432198613882,1,ok,,c134d961ddaa5b50601f35e5e78182617746a54924e4b4e59087df01e099d462,1b2a8374f55ad3acb6435ec181d36bc88c5e77a6e6d7aa52e3f03f888170b634,e8c5aeb1484bb3d3d86220b5481f25dda490cc92a22d4d3a861d230f02cc7ca7,2026-08-09T11:55:18.167005+00:00
7596911804001813007,芜湖市中学生“职业体验日”活动在芜湖高级职业技术学校圆满落幕,80.0,4,external_positive,D,固定 provider + 关闭 reasoning,2,75,Alibaba,deepseek/deepseek-v4-flash,False,message.content,75,75,,,gen-1786276550-hmYmJz7EmgT5xmOf2Sfv,stop,1.597426600754261,1,ok,,c134d961ddaa5b50601f35e5e78182617746a54924e4b4e59087df01e099d462,1b2a8374f55ad3acb6435ec181d36bc88c5e77a6e6d7aa52e3f03f888170b634,e8c5aeb1484bb3d3d86220b5481f25dda490cc92a22d4d3a861d230f02cc7ca7,2026-08-09T11:55:50.916374+00:00
7596911804001813007,芜湖市中学生“职业体验日”活动在芜湖高级职业技术学校圆满落幕,80.0,4,external_positive,D,固定 provider + 关闭 reasoning,3,75,Alibaba,deepseek/deepseek-v4-flash,False,message.content,75,75,,,gen-1786276505-uGCnP2ph7g6vCGZHoZqz,stop,2.253558199852705,1,ok,,c134d961ddaa5b50601f35e5e78182617746a54924e4b4e59087df01e099d462,1b2a8374f55ad3acb6435ec181d36bc88c5e77a6e6d7aa52e3f03f888170b634,e8c5aeb1484bb3d3d86220b5481f25dda490cc92a22d4d3a861d230f02cc7ca7,2026-08-09T11:55:06.938637+00:00
7599799731375620662,努力寻找药物合成的最优解（弘扬科学家精神）,40.0,2,external_positive,A,生产基线,1,5,Alibaba,deepseek/deepseek-v4-flash,False,message.content,5,5,,,gen-1786276841-RMwu5YJNP4a90xrrd984,stop,3.7988324984908104,1,ok,,369019ed90d0aaea85a10cfaa81dd8234da9d0716f97c3b760a0fb012036d1e1,f72c47fadaca435d2a0d7d0ec3498028febe81d6594d9061b389aca6f098a29c,4ef7f802523b7bf34b89c0684c13382249dcabc874fc81111dc4b24ebc4795c2,2026-08-09T12:00:43.951011+00:00
7599799731375620662,努力寻找药物合成的最优解（弘扬科学家精神）,40.0,2,external_positive,A,生产基线,2,5,Alibaba,deepseek/deepseek-v4-flash,False,message.content,5,5,,,gen-1786276741-dj4OU0oygwz1zUPXD6uw,stop,4.6261848993599415,1,ok,,369019ed90d0aaea85a10cfaa81dd8234da9d0716f97c3b760a0fb012036d1e1,f72c47fadaca435d2a0d7d0ec3498028febe81d6594d9061b389aca6f098a29c,4ef7f802523b7bf34b89c0684c13382249dcabc874fc81111dc4b24ebc4795c2,2026-08-09T11:59:05.100242+00:00
7599799731375620662,努力寻找药物合成的最优解（弘扬科学家精神）,40.0,2,external_positive,A,生产基线,3,5,Alibaba,deepseek/deepseek-v4-flash,False,message.content,5,5,,,gen-1786276790-hrPPm0PxVS5SViBZhtmT,stop,3.637217402458191,1,ok,,369019ed90d0aaea85a10cfaa81dd8234da9d0716f97c3b760a0fb012036d1e1,f72c47fadaca435d2a0d7d0ec3498028febe81d6594d9061b389aca6f098a29c,4ef7f802523b7bf34b89c0684c13382249dcabc874fc81111dc4b24ebc4795c2,2026-08-09T11:59:53.202736+00:00
7599799731375620662,努力寻找药物合成的最优解（弘扬科学家精神）,40.0,2,external_positive,D,固定 provider + 关闭 reasoning,1,0,Alibaba,deepseek/deepseek-v4-flash,False,message.content,0,0,,,gen-1786276711-rbGCQcf6QDGD3EZkO9RC,stop,1.9182361997663975,1,ok,,369019ed90d0aaea85a10cfaa81dd8234da9d0716f97c3b760a0fb012036d1e1,f72c47fadaca435d2a0d7d0ec3498028febe81d6594d9061b389aca6f098a29c,f673f392393172554305d77d1017f56730f70984aa7a061fdd0d50727394c335,2026-08-09T11:58:32.672771+00:00
7599799731375620662,努力寻找药物合成的最优解（弘扬科学家精神）,40.0,2,external_positive,D,固定 provider + 关闭 reasoning,2,75,Alibaba,deepseek/deepseek-v4-flash,False,message.content,75,75,,,gen-1786276917-8M0P1Hq5BOkTa1wuzEOT,stop,1.916380699723959,1,ok,,369019ed90d0aaea85a10cfaa81dd8234da9d0716f97c3b760a0fb012036d1e1,f72c47fadaca435d2a0d7d0ec3498028febe81d6594d9061b389aca6f098a29c,f673f392393172554305d77d1017f56730f70984aa7a061fdd0d50727394c335,2026-08-09T12:01:58.106200+00:00
7599799731375620662,努力寻找药物合成的最优解（弘扬科学家精神）,40.0,2,external_positive,D,固定 provider + 关闭 reasoning,3,15,Alibaba,deepseek/deepseek-v4-flash,False,message.content,15,15,,,gen-1786276905-vJvcUUPfrmmrsTAcIuda,stop,2.087262500077486,1,ok,,369019ed90d0aaea85a10cfaa81dd8234da9d0716f97c3b760a0fb012036d1e1,f72c47fadaca435d2a0d7d0ec3498028febe81d6594d9061b389aca6f098a29c,f673f392393172554305d77d1017f56730f70984aa7a061fdd0d50727394c335,2026-08-09T12:01:46.408840+00:00
7599950303965757986,黄石市启动2026年农村教师学历提升培训，助力课堂提质与专业成长,85.0,4,external_positive,A,生产基线,1,45,Alibaba,deepseek/deepseek-v4-flash,False,message.content,45,45,,,gen-1786276758-HDitiYR3UWahFXnQVqCE,stop,7.695519998669624,1,ok,,6c6c33f02f49e55e87caaba6e7d431ded17c4c89697810811a598f51224e58fb,39de35a0c0885d81d8d152beb087205fa1e6e0afc7e003815458f2794f0f802c,256baff35ff5455164c52e1bfe96df980cee84f61f42b339854bbe24f84a9d9e,2026-08-09T11:59:24.934408+00:00
7599950303965757986,黄石市启动2026年农村教师学历提升培训，助力课堂提质与专业成长,85.0,4,external_positive,A,生产基线,2,40,Alibaba,deepseek/deepseek-v4-flash,False,message.content,40,40,,,gen-1786276917-SDhBPeugwwmagcJdPpwV,stop,8.699128400534391,1,ok,,6c6c33f02f49e55e87caaba6e7d431ded17c4c89697810811a598f51224e58fb,39de35a0c0885d81d8d152beb087205fa1e6e0afc7e003815458f2794f0f802c,256baff35ff5455164c52e1bfe96df980cee84f61f42b339854bbe24f84a9d9e,2026-08-09T12:02:04.989343+00:00
7599950303965757986,黄石市启动2026年农村教师学历提升培训，助力课堂提质与专业成长,85.0,4,external_positive,A,生产基线,3,45,Alibaba,deepseek/deepseek-v4-flash,False,message.content,45,45,,,gen-1786276661-C0PPF1FapFAh2nNF8m5v,stop,3.8069425001740456,1,ok,,6c6c33f02f49e55e87caaba6e7d431ded17c4c89697810811a598f51224e58fb,39de35a0c0885d81d8d152beb087205fa1e6e0afc7e003815458f2794f0f802c,256baff35ff5455164c52e1bfe96df980cee84f61f42b339854bbe24f84a9d9e,2026-08-09T11:57:44.346479+00:00
7599950303965757986,黄石市启动2026年农村教师学历提升培训，助力课堂提质与专业成长,85.0,4,external_positive,D,固定 provider + 关闭 reasoning,1,75,Alibaba,deepseek/deepseek-v4-flash,False,message.content,75,75,,,gen-1786276753-ecuPqIy9NZlwWxa7HKbm,stop,2.112381000071764,1,ok,,6c6c33f02f49e55e87caaba6e7d431ded17c4c89697810811a598f51224e58fb,39de35a0c0885d81d8d152beb087205fa1e6e0afc7e003815458f2794f0f802c,0b2bb79e38e3602286a3bf0630fc8443d9f4ba474afd8885ff37da4ba688c7a2,2026-08-09T11:59:13.710411+00:00
7599950303965757986,黄石市启动2026年农村教师学历提升培训，助力课堂提质与专业成长,85.0,4,external_positive,D,固定 provider + 关闭 reasoning,2,75,Alibaba,deepseek/deepseek-v4-flash,False,message.content,75,75,,,gen-1786276890-LaNNLUYQ6BMLXNez2tcz,stop,1.846535298973322,1,ok,,6c6c33f02f49e55e87caaba6e7d431ded17c4c89697810811a598f51224e58fb,39de35a0c0885d81d8d152beb087205fa1e6e0afc7e003815458f2794f0f802c,0b2bb79e38e3602286a3bf0630fc8443d9f4ba474afd8885ff37da4ba688c7a2,2026-08-09T12:01:31.323883+00:00
7599950303965757986,黄石市启动2026年农村教师学历提升培训，助力课堂提质与专业成长,85.0,4,external_positive,D,固定 provider + 关闭 reasoning,3,75,Alibaba,deepseek/deepseek-v4-flash,False,message.content,75,75,,,gen-1786276779-jGVhk1b8Jubh0T5mK7Zo,stop,1.659273900091648,1,ok,,6c6c33f02f49e55e87caaba6e7d431ded17c4c89697810811a598f51224e58fb,39de35a0c0885d81d8d152beb087205fa1e6e0afc7e003815458f2794f0f802c,0b2bb79e38e3602286a3bf0630fc8443d9f4ba474afd8885ff37da4ba688c7a2,2026-08-09T11:59:40.253413+00:00
7601147099282932267,“加速包”能提升抢票成功率？许愿就能候补成功？官方公布涉铁路十大谣言,0.0,0,internal_positive,A,生产基线,1,0,Alibaba,deepseek/deepseek-v4-flash,False,message.content,0,0,,,gen-1786276722-XuMEpF4XmthkXS7Z5yqN,stop,3.6657811999320984,1,ok,,31f2107f298326eff23cb7090854462db5696ca69c94de0d8cb48b937daf4796,ceed61c486f12ebccc67edeb9df3c6c23240120799337b468bb352f1ddd34cf8,9a5e2c5a82dc8c858ec1e6d7d9c7aa1f071b01b1da6373c47a281464d268d1c6,2026-08-09T11:58:45.328118+00:00
7601147099282932267,“加速包”能提升抢票成功率？许愿就能候补成功？官方公布涉铁路十大谣言,0.0,0,internal_positive,A,生产基线,2,0,Alibaba,deepseek/deepseek-v4-flash,False,message.content,0,0,,,gen-1786276841-O6IJtvVHXrQknj0qZAbV,stop,4.484518699347973,1,ok,,31f2107f298326eff23cb7090854462db5696ca69c94de0d8cb48b937daf4796,ceed61c486f12ebccc67edeb9df3c6c23240120799337b468bb352f1ddd34cf8,9a5e2c5a82dc8c858ec1e6d7d9c7aa1f071b01b1da6373c47a281464d268d1c6,2026-08-09T12:00:45.065074+00:00
7601147099282932267,“加速包”能提升抢票成功率？许愿就能候补成功？官方公布涉铁路十大谣言,0.0,0,internal_positive,A,生产基线,3,0,Alibaba,deepseek/deepseek-v4-flash,False,message.content,0,0,,,gen-1786276853-AUis1jxUORYcrj4et0nH,stop,4.294147901237011,1,ok,,31f2107f298326eff23cb7090854462db5696ca69c94de0d8cb48b937daf4796,ceed61c486f12ebccc67edeb9df3c6c23240120799337b468bb352f1ddd34cf8,9a5e2c5a82dc8c858ec1e6d7d9c7aa1f071b01b1da6373c47a281464d268d1c6,2026-08-09T12:00:57.028206+00:00
7601147099282932267,“加速包”能提升抢票成功率？许愿就能候补成功？官方公布涉铁路十大谣言,0.0,0,internal_positive,D,固定 provider + 关闭 reasoning,1,0,Alibaba,deepseek/deepseek-v4-flash,False,message.content,0,0,,,gen-1786276643-3i8jpcjnRZ5KO2xD20EY,stop,2.2058249972760677,1,ok,,31f2107f298326eff23cb7090854462db5696ca69c94de0d8cb48b937daf4796,ceed61c486f12ebccc67edeb9df3c6c23240120799337b468bb352f1ddd34cf8,3cba8d97747c2261e45d5ad973a453cd8a8936ecc58a1c1b15e5ca364c82e198,2026-08-09T11:57:24.538306+00:00
7601147099282932267,“加速包”能提升抢票成功率？许愿就能候补成功？官方公布涉铁路十大谣言,0.0,0,internal_positive,D,固定 provider + 关闭 reasoning,2,0,Alibaba,deepseek/deepseek-v4-flash,False,message.content,0,0,,,gen-1786276710-cuWwnKhuEZTJbQ2SrdVw,stop,1.8159068003296852,1,ok,,31f2107f298326eff23cb7090854462db5696ca69c94de0d8cb48b937daf4796,ceed61c486f12ebccc67edeb9df3c6c23240120799337b468bb352f1ddd34cf8,3cba8d97747c2261e45d5ad973a453cd8a8936ecc58a1c1b15e5ca364c82e198,2026-08-09T11:58:31.197773+00:00
7601147099282932267,“加速包”能提升抢票成功率？许愿就能候补成功？官方公布涉铁路十大谣言,0.0,0,internal_positive,D,固定 provider + 关闭 reasoning,3,0,Alibaba,deepseek/deepseek-v4-flash,False,message.content,0,0,,,gen-1786276750-PAs4iceRsCo69HGuWF1x,stop,1.8059130981564522,1,ok,,31f2107f298326eff23cb7090854462db5696ca69c94de0d8cb48b937daf4796,ceed61c486f12ebccc67edeb9df3c6c23240120799337b468bb352f1ddd34cf8,3cba8d97747c2261e45d5ad973a453cd8a8936ecc58a1c1b15e5ca364c82e198,2026-08-09T11:59:11.359901+00:00
7604855773629334016,学者预测今年中俄关系有五大看点值得关注,60.0,3,internal_positive,A,生产基线,1,20,Alibaba,deepseek/deepseek-v4-flash,False,message.content,20,20,,,gen-1786276506-Ik5mRQWImCizm8gTsg0Y,stop,18.220209900289774,1,ok,,4753e1cd8b4ae942719dc1d841452c14a533d249950f42327321484e23c5e240,2d3e396ead1ef0bda4738e9d611a5a85a1d05beebe665004243648494a47e93d,97aa4cbdf825623aca2bc980bc2a3a625a07bb1d1567707813ddacf8904c4c67,2026-08-09T11:55:23.349708+00:00
7604855773629334016,学者预测今年中俄关系有五大看点值得关注,60.0,3,internal_positive,A,生产基线,2,0,Alibaba,deepseek/deepseek-v4-flash,False,message.content,0,0,,,gen-1786276493-WMt12iCpNp5saSaeOZfD,stop,5.061927899718285,1,ok,,4753e1cd8b4ae942719dc1d841452c14a533d249950f42327321484e23c5e240,2d3e396ead1ef0bda4738e9d611a5a85a1d05beebe665004243648494a47e93d,97aa4cbdf825623aca2bc980bc2a3a625a07bb1d1567707813ddacf8904c4c67,2026-08-09T11:54:57.198800+00:00
7604855773629334016,学者预测今年中俄关系有五大看点值得关注,60.0,3,internal_positive,A,生产基线,3,5,Baidu,deepseek/deepseek-v4-flash,False,message.content,5,5,,,gen-1786276509-IzpnxUXlPmS4WHaGEazX,stop,39.157120399177074,1,ok,,4753e1cd8b4ae942719dc1d841452c14a533d249950f42327321484e23c5e240,2d3e396ead1ef0bda4738e9d611a5a85a1d05beebe665004243648494a47e93d,97aa4cbdf825623aca2bc980bc2a3a625a07bb1d1567707813ddacf8904c4c67,2026-08-09T11:55:47.453211+00:00
7604855773629334016,学者预测今年中俄关系有五大看点值得关注,60.0,3,internal_positive,D,固定 provider + 关闭 reasoning,1,15,Alibaba,deepseek/deepseek-v4-flash,False,message.content,15,15,,,gen-1786276548-FTokjX1D3bUxLSIe0ZAW,stop,1.6530547998845577,1,ok,,4753e1cd8b4ae942719dc1d841452c14a533d249950f42327321484e23c5e240,2d3e396ead1ef0bda4738e9d611a5a85a1d05beebe665004243648494a47e93d,29dd49822c046d567d2ae6f8ada7f1285bfb9f59018eee3aacb791c98a56ed15,2026-08-09T11:55:49.317611+00:00
7604855773629334016,学者预测今年中俄关系有五大看点值得关注,60.0,3,internal_positive,D,固定 provider + 关闭 reasoning,2,0,Alibaba,deepseek/deepseek-v4-flash,False,message.content,0,0,,,gen-1786276482-fKcxzzYyD44LFgjB6jKn,stop,1.9527388997375965,1,ok,,4753e1cd8b4ae942719dc1d841452c14a533d249950f42327321484e23c5e240,2d3e396ead1ef0bda4738e9d611a5a85a1d05beebe665004243648494a47e93d,29dd49822c046d567d2ae6f8ada7f1285bfb9f59018eee3aacb791c98a56ed15,2026-08-09T11:54:42.744988+00:00
7604855773629334016,学者预测今年中俄关系有五大看点值得关注,60.0,3,internal_positive,D,固定 provider + 关闭 reasoning,3,0,Alibaba,deepseek/deepseek-v4-flash,False,message.content,0,0,,,gen-1786276503-2oNFlo3eyGR60zoZhnL9,stop,1.8990238010883331,1,ok,,4753e1cd8b4ae942719dc1d841452c14a533d249950f42327321484e23c5e240,2d3e396ead1ef0bda4738e9d611a5a85a1d05beebe665004243648494a47e93d,29dd49822c046d567d2ae6f8ada7f1285bfb9f59018eee3aacb791c98a56ed15,2026-08-09T11:55:04.201290+00:00
7605519670547857954,“京字号”年宵花新品种扮靓京城,30.0,1,internal_positive,A,生产基线,1,30,Alibaba,deepseek/deepseek-v4-flash,False,message.content,30,30,,,gen-1786276643-dvkLUK8cD8l0NXZK5QGY,stop,10.003613602370024,1,ok,,1f7d6c82d07e51c20306cf8c68a6d5d53e4082ce4772ae53d6fb0576bf1e1d9a,887024ae851435b21edab2df63221c61c63443654da5aa2c2618f1e2f804285f,27ce36d6b5edca2d037e2ff1fed30d6cae2c8ce5a46a503afa712419c2f48edd,2026-08-09T11:57:32.315101+00:00
7605519670547857954,“京字号”年宵花新品种扮靓京城,30.0,1,internal_positive,A,生产基线,2,60,Alibaba,deepseek/deepseek-v4-flash,False,message.content,60,60,,,gen-1786276678-Bvpy81jIy5es2qVnX976,stop,7.653108198195696,1,ok,,1f7d6c82d07e51c20306cf8c68a6d5d53e4082ce4772ae53d6fb0576bf1e1d9a,887024ae851435b21edab2df63221c61c63443654da5aa2c2618f1e2f804285f,27ce36d6b5edca2d037e2ff1fed30d6cae2c8ce5a46a503afa712419c2f48edd,2026-08-09T11:58:05.123438+00:00
7605519670547857954,“京字号”年宵花新品种扮靓京城,30.0,1,internal_positive,A,生产基线,3,45,Alibaba,deepseek/deepseek-v4-flash,False,message.content,45,45,,,gen-1786276733-Bd0lGZNJtOkGsAnLvAJs,stop,8.209876000881195,1,ok,,1f7d6c82d07e51c20306cf8c68a6d5d53e4082ce4772ae53d6fb0576bf1e1d9a,887024ae851435b21edab2df63221c61c63443654da5aa2c2618f1e2f804285f,27ce36d6b5edca2d037e2ff1fed30d6cae2c8ce5a46a503afa712419c2f48edd,2026-08-09T11:59:00.743947+00:00
7605519670547857954,“京字号”年宵花新品种扮靓京城,30.0,1,internal_positive,D,固定 provider + 关闭 reasoning,1,20,Alibaba,deepseek/deepseek-v4-flash,False,message.content,20,20,,,gen-1786276726-lUgFuqOW32euxjbZl0LZ,stop,1.7621840983629227,1,ok,,1f7d6c82d07e51c20306cf8c68a6d5d53e4082ce4772ae53d6fb0576bf1e1d9a,887024ae851435b21edab2df63221c61c63443654da5aa2c2618f1e2f804285f,66f8a3f832f8a6879a9ac5f3e12ce2b27917889cfe548e05846395d0c46c0cc7,2026-08-09T11:58:47.451824+00:00
7605519670547857954,“京字号”年宵花新品种扮靓京城,30.0,1,internal_positive,D,固定 provider + 关闭 reasoning,2,20,Alibaba,deepseek/deepseek-v4-flash,False,message.content,20,20,,,gen-1786276649-uSvVOXObCqSjG92NvH2U,stop,1.6204634010791779,1,ok,,1f7d6c82d07e51c20306cf8c68a6d5d53e4082ce4772ae53d6fb0576bf1e1d9a,887024ae851435b21edab2df63221c61c63443654da5aa2c2618f1e2f804285f,66f8a3f832f8a6879a9ac5f3e12ce2b27917889cfe548e05846395d0c46c0cc7,2026-08-09T11:57:30.384473+00:00
7605519670547857954,“京字号”年宵花新品种扮靓京城,30.0,1,internal_positive,D,固定 provider + 关闭 reasoning,3,20,Alibaba,deepseek/deepseek-v4-flash,False,message.content,20,20,,,gen-1786276918-pYCDth5n3McowtDbMYyM,stop,1.6409172005951405,1,ok,,1f7d6c82d07e51c20306cf8c68a6d5d53e4082ce4772ae53d6fb0576bf1e1d9a,887024ae851435b21edab2df63221c61c63443654da5aa2c2618f1e2f804285f,66f8a3f832f8a6879a9ac5f3e12ce2b27917889cfe548e05846395d0c46c0cc7,2026-08-09T12:01:59.073463+00:00
7610950061035504179,血压高不只怪盐！控制血压有“金三角”，照着做就有效,20.0,1,external_positive,A,生产基线,1,0,Alibaba,deepseek/deepseek-v4-flash,False,message.content,0,0,,,gen-1786276832-jFrxjPQUo4Klm0OFpBg3,stop,4.302506901323795,1,ok,,bfbf482235b2a7d0fc825a90eca631aee123036e1a1161fdd2a701e9d10bc421,7b4dcd620c898bc6e1b87688056941bd9733d7c4bd4ff3291d8b263cadbef297,41d18614bd3a831e2c42a9e252d132fb3defec88629a6cb9dc1a1aea87a1720c,2026-08-09T12:00:35.462376+00:00
7610950061035504179,血压高不只怪盐！控制血压有“金三角”，照着做就有效,20.0,1,external_positive,A,生产基线,2,5,Alibaba,deepseek/deepseek-v4-flash,False,message.content,5,5,,,gen-1786276865-pVkIa10rK0VdjDwgpgBO,stop,4.41039190068841,1,ok,,bfbf482235b2a7d0fc825a90eca631aee123036e1a1161fdd2a701e9d10bc421,7b4dcd620c898bc6e1b87688056941bd9733d7c4bd4ff3291d8b263cadbef297,41d18614bd3a831e2c42a9e252d132fb3defec88629a6cb9dc1a1aea87a1720c,2026-08-09T12:01:09.008918+00:00
7610950061035504179,血压高不只怪盐！控制血压有“金三角”，照着做就有效,20.0,1,external_positive,A,生产基线,3,0,Alibaba,deepseek/deepseek-v4-flash,False,message.content,0,0,,,gen-1786276808-N4qzs2huklyEvlfp14Wo,stop,4.965218998491764,1,ok,,bfbf482235b2a7d0fc825a90eca631aee123036e1a1161fdd2a701e9d10bc421,7b4dcd620c898bc6e1b87688056941bd9733d7c4bd4ff3291d8b263cadbef297,41d18614bd3a831e2c42a9e252d132fb3defec88629a6cb9dc1a1aea87a1720c,2026-08-09T12:00:11.967069+00:00
7610950061035504179,血压高不只怪盐！控制血压有“金三角”，照着做就有效,20.0,1,external_positive,D,固定 provider + 关闭 reasoning,1,0,Alibaba,deepseek/deepseek-v4-flash,False,message.content,0,0,,,gen-1786276683-uMB7kNmXETnibL3isdDq,stop,2.0789204984903336,1,ok,,bfbf482235b2a7d0fc825a90eca631aee123036e1a1161fdd2a701e9d10bc421,7b4dcd620c898bc6e1b87688056941bd9733d7c4bd4ff3291d8b263cadbef297,4b67424db6993eeea8d438102236990c1f6b08fe23f70753be7d1b364e209162,2026-08-09T11:58:04.648147+00:00
7610950061035504179,血压高不只怪盐！控制血压有“金三角”，照着做就有效,20.0,1,external_positive,D,固定 provider + 关闭 reasoning,2,0,Alibaba,deepseek/deepseek-v4-flash,False,message.content,0,0,,,gen-1786276768-0J7hrbHlf9neJLGPhcJc,stop,2.176570001989603,1,ok,,bfbf482235b2a7d0fc825a90eca631aee123036e1a1161fdd2a701e9d10bc421,7b4dcd620c898bc6e1b87688056941bd9733d7c4bd4ff3291d8b263cadbef297,4b67424db6993eeea8d438102236990c1f6b08fe23f70753be7d1b364e209162,2026-08-09T11:59:29.808700+00:00
7610950061035504179,血压高不只怪盐！控制血压有“金三角”，照着做就有效,20.0,1,external_positive,D,固定 provider + 关闭 reasoning,3,0,Alibaba,deepseek/deepseek-v4-flash,False,message.content,0,0,,,gen-1786276756-tfiyM4XjR9gbuAn5FzDE,stop,1.6833357028663158,1,ok,,bfbf482235b2a7d0fc825a90eca631aee123036e1a1161fdd2a701e9d10bc421,7b4dcd620c898bc6e1b87688056941bd9733d7c4bd4ff3291d8b263cadbef297,4b67424db6993eeea8d438102236990c1f6b08fe23f70753be7d1b364e209162,2026-08-09T11:59:17.237494+00:00
7611733650006196782,“汉语桥”俱乐部首尔中心举办座谈会探讨中韩文化交流,20.0,1,external_positive,A,生产基线,1,5,Alibaba,deepseek/deepseek-v4-flash,False,message.content,5,5,,,gen-1786276662-EbJpf2FnXD1DgG39QjUx,stop,3.6802758015692234,1,ok,,f0fbf79b5d50aaabb167b6fb8a4215a1d27b3381222443ed4852e535df052e88,d6568cb2790571c734a8986086cde65a9fed0d7f010f18f67b6475c8834070dd,a49315312f9d4cf2a897bf0b9cf3a8df9db383764dc666473007e0973c436276,2026-08-09T11:57:44.865979+00:00
7611733650006196782,“汉语桥”俱乐部首尔中心举办座谈会探讨中韩文化交流,20.0,1,external_positive,A,生产基线,2,10,Alibaba,deepseek/deepseek-v4-flash,False,message.content,10,10,,,gen-1786276907-iebKfSODO84AGa3wbKzi,stop,3.3016436025500298,1,ok,,f0fbf79b5d50aaabb167b6fb8a4215a1d27b3381222443ed4852e535df052e88,d6568cb2790571c734a8986086cde65a9fed0d7f010f18f67b6475c8834070dd,a49315312f9d4cf2a897bf0b9cf3a8df9db383764dc666473007e0973c436276,2026-08-09T12:01:49.801763+00:00
7611733650006196782,“汉语桥”俱乐部首尔中心举办座谈会探讨中韩文化交流,20.0,1,external_positive,A,生产基线,3,10,Alibaba,deepseek/deepseek-v4-flash,False,message.content,10,10,,,gen-1786276709-K6ubrRVw6hoiP5BWHCxm,stop,3.6416058987379074,1,ok,,f0fbf79b5d50aaabb167b6fb8a4215a1d27b3381222443ed4852e535df052e88,d6568cb2790571c734a8986086cde65a9fed0d7f010f18f67b6475c8834070dd,a49315312f9d4cf2a897bf0b9cf3a8df9db383764dc666473007e0973c436276,2026-08-09T11:58:32.415592+00:00
7611733650006196782,“汉语桥”俱乐部首尔中心举办座谈会探讨中韩文化交流,20.0,1,external_positive,D,固定 provider + 关闭 reasoning,1,15,Alibaba,deepseek/deepseek-v4-flash,False,message.content,15,15,,,gen-1786276660-59J0rofZED3gH8e7ASVc,stop,1.7745121009647846,1,ok,,f0fbf79b5d50aaabb167b6fb8a4215a1d27b3381222443ed4852e535df052e88,d6568cb2790571c734a8986086cde65a9fed0d7f010f18f67b6475c8834070dd,4ddff8df507fa7edc6e204b6df7228b02d0c35b84e8eccefed68c1a68fc3b19b,2026-08-09T11:57:41.248059+00:00
7611733650006196782,“汉语桥”俱乐部首尔中心举办座谈会探讨中韩文化交流,20.0,1,external_positive,D,固定 provider + 关闭 reasoning,2,15,Alibaba,deepseek/deepseek-v4-flash,False,message.content,15,15,,,gen-1786276662-jGtJUcOJCeWRpwF0sQpU,stop,1.8100485987961292,1,ok,,f0fbf79b5d50aaabb167b6fb8a4215a1d27b3381222443ed4852e535df052e88,d6568cb2790571c734a8986086cde65a9fed0d7f010f18f67b6475c8834070dd,4ddff8df507fa7edc6e204b6df7228b02d0c35b84e8eccefed68c1a68fc3b19b,2026-08-09T11:57:43.470384+00:00
7611733650006196782,“汉语桥”俱乐部首尔中心举办座谈会探讨中韩文化交流,20.0,1,external_positive,D,固定 provider + 关闭 reasoning,3,18,Alibaba,deepseek/deepseek-v4-flash,False,message.content,18,18,,,gen-1786276916-HNA68eAchvOofggkOZZh,stop,1.6130921989679337,1,ok,,f0fbf79b5d50aaabb167b6fb8a4215a1d27b3381222443ed4852e535df052e88,d6568cb2790571c734a8986086cde65a9fed0d7f010f18f67b6475c8834070dd,4ddff8df507fa7edc6e204b6df7228b02d0c35b84e8eccefed68c1a68fc3b19b,2026-08-09T12:01:57.431209+00:00
7614650800782017060,“谁拥有年轻人，谁就拥有未来”,85.0,4,external_positive,A,生产基线,1,12,Alibaba,deepseek/deepseek-v4-flash,False,message.content,12,12,,,gen-1786276724-FNVVqlHcZ269B9Qmjqg6,stop,4.387375198304653,1,ok,,7ab4b6968139ba72a624d8a5565e678ffd5a3242b009326feb470e03b9fc36c0,1f5dd5d7f34714cb6ca1e4e9a17208a99f5004dfa7f4f718ec7ae93939e9309b,446fc216b6c1c61851db0d4afe2190b0f25710bd5ad3f7fcc26a02c8c5c68f37,2026-08-09T11:58:48.040069+00:00
7614650800782017060,“谁拥有年轻人，谁就拥有未来”,85.0,4,external_positive,A,生产基线,2,18,Alibaba,deepseek/deepseek-v4-flash,False,message.content,18,18,,,gen-1786276913-aVMVwDpORyL2yJfpl0Hu,stop,4.472753398120403,1,ok,,7ab4b6968139ba72a624d8a5565e678ffd5a3242b009326feb470e03b9fc36c0,1f5dd5d7f34714cb6ca1e4e9a17208a99f5004dfa7f4f718ec7ae93939e9309b,446fc216b6c1c61851db0d4afe2190b0f25710bd5ad3f7fcc26a02c8c5c68f37,2026-08-09T12:01:56.790492+00:00
7614650800782017060,“谁拥有年轻人，谁就拥有未来”,85.0,4,external_positive,A,生产基线,3,11,Alibaba,deepseek/deepseek-v4-flash,False,message.content,11,11,,,gen-1786276869-DusT3PnzGCz7PokJZj3q,stop,4.866210497915745,1,ok,,7ab4b6968139ba72a624d8a5565e678ffd5a3242b009326feb470e03b9fc36c0,1f5dd5d7f34714cb6ca1e4e9a17208a99f5004dfa7f4f718ec7ae93939e9309b,446fc216b6c1c61851db0d4afe2190b0f25710bd5ad3f7fcc26a02c8c5c68f37,2026-08-09T12:01:12.730534+00:00
7614650800782017060,“谁拥有年轻人，谁就拥有未来”,85.0,4,external_positive,D,固定 provider + 关闭 reasoning,1,0,Alibaba,deepseek/deepseek-v4-flash,False,message.content,0,0,,,gen-1786276850-b0xBZZOlRZcHdLOlOS5p,stop,1.6571246981620789,1,ok,,7ab4b6968139ba72a624d8a5565e678ffd5a3242b009326feb470e03b9fc36c0,1f5dd5d7f34714cb6ca1e4e9a17208a99f5004dfa7f4f718ec7ae93939e9309b,7018fb6c2b0b92daf9c28dc8b2323541cc5cf9999529f4beb566708ac0bb7b1a,2026-08-09T12:00:51.080265+00:00
7614650800782017060,“谁拥有年轻人，谁就拥有未来”,85.0,4,external_positive,D,固定 provider + 关闭 reasoning,2,75,Alibaba,deepseek/deepseek-v4-flash,False,message.content,75,75,,,gen-1786276855-Q0SsCo8n0DPIHeK7lq4B,stop,1.9025258012115955,1,ok,,7ab4b6968139ba72a624d8a5565e678ffd5a3242b009326feb470e03b9fc36c0,1f5dd5d7f34714cb6ca1e4e9a17208a99f5004dfa7f4f718ec7ae93939e9309b,7018fb6c2b0b92daf9c28dc8b2323541cc5cf9999529f4beb566708ac0bb7b1a,2026-08-09T12:00:56.635795+00:00
7614650800782017060,“谁拥有年轻人，谁就拥有未来”,85.0,4,external_positive,D,固定 provider + 关闭 reasoning,3,75,Alibaba,deepseek/deepseek-v4-flash,False,message.content,75,75,,,gen-1786276864-bn6c0W4FppziuQZe9uzB,stop,1.8163723014295101,1,ok,,7ab4b6968139ba72a624d8a5565e678ffd5a3242b009326feb470e03b9fc36c0,1f5dd5d7f34714cb6ca1e4e9a17208a99f5004dfa7f4f718ec7ae93939e9309b,7018fb6c2b0b92daf9c28dc8b2323541cc5cf9999529f4beb566708ac0bb7b1a,2026-08-09T12:01:05.320744+00:00
7617690020085875246,西安财经大学召开2026年春季学期本科教学工作会议,60.0,3,external_positive,A,生产基线,1,25,Alibaba,deepseek/deepseek-v4-flash,False,message.content,25,25,,,gen-1786276791-wyNXRdc4ImNoIF0LAxqH,stop,5.434363700449467,1,ok,,0f8468851c37f2cc0fcc81d884dbd5caabe5b867388d1630593ea5499a7110a3,83258b8125376747324321edacc1add1191193f9f7c701f1b58c760d2cef9a2f,0f206e8f994e96207a1569547b114ca745f509cb181a243098c2573dd7e78557,2026-08-09T11:59:55.924548+00:00
7617690020085875246,西安财经大学召开2026年春季学期本科教学工作会议,60.0,3,external_positive,A,生产基线,2,15,Alibaba,deepseek/deepseek-v4-flash,False,message.content,15,15,,,gen-1786276677-9mGUXiT9HmuMJDNy5PWq,stop,4.8463183008134365,1,ok,,0f8468851c37f2cc0fcc81d884dbd5caabe5b867388d1630593ea5499a7110a3,83258b8125376747324321edacc1add1191193f9f7c701f1b58c760d2cef9a2f,0f206e8f994e96207a1569547b114ca745f509cb181a243098c2573dd7e78557,2026-08-09T11:58:01.065821+00:00
7617690020085875246,西安财经大学召开2026年春季学期本科教学工作会议,60.0,3,external_positive,A,生产基线,3,12,Alibaba,deepseek/deepseek-v4-flash,False,message.content,12,12,,,gen-1786276704-lwYxt6T773h7bJB0oqqo,stop,3.7551060020923615,1,ok,,0f8468851c37f2cc0fcc81d884dbd5caabe5b867388d1630593ea5499a7110a3,83258b8125376747324321edacc1add1191193f9f7c701f1b58c760d2cef9a2f,0f206e8f994e96207a1569547b114ca745f509cb181a243098c2573dd7e78557,2026-08-09T11:58:26.807068+00:00
7617690020085875246,西安财经大学召开2026年春季学期本科教学工作会议,60.0,3,external_positive,D,固定 provider + 关闭 reasoning,1,25,Alibaba,deepseek/deepseek-v4-flash,False,message.content,25,25,,,gen-1786276641-ximZyz3aHByU3hM1VBrb,stop,2.5697543993592262,1,ok,,0f8468851c37f2cc0fcc81d884dbd5caabe5b867388d1630593ea5499a7110a3,83258b8125376747324321edacc1add1191193f9f7c701f1b58c760d2cef9a2f,196b95391c54ad66fd2ffc151a9d58ca55d329446085ee97159bea648a6bc10a,2026-08-09T11:57:22.283629+00:00
7617690020085875246,西安财经大学召开2026年春季学期本科教学工作会议,60.0,3,external_positive,D,固定 provider + 关闭 reasoning,2,25,Alibaba,deepseek/deepseek-v4-flash,False,message.content,25,25,,,gen-1786276743-B1QG1BPfvHygoHtfs5Zx,stop,1.8666552007198334,1,ok,,0f8468851c37f2cc0fcc81d884dbd5caabe5b867388d1630593ea5499a7110a3,83258b8125376747324321edacc1add1191193f9f7c701f1b58c760d2cef9a2f,196b95391c54ad66fd2ffc151a9d58ca55d329446085ee97159bea648a6bc10a,2026-08-09T11:59:04.100981+00:00
7617690020085875246,西安财经大学召开2026年春季学期本科教学工作会议,60.0,3,external_positive,D,固定 provider + 关闭 reasoning,3,25,Alibaba,deepseek/deepseek-v4-flash,False,message.content,25,25,,,gen-1786276755-0Pgeb4w9RLvyXqoRvqIt,stop,1.7053446993231773,1,ok,,0f8468851c37f2cc0fcc81d884dbd5caabe5b867388d1630593ea5499a7110a3,83258b8125376747324321edacc1add1191193f9f7c701f1b58c760d2cef9a2f,196b95391c54ad66fd2ffc151a9d58ca55d329446085ee97159bea648a6bc10a,2026-08-09T11:59:15.552011+00:00
7622122383905767962,点赞！市教育信息化研究院获省级嘉奖,80.0,4,external_positive,A,生产基线,1,85,Alibaba,deepseek/deepseek-v4-flash,False,message.content,85,85,,,gen-1786276908-KbCuCLQzgAhyhys5oBN3,stop,5.795670799911022,1,ok,,2cd0802b147fa9dc8dfab4aa379da3003f2ec3ad9a1e78ecd51759abd2f27258,51375a362f40f5fc097452e70a90de17384e310ae53a1fbfbddf40598484dc21,33003972a6180b394ff2086fe463d05012888edeb42a95611b60bcf6bfd67689,2026-08-09T12:01:52.551366+00:00
7622122383905767962,点赞！市教育信息化研究院获省级嘉奖,80.0,4,external_positive,A,生产基线,2,65,Alibaba,deepseek/deepseek-v4-flash,False,message.content,65,65,,,gen-1786276723-XDHEUWUjxzmATNW38fl1,stop,4.658112298697233,1,ok,,2cd0802b147fa9dc8dfab4aa379da3003f2ec3ad9a1e78ecd51759abd2f27258,51375a362f40f5fc097452e70a90de17384e310ae53a1fbfbddf40598484dc21,33003972a6180b394ff2086fe463d05012888edeb42a95611b60bcf6bfd67689,2026-08-09T11:58:47.161150+00:00
7622122383905767962,点赞！市教育信息化研究院获省级嘉奖,80.0,4,external_positive,A,生产基线,3,85,Alibaba,deepseek/deepseek-v4-flash,False,message.content,85,85,,,gen-1786276892-BlJzhIkVsUeQdjUBTYL7,stop,4.715693600475788,1,ok,,2cd0802b147fa9dc8dfab4aa379da3003f2ec3ad9a1e78ecd51759abd2f27258,51375a362f40f5fc097452e70a90de17384e310ae53a1fbfbddf40598484dc21,33003972a6180b394ff2086fe463d05012888edeb42a95611b60bcf6bfd67689,2026-08-09T12:01:36.488181+00:00
7622122383905767962,点赞！市教育信息化研究院获省级嘉奖,80.0,4,external_positive,D,固定 provider + 关闭 reasoning,1,85,Alibaba,deepseek/deepseek-v4-flash,False,message.content,85,85,,,gen-1786276883-WK8rZE52di3eogcBZgQ3,stop,1.84441389888525,1,ok,,2cd0802b147fa9dc8dfab4aa379da3003f2ec3ad9a1e78ecd51759abd2f27258,51375a362f40f5fc097452e70a90de17384e310ae53a1fbfbddf40598484dc21,26076ede10c85fe9d46804d45722584c29525641b2fe288acbd491f9bf09c384,2026-08-09T12:01:24.538827+00:00
7622122383905767962,点赞！市教育信息化研究院获省级嘉奖,80.0,4,external_positive,D,固定 provider + 关闭 reasoning,2,85,Alibaba,deepseek/deepseek-v4-flash,False,message.content,85,85,,,gen-1786276725-PW6JHadmrCz3W0KoTrS0,stop,1.6426430977880955,1,ok,,2cd0802b147fa9dc8dfab4aa379da3003f2ec3ad9a1e78ecd51759abd2f27258,51375a362f40f5fc097452e70a90de17384e310ae53a1fbfbddf40598484dc21,26076ede10c85fe9d46804d45722584c29525641b2fe288acbd491f9bf09c384,2026-08-09T11:58:46.501817+00:00
7622122383905767962,点赞！市教育信息化研究院获省级嘉奖,80.0,4,external_positive,D,固定 provider + 关闭 reasoning,3,85,Alibaba,deepseek/deepseek-v4-flash,False,message.content,85,85,,,gen-1786276755-Qup52TTRNrGBoOJ7vvgm,stop,1.8331644013524055,1,ok,,2cd0802b147fa9dc8dfab4aa379da3003f2ec3ad9a1e78ecd51759abd2f27258,51375a362f40f5fc097452e70a90de17384e310ae53a1fbfbddf40598484dc21,26076ede10c85fe9d46804d45722584c29525641b2fe288acbd491f9bf09c384,2026-08-09T11:59:15.811926+00:00
7624538711211983400,清明将至 缅怀这位“以身许国”的科学家,50.0,2,internal_positive,A,生产基线,1,10,Alibaba,deepseek/deepseek-v4-flash,False,message.content,10,10,,,gen-1786276548-xrJEk9EAEGNtgWOxBASL,stop,5.8561527989804745,1,ok,,f8f0c76528b1750cfeb34cb41800be13a008746a7b16d2565549786932e57951,a93f1c550f601bd31c4abdc50d014fdfe69995e939512d8332c83a5c2690b782,83b34b932b425b6ea146d9aa7bde32f8f0005139c0a53d5042be92d3b3b4ffab,2026-08-09T11:55:53.310774+00:00
7624538711211983400,清明将至 缅怀这位“以身许国”的科学家,50.0,2,internal_positive,A,生产基线,2,5,Alibaba,deepseek/deepseek-v4-flash,False,message.content,5,5,,,gen-1786276486-SBGOIRs7STIW5HmAIkR2,stop,7.254785500466824,1,ok,,f8f0c76528b1750cfeb34cb41800be13a008746a7b16d2565549786932e57951,a93f1c550f601bd31c4abdc50d014fdfe69995e939512d8332c83a5c2690b782,83b34b932b425b6ea146d9aa7bde32f8f0005139c0a53d5042be92d3b3b4ffab,2026-08-09T11:54:52.135452+00:00
7624538711211983400,清明将至 缅怀这位“以身许国”的科学家,50.0,2,internal_positive,A,生产基线,3,5,Alibaba,deepseek/deepseek-v4-flash,False,message.content,5,5,,,gen-1786276530-hgURb3iQUQKlNQaUl6dO,stop,11.772348303347826,1,ok,,f8f0c76528b1750cfeb34cb41800be13a008746a7b16d2565549786932e57951,a93f1c550f601bd31c4abdc50d014fdfe69995e939512d8332c83a5c2690b782,83b34b932b425b6ea146d9aa7bde32f8f0005139c0a53d5042be92d3b3b4ffab,2026-08-09T11:55:41.353599+00:00
7624538711211983400,清明将至 缅怀这位“以身许国”的科学家,50.0,2,internal_positive,D,固定 provider + 关闭 reasoning,1,15,Alibaba,deepseek/deepseek-v4-flash,False,message.content,15,15,,,gen-1786276525-EFLKcmhHoiYfVuKoeX0L,stop,1.6882180012762547,1,ok,,f8f0c76528b1750cfeb34cb41800be13a008746a7b16d2565549786932e57951,a93f1c550f601bd31c4abdc50d014fdfe69995e939512d8332c83a5c2690b782,f5439417bb00ce07e35ce5f0a3e8c98f247d7f109827f8a0551059e4448dc675,2026-08-09T11:55:26.150027+00:00
7624538711211983400,清明将至 缅怀这位“以身许国”的科学家,50.0,2,internal_positive,D,固定 provider + 关闭 reasoning,2,15,Alibaba,deepseek/deepseek-v4-flash,False,message.content,15,15,,,gen-1786276511-zFyBuhMH6ke4rJVtQYxe,stop,1.6726564019918442,1,ok,,f8f0c76528b1750cfeb34cb41800be13a008746a7b16d2565549786932e57951,a93f1c550f601bd31c4abdc50d014fdfe69995e939512d8332c83a5c2690b782,f5439417bb00ce07e35ce5f0a3e8c98f247d7f109827f8a0551059e4448dc675,2026-08-09T11:55:11.731588+00:00
7624538711211983400,清明将至 缅怀这位“以身许国”的科学家,50.0,2,internal_positive,D,固定 provider + 关闭 reasoning,3,15,Alibaba,deepseek/deepseek-v4-flash,False,message.content,15,15,,,gen-1786276483-gwepNZ737BJtU3K8VF0w,stop,2.1329029984772205,1,ok,,f8f0c76528b1750cfeb34cb41800be13a008746a7b16d2565549786932e57951,a93f1c550f601bd31c4abdc50d014fdfe69995e939512d8332c83a5c2690b782,f5439417bb00ce07e35ce5f0a3e8c98f247d7f109827f8a0551059e4448dc675,2026-08-09T11:54:44.879346+00:00
7625445771425251876,踏春好  去旅行,48.0,2,internal_positive,A,生产基线,1,5,Alibaba,deepseek/deepseek-v4-flash,False,message.content,5,5,,,gen-1786276667-HXz4k82mXC6XazSgci2g,stop,5.750707898288965,1,ok,,98cd1d04977e9126a8f3e9e0e796bf572ea469597f11143a32a63ff70d89d52c,552c6f22aedf3e23657211349c3956f89a9b2f7115f119ddba62255a4290ff2c,1464fb4ca789e5c1ef5d7a81b58ba32603cc7b607a98bba7a7ea289eefb76c87,2026-08-09T11:57:52.006479+00:00
7625445771425251876,踏春好  去旅行,48.0,2,internal_positive,A,生产基线,2,0,Alibaba,deepseek/deepseek-v4-flash,False,message.content,0,0,,,gen-1786276896-3PBpilB3Muiwd3fHlyLF,stop,4.058836899697781,1,ok,,98cd1d04977e9126a8f3e9e0e796bf572ea469597f11143a32a63ff70d89d52c,552c6f22aedf3e23657211349c3956f89a9b2f7115f119ddba62255a4290ff2c,1464fb4ca789e5c1ef5d7a81b58ba32603cc7b607a98bba7a7ea289eefb76c87,2026-08-09T12:01:39.466679+00:00
7625445771425251876,踏春好  去旅行,48.0,2,internal_positive,A,生产基线,3,0,Alibaba,deepseek/deepseek-v4-flash,False,message.content,0,0,,,gen-1786276767-y7AFh5o9FOitImDGCf1H,stop,3.7454332001507282,1,ok,,98cd1d04977e9126a8f3e9e0e796bf572ea469597f11143a32a63ff70d89d52c,552c6f22aedf3e23657211349c3956f89a9b2f7115f119ddba62255a4290ff2c,1464fb4ca789e5c1ef5d7a81b58ba32603cc7b607a98bba7a7ea289eefb76c87,2026-08-09T11:59:30.247986+00:00
7625445771425251876,踏春好  去旅行,48.0,2,internal_positive,D,固定 provider + 关闭 reasoning,1,0,Alibaba,deepseek/deepseek-v4-flash,False,message.content,0,0,,,gen-1786276800-uHIgjrmx9iZC0j1ejSYu,stop,1.977089200168848,1,ok,,98cd1d04977e9126a8f3e9e0e796bf572ea469597f11143a32a63ff70d89d52c,552c6f22aedf3e23657211349c3956f89a9b2f7115f119ddba62255a4290ff2c,f9811d392ac207c2e9ac4b6ceed7eaa5baf27de8ba6f39957500a26386ee6732,2026-08-09T12:00:01.544597+00:00
7625445771425251876,踏春好  去旅行,48.0,2,internal_positive,D,固定 provider + 关闭 reasoning,2,0,Alibaba,deepseek/deepseek-v4-flash,False,message.content,0,0,,,gen-1786276890-7QX9UtheVQurTvnCgzn9,stop,1.7487873993813992,1,ok,,98cd1d04977e9126a8f3e9e0e796bf572ea469597f11143a32a63ff70d89d52c,552c6f22aedf3e23657211349c3956f89a9b2f7115f119ddba62255a4290ff2c,f9811d392ac207c2e9ac4b6ceed7eaa5baf27de8ba6f39957500a26386ee6732,2026-08-09T12:01:30.847603+00:00
7625445771425251876,踏春好  去旅行,48.0,2,internal_positive,D,固定 provider + 关闭 reasoning,3,0,Alibaba,deepseek/deepseek-v4-flash,False,message.content,0,0,,,gen-1786276833-IIa4rXvmgeWj9IS8Jcio,stop,1.8341103978455067,1,ok,,98cd1d04977e9126a8f3e9e0e796bf572ea469597f11143a32a63ff70d89d52c,552c6f22aedf3e23657211349c3956f89a9b2f7115f119ddba62255a4290ff2c,f9811d392ac207c2e9ac4b6ceed7eaa5baf27de8ba6f39957500a26386ee6732,2026-08-09T12:00:34.315157+00:00
7625904854057222694,市场监管总局暗访“麻醉鱼”、漂白鸡爪，严查违法经营、失职渎职,55.0,2,external_positive,A,生产基线,1,0,Alibaba,deepseek/deepseek-v4-flash,False,message.content,0,0,,,gen-1786276905-S6RsYmTTOdHVIcyyHATW,stop,4.287808500230312,1,ok,,f6a71217f7b60df21105c79d7d0f18c875cb6dd84e4b35e456856eb95e161885,5b6c9b29c581df7ceba926f1c7aa04af2e2f6d2d2508e008f2b4cd49b87befe2,3baf7def4a6209a51bc798af8ca4e39daa7c88c1b6f38bb37b8ffdb7c37d2feb,2026-08-09T12:01:48.409153+00:00
7625904854057222694,市场监管总局暗访“麻醉鱼”、漂白鸡爪，严查违法经营、失职渎职,55.0,2,external_positive,A,生产基线,2,0,Alibaba,deepseek/deepseek-v4-flash,False,message.content,0,0,,,gen-1786276688-9bntFey4FNWaHoObv8Lo,stop,3.62836080044508,1,ok,,f6a71217f7b60df21105c79d7d0f18c875cb6dd84e4b35e456856eb95e161885,5b6c9b29c581df7ceba926f1c7aa04af2e2f6d2d2508e008f2b4cd49b87befe2,3baf7def4a6209a51bc798af8ca4e39daa7c88c1b6f38bb37b8ffdb7c37d2feb,2026-08-09T11:58:10.794148+00:00
7625904854057222694,市场监管总局暗访“麻醉鱼”、漂白鸡爪，严查违法经营、失职渎职,55.0,2,external_positive,A,生产基线,3,0,Alibaba,deepseek/deepseek-v4-flash,False,message.content,0,0,,,gen-1786276680-0I2q5s98XI8bJj02UUNL,stop,3.4974892996251583,1,ok,,f6a71217f7b60df21105c79d7d0f18c875cb6dd84e4b35e456856eb95e161885,5b6c9b29c581df7ceba926f1c7aa04af2e2f6d2d2508e008f2b4cd49b87befe2,3baf7def4a6209a51bc798af8ca4e39daa7c88c1b6f38bb37b8ffdb7c37d2feb,2026-08-09T11:58:03.052240+00:00
7625904854057222694,市场监管总局暗访“麻醉鱼”、漂白鸡爪，严查违法经营、失职渎职,55.0,2,external_positive,D,固定 provider + 关闭 reasoning,1,0,Alibaba,deepseek/deepseek-v4-flash,False,message.content,0,0,,,gen-1786276717-vXzx18hUhd6knv5kvLr7,stop,1.8067802004516125,1,ok,,f6a71217f7b60df21105c79d7d0f18c875cb6dd84e4b35e456856eb95e161885,5b6c9b29c581df7ceba926f1c7aa04af2e2f6d2d2508e008f2b4cd49b87befe2,1b564405c96da4a4151c315dbc6b36e006e9d7076986a64f5784ac46d606c1a7,2026-08-09T11:58:37.733998+00:00
7625904854057222694,市场监管总局暗访“麻醉鱼”、漂白鸡爪，严查违法经营、失职渎职,55.0,2,external_positive,D,固定 provider + 关闭 reasoning,2,0,Alibaba,deepseek/deepseek-v4-flash,False,message.content,0,0,,,gen-1786276838-hPIGNayRqv5kMdBHn5gJ,stop,1.5369613990187645,1,ok,,f6a71217f7b60df21105c79d7d0f18c875cb6dd84e4b35e456856eb95e161885,5b6c9b29c581df7ceba926f1c7aa04af2e2f6d2d2508e008f2b4cd49b87befe2,1b564405c96da4a4151c315dbc6b36e006e9d7076986a64f5784ac46d606c1a7,2026-08-09T12:00:39.078934+00:00
7625904854057222694,市场监管总局暗访“麻醉鱼”、漂白鸡爪，严查违法经营、失职渎职,55.0,2,external_positive,D,固定 provider + 关闭 reasoning,3,0,Alibaba,deepseek/deepseek-v4-flash,False,message.content,0,0,,,gen-1786276808-RVEoCiz18O4YR1MUCKxk,stop,2.0714564993977547,1,ok,,f6a71217f7b60df21105c79d7d0f18c875cb6dd84e4b35e456856eb95e161885,5b6c9b29c581df7ceba926f1c7aa04af2e2f6d2d2508e008f2b4cd49b87befe2,1b564405c96da4a4151c315dbc6b36e006e9d7076986a64f5784ac46d606c1a7,2026-08-09T12:00:08.770216+00:00
7628162448122331686,2026清华大学校园马拉松举行 3000余名师生校友共同奔跑,50.0,2,internal_positive,A,生产基线,1,45,Alibaba,deepseek/deepseek-v4-flash,False,message.content,45,45,,,gen-1786276715-RxgwFqTMCg0NCzzgiAQy,stop,4.353258602321148,1,ok,,b0dad82c8698a3d8ae1e3edf6f8fcee8dedc7e1552607b786c2a75402299c3a5,c1ffd990fa429bd9efaca5c113d0c57b39bd92c935ad895920091781f7530570,cd4a1f0996ad3a6a1d966bd64b1a21ca477545ac4efeeae0608961e20276ab2c,2026-08-09T11:58:39.159928+00:00
7628162448122331686,2026清华大学校园马拉松举行 3000余名师生校友共同奔跑,50.0,2,internal_positive,A,生产基线,2,40,Alibaba,deepseek/deepseek-v4-flash,False,message.content,40,40,,,gen-1786276860-m6XSbaTqr8T9UsIpzdGB,stop,4.245468597859144,1,ok,,b0dad82c8698a3d8ae1e3edf6f8fcee8dedc7e1552607b786c2a75402299c3a5,c1ffd990fa429bd9efaca5c113d0c57b39bd92c935ad895920091781f7530570,cd4a1f0996ad3a6a1d966bd64b1a21ca477545ac4efeeae0608961e20276ab2c,2026-08-09T12:01:03.995711+00:00
7628162448122331686,2026清华大学校园马拉松举行 3000余名师生校友共同奔跑,50.0,2,internal_positive,A,生产基线,3,40,Alibaba,deepseek/deepseek-v4-flash,False,message.content,40,40,,,gen-1786276737-Y7YlbKbcbM2AEEE7ctYL,stop,6.191070798784494,1,ok,,b0dad82c8698a3d8ae1e3edf6f8fcee8dedc7e1552607b786c2a75402299c3a5,c1ffd990fa429bd9efaca5c113d0c57b39bd92c935ad895920091781f7530570,cd4a1f0996ad3a6a1d966bd64b1a21ca477545ac4efeeae0608961e20276ab2c,2026-08-09T11:59:02.233061+00:00
7628162448122331686,2026清华大学校园马拉松举行 3000余名师生校友共同奔跑,50.0,2,internal_positive,D,固定 provider + 关闭 reasoning,1,20,Alibaba,deepseek/deepseek-v4-flash,False,message.content,20,20,,,gen-1786276721-YMse7chlM9HkzynBLW02,stop,1.6585900001227856,1,ok,,b0dad82c8698a3d8ae1e3edf6f8fcee8dedc7e1552607b786c2a75402299c3a5,c1ffd990fa429bd9efaca5c113d0c57b39bd92c935ad895920091781f7530570,dcf9312ac633b7696066474d7e36b71e7d09e5782c1c03d5113d266aa2cfd014,2026-08-09T11:58:42.500960+00:00
7628162448122331686,2026清华大学校园马拉松举行 3000余名师生校友共同奔跑,50.0,2,internal_positive,D,固定 provider + 关闭 reasoning,2,15,Alibaba,deepseek/deepseek-v4-flash,False,message.content,15,15,,,gen-1786276751-sr5pOxvjLAfeCbooENSY,stop,1.8820612989366055,1,ok,,b0dad82c8698a3d8ae1e3edf6f8fcee8dedc7e1552607b786c2a75402299c3a5,c1ffd990fa429bd9efaca5c113d0c57b39bd92c935ad895920091781f7530570,dcf9312ac633b7696066474d7e36b71e7d09e5782c1c03d5113d266aa2cfd014,2026-08-09T11:59:11.660637+00:00
7628162448122331686,2026清华大学校园马拉松举行 3000余名师生校友共同奔跑,50.0,2,internal_positive,D,固定 provider + 关闭 reasoning,3,15,Alibaba,deepseek/deepseek-v4-flash,False,message.content,15,15,,,gen-1786276722-0ewQsQWv1j7bM37kd6r0,stop,2.4033925011754036,1,ok,,b0dad82c8698a3d8ae1e3edf6f8fcee8dedc7e1552607b786c2a75402299c3a5,c1ffd990fa429bd9efaca5c113d0c57b39bd92c935ad895920091781f7530570,dcf9312ac633b7696066474d7e36b71e7d09e5782c1c03d5113d266aa2cfd014,2026-08-09T11:58:43.756735+00:00
7628216971040948746,李强同阿联酋阿布扎比王储哈立德会谈,85.0,4,internal_positive,A,生产基线,1,25,Alibaba,deepseek/deepseek-v4-flash,False,message.content,25,25,,,gen-1786276821-mGy75PwRikpzPBZcoYy3,stop,12.630800399929285,1,ok,,90c910f17320193e132f3353d9187556df35b5f7fe29707f6f7713b0008c7b55,e102a0481bd090354915a57626c1cce088af2e09079abfb787250b70993adf87,050445113dda13bf0d1d451ece3b6f438496e080e60724372600af2849dc3219,2026-08-09T12:00:32.879148+00:00
7628216971040948746,李强同阿联酋阿布扎比王储哈立德会谈,85.0,4,internal_positive,A,生产基线,2,25,Alibaba,deepseek/deepseek-v4-flash,False,message.content,25,25,,,gen-1786276690-0YcmPfEfJPKs2kd3zOqC,stop,6.287207502871752,1,ok,,90c910f17320193e132f3353d9187556df35b5f7fe29707f6f7713b0008c7b55,e102a0481bd090354915a57626c1cce088af2e09079abfb787250b70993adf87,050445113dda13bf0d1d451ece3b6f438496e080e60724372600af2849dc3219,2026-08-09T11:58:16.087164+00:00
7628216971040948746,李强同阿联酋阿布扎比王储哈立德会谈,85.0,4,internal_positive,A,生产基线,3,25,Alibaba,deepseek/deepseek-v4-flash,False,message.content,25,25,,,gen-1786276834-A6M30gYfSHuRNbQJTO6Y,stop,7.185280602425337,1,ok,,90c910f17320193e132f3353d9187556df35b5f7fe29707f6f7713b0008c7b55,e102a0481bd090354915a57626c1cce088af2e09079abfb787250b70993adf87,050445113dda13bf0d1d451ece3b6f438496e080e60724372600af2849dc3219,2026-08-09T12:00:40.065882+00:00
7628216971040948746,李强同阿联酋阿布扎比王储哈立德会谈,85.0,4,internal_positive,D,固定 provider + 关闭 reasoning,1,0,Alibaba,deepseek/deepseek-v4-flash,False,message.content,0,0,,,gen-1786276919-JIPAqXJibBiQAsrWLKlO,stop,1.719948597252369,1,ok,,90c910f17320193e132f3353d9187556df35b5f7fe29707f6f7713b0008c7b55,e102a0481bd090354915a57626c1cce088af2e09079abfb787250b70993adf87,57793cda89e0571c7d6a9e340d18fa2b8b8026df9b330fc895bab4689e039e93,2026-08-09T12:01:59.827472+00:00
7628216971040948746,李强同阿联酋阿布扎比王储哈立德会谈,85.0,4,internal_positive,D,固定 provider + 关闭 reasoning,2,0,Alibaba,deepseek/deepseek-v4-flash,False,message.content,0,0,,,gen-1786276641-eQ1qXHwlx3YgIEhknd3Z,stop,2.591526798903942,1,ok,,90c910f17320193e132f3353d9187556df35b5f7fe29707f6f7713b0008c7b55,e102a0481bd090354915a57626c1cce088af2e09079abfb787250b70993adf87,57793cda89e0571c7d6a9e340d18fa2b8b8026df9b330fc895bab4689e039e93,2026-08-09T11:57:22.310151+00:00
7628216971040948746,李强同阿联酋阿布扎比王储哈立德会谈,85.0,4,internal_positive,D,固定 provider + 关闭 reasoning,3,0,Alibaba,deepseek/deepseek-v4-flash,False,message.content,0,0,,,gen-1786276762-5tbOoTtHzPjiQ1FEVukY,stop,1.782517097890377,1,ok,,90c910f17320193e132f3353d9187556df35b5f7fe29707f6f7713b0008c7b55,e102a0481bd090354915a57626c1cce088af2e09079abfb787250b70993adf87,57793cda89e0571c7d6a9e340d18fa2b8b8026df9b330fc895bab4689e039e93,2026-08-09T11:59:22.911448+00:00
7629572387679322630,衡阳市司法局与湖南省衡州监狱联合开展“法律咨询进高墙”系列活动,15.0,0,external_positive,A,生产基线,1,0,Alibaba,deepseek/deepseek-v4-flash,False,message.content,0,0,,,gen-1786276670-Vqvk79JE7rpEQCiuurEZ,stop,3.5024822019040585,1,ok,,aa7eb38ccabae879bf8b40efc62809fd125d2edade14b3892d68a2bb62c5a209,ff1457b5673501b9ee08f45247633aae1fb8cd34b347fba3cdc53855425c95ae,cf38f229b53790914803764b3f3211225ac463926f67cd575fb0f6dca9220653,2026-08-09T11:57:53.111196+00:00
7629572387679322630,衡阳市司法局与湖南省衡州监狱联合开展“法律咨询进高墙”系列活动,15.0,0,external_positive,A,生产基线,2,0,Alibaba,deepseek/deepseek-v4-flash,False,message.content,0,0,,,gen-1786276804-oQqf9Jn4mlchvQ0mjWVX,stop,4.427446197718382,1,ok,,aa7eb38ccabae879bf8b40efc62809fd125d2edade14b3892d68a2bb62c5a209,ff1457b5673501b9ee08f45247633aae1fb8cd34b347fba3cdc53855425c95ae,cf38f229b53790914803764b3f3211225ac463926f67cd575fb0f6dca9220653,2026-08-09T12:00:07.064192+00:00
7629572387679322630,衡阳市司法局与湖南省衡州监狱联合开展“法律咨询进高墙”系列活动,15.0,0,external_positive,A,生产基线,3,0,Alibaba,deepseek/deepseek-v4-flash,False,message.content,0,0,,,gen-1786276824-ceVGaJJrw0e998j2xeg9,stop,5.541846796870232,1,ok,,aa7eb38ccabae879bf8b40efc62809fd125d2edade14b3892d68a2bb62c5a209,ff1457b5673501b9ee08f45247633aae1fb8cd34b347fba3cdc53855425c95ae,cf38f229b53790914803764b3f3211225ac463926f67cd575fb0f6dca9220653,2026-08-09T12:00:29.370800+00:00
7629572387679322630,衡阳市司法局与湖南省衡州监狱联合开展“法律咨询进高墙”系列活动,15.0,0,external_positive,D,固定 provider + 关闭 reasoning,1,0,Alibaba,deepseek/deepseek-v4-flash,False,message.content,0,0,,,gen-1786276751-pz6wlDJnaS3n0vU53Po3,stop,1.9873881004750729,1,ok,,aa7eb38ccabae879bf8b40efc62809fd125d2edade14b3892d68a2bb62c5a209,ff1457b5673501b9ee08f45247633aae1fb8cd34b347fba3cdc53855425c95ae,0fe653a513bde23bb3d4a4feeb9e10e80a9dd405cf83a6f20f59722c9c1117b2,2026-08-09T11:59:11.845267+00:00
7629572387679322630,衡阳市司法局与湖南省衡州监狱联合开展“法律咨询进高墙”系列活动,15.0,0,external_positive,D,固定 provider + 关闭 reasoning,2,0,Alibaba,deepseek/deepseek-v4-flash,False,message.content,0,0,,,gen-1786276641-mI8KDDsnFCoM3DHhyGo6,stop,2.569838397204876,1,ok,,aa7eb38ccabae879bf8b40efc62809fd125d2edade14b3892d68a2bb62c5a209,ff1457b5673501b9ee08f45247633aae1fb8cd34b347fba3cdc53855425c95ae,0fe653a513bde23bb3d4a4feeb9e10e80a9dd405cf83a6f20f59722c9c1117b2,2026-08-09T11:57:22.281600+00:00
7629572387679322630,衡阳市司法局与湖南省衡州监狱联合开展“法律咨询进高墙”系列活动,15.0,0,external_positive,D,固定 provider + 关闭 reasoning,3,0,Alibaba,deepseek/deepseek-v4-flash,False,message.content,0,0,,,gen-1786276702-rsO44etcTTMoJtP0evwh,stop,1.7659395970404148,1,ok,,aa7eb38ccabae879bf8b40efc62809fd125d2edade14b3892d68a2bb62c5a209,ff1457b5673501b9ee08f45247633aae1fb8cd34b347fba3cdc53855425c95ae,0fe653a513bde23bb3d4a4feeb9e10e80a9dd405cf83a6f20f59722c9c1117b2,2026-08-09T11:58:23.050598+00:00
7629598851149627967,贵州一英语老师低血糖蹒跚走出教室，9名学生悄悄尾随守护，老师倒下一刹那稳稳托住,10.0,0,external_positive,A,生产基线,1,10,Alibaba,deepseek/deepseek-v4-flash,False,message.content,10,10,,,gen-1786276499-tFlNVgcHROXHAlKhhdS5,stop,3.4035211987793446,1,ok,,851f7916be3c35833640b42b1ac0388754569644ed4ce9df5251d249a60a8876,06f69be7f70a778ed73052df725e081fa91ad551c4dc5e9273597ad8886a0f33,f50a93440270eb4c6b68bd30cbde095c84e9b56aa9ffd77d70da3ffdfe00e611,2026-08-09T11:55:01.678556+00:00
7629598851149627967,贵州一英语老师低血糖蹒跚走出教室，9名学生悄悄尾随守护，老师倒下一刹那稳稳托住,10.0,0,external_positive,A,生产基线,2,10,Alibaba,deepseek/deepseek-v4-flash,False,message.content,10,10,,,gen-1786276500-UVrxGV4ypSbAVYDMSFyp,stop,3.2547753006219864,1,ok,,851f7916be3c35833640b42b1ac0388754569644ed4ce9df5251d249a60a8876,06f69be7f70a778ed73052df725e081fa91ad551c4dc5e9273597ad8886a0f33,f50a93440270eb4c6b68bd30cbde095c84e9b56aa9ffd77d70da3ffdfe00e611,2026-08-09T11:55:03.001530+00:00
7629598851149627967,贵州一英语老师低血糖蹒跚走出教室，9名学生悄悄尾随守护，老师倒下一刹那稳稳托住,10.0,0,external_positive,A,生产基线,3,15,Alibaba,deepseek/deepseek-v4-flash,False,message.content,15,15,,,gen-1786276534-LrhZSWnNhE4TUPHy96tw,stop,4.137410301715136,1,ok,,851f7916be3c35833640b42b1ac0388754569644ed4ce9df5251d249a60a8876,06f69be7f70a778ed73052df725e081fa91ad551c4dc5e9273597ad8886a0f33,f50a93440270eb4c6b68bd30cbde095c84e9b56aa9ffd77d70da3ffdfe00e611,2026-08-09T11:55:37.595653+00:00
7629598851149627967,贵州一英语老师低血糖蹒跚走出教室，9名学生悄悄尾随守护，老师倒下一刹那稳稳托住,10.0,0,external_positive,D,固定 provider + 关闭 reasoning,1,0,Alibaba,deepseek/deepseek-v4-flash,False,message.content,0,0,,,gen-1786276494-8WStIRVqBOar2dGw5HoZ,stop,1.7073175013065338,1,ok,,851f7916be3c35833640b42b1ac0388754569644ed4ce9df5251d249a60a8876,06f69be7f70a778ed73052df725e081fa91ad551c4dc5e9273597ad8886a0f33,b020725e039b3624e277f6a75b52214e82c680e9aa220c582b32c9ca533356e0,2026-08-09T11:54:54.791347+00:00
7629598851149627967,贵州一英语老师低血糖蹒跚走出教室，9名学生悄悄尾随守护，老师倒下一刹那稳稳托住,10.0,0,external_positive,D,固定 provider + 关闭 reasoning,2,0,Alibaba,deepseek/deepseek-v4-flash,False,message.content,0,0,,,gen-1786276512-95SlLk1w4fw8Lb4e4cpn,stop,1.774508100003004,1,ok,,851f7916be3c35833640b42b1ac0388754569644ed4ce9df5251d249a60a8876,06f69be7f70a778ed73052df725e081fa91ad551c4dc5e9273597ad8886a0f33,b020725e039b3624e277f6a75b52214e82c680e9aa220c582b32c9ca533356e0,2026-08-09T11:55:12.853115+00:00
7629598851149627967,贵州一英语老师低血糖蹒跚走出教室，9名学生悄悄尾随守护，老师倒下一刹那稳稳托住,10.0,0,external_positive,D,固定 provider + 关闭 reasoning,3,0,Alibaba,deepseek/deepseek-v4-flash,False,message.content,0,0,,,gen-1786276514-XGGbxqgXROQSsLb4vv40,stop,1.8454919010400772,1,ok,,851f7916be3c35833640b42b1ac0388754569644ed4ce9df5251d249a60a8876,06f69be7f70a778ed73052df725e081fa91ad551c4dc5e9273597ad8886a0f33,b020725e039b3624e277f6a75b52214e82c680e9aa220c582b32c9ca533356e0,2026-08-09T11:55:14.700804+00:00
7631475061202911786,简历投了一大堆，为何没消息？北京免费的职业指导别错过,75.0,3,internal_positive,A,生产基线,1,5,Alibaba,deepseek/deepseek-v4-flash,False,message.content,5,5,,,gen-1786276920-Oa2AQcs10OmHND2sH5Fl,stop,4.3537234999239445,1,ok,,3fdd89e65172b0baeacc8a9812d88da9a93117229de4b93edb59fe5bda995b41,216a533e422eea4b999008de67e4cb53631c7870200f1b9abcdf7b6a2d5752ab,08d39b9a06bfbc8cb5f7e43cc19a349a6bb94ca7cb03fb69d742a1e273e3222a,2026-08-09T12:02:03.384342+00:00
7631475061202911786,简历投了一大堆，为何没消息？北京免费的职业指导别错过,75.0,3,internal_positive,A,生产基线,2,5,Alibaba,deepseek/deepseek-v4-flash,False,message.content,5,5,,,gen-1786276784-CQas3rAJqtk4BELFBZOn,stop,7.144066199660301,1,ok,,3fdd89e65172b0baeacc8a9812d88da9a93117229de4b93edb59fe5bda995b41,216a533e422eea4b999008de67e4cb53631c7870200f1b9abcdf7b6a2d5752ab,08d39b9a06bfbc8cb5f7e43cc19a349a6bb94ca7cb03fb69d742a1e273e3222a,2026-08-09T11:59:50.351928+00:00
7631475061202911786,简历投了一大堆，为何没消息？北京免费的职业指导别错过,75.0,3,internal_positive,A,生产基线,3,5,Baidu,deepseek/deepseek-v4-flash,False,message.content,5,5,,,gen-1786276641-Jpwbk5Qq8pGHd4JrwlMF,stop,5.393960099667311,1,ok,,3fdd89e65172b0baeacc8a9812d88da9a93117229de4b93edb59fe5bda995b41,216a533e422eea4b999008de67e4cb53631c7870200f1b9abcdf7b6a2d5752ab,08d39b9a06bfbc8cb5f7e43cc19a349a6bb94ca7cb03fb69d742a1e273e3222a,2026-08-09T11:57:25.114755+00:00
7631475061202911786,简历投了一大堆，为何没消息？北京免费的职业指导别错过,75.0,3,internal_positive,D,固定 provider + 关闭 reasoning,1,15,Alibaba,deepseek/deepseek-v4-flash,False,message.content,15,15,,,gen-1786276782-M8O0PF4lbGpmzrdaSkC6,stop,1.387916199862957,1,ok,,3fdd89e65172b0baeacc8a9812d88da9a93117229de4b93edb59fe5bda995b41,216a533e422eea4b999008de67e4cb53631c7870200f1b9abcdf7b6a2d5752ab,18689fb69f541c26e11bbffea7663077d39680e52c1bf1e431735546e8f36d99,2026-08-09T11:59:42.658361+00:00
7631475061202911786,简历投了一大堆，为何没消息？北京免费的职业指导别错过,75.0,3,internal_positive,D,固定 provider + 关闭 reasoning,2,0,Alibaba,deepseek/deepseek-v4-flash,False,message.content,0,0,,,gen-1786276660-YgsftrGkazVfe16gJr6Y,stop,2.093416001647711,1,ok,,3fdd89e65172b0baeacc8a9812d88da9a93117229de4b93edb59fe5bda995b41,216a533e422eea4b999008de67e4cb53631c7870200f1b9abcdf7b6a2d5752ab,18689fb69f541c26e11bbffea7663077d39680e52c1bf1e431735546e8f36d99,2026-08-09T11:57:41.184223+00:00
7631475061202911786,简历投了一大堆，为何没消息？北京免费的职业指导别错过,75.0,3,internal_positive,D,固定 provider + 关闭 reasoning,3,15,Alibaba,deepseek/deepseek-v4-flash,False,message.content,15,15,,,gen-1786276889-9XuZRvquNgRZhdu3p4aY,stop,1.8030880019068718,1,ok,,3fdd89e65172b0baeacc8a9812d88da9a93117229de4b93edb59fe5bda995b41,216a533e422eea4b999008de67e4cb53631c7870200f1b9abcdf7b6a2d5752ab,18689fb69f541c26e11bbffea7663077d39680e52c1bf1e431735546e8f36d99,2026-08-09T12:01:30.516030+00:00
7631724657380557363,300余家国企招聘岗位上线,85.0,4,internal_positive,D,固定 provider + 关闭 reasoning,1,75,Alibaba,deepseek/deepseek-v4-flash,False,message.content,75,75,,,gen-1786276848-ZDth6UT8TwKvuhG0HzZP,stop,1.8299112990498543,1,ok,,eb5739fe00b40c2bbdf633dd2423187d277204ff06cead2223becb561594ba7d,630ff6662b23a4e349945f83bd971d70adabadf8cf47a5675f271b05663c1e99,7d9ef180294b395872b6a50d69fbfcbeafbb36f80cea20571ef669287f0df662,2026-08-09T12:00:48.699359+00:00
7631724657380557363,300余家国企招聘岗位上线,85.0,4,internal_positive,D,固定 provider + 关闭 reasoning,2,75,Alibaba,deepseek/deepseek-v4-flash,False,message.content,75,75,,,gen-1786276659-7TxzFviFIlrRcEpsvqF1,stop,1.5458617992699146,1,ok,,eb5739fe00b40c2bbdf633dd2423187d277204ff06cead2223becb561594ba7d,630ff6662b23a4e349945f83bd971d70adabadf8cf47a5675f271b05663c1e99,7d9ef180294b395872b6a50d69fbfcbeafbb36f80cea20571ef669287f0df662,2026-08-09T11:57:39.608309+00:00
7631724657380557363,300余家国企招聘岗位上线,85.0,4,internal_positive,D,固定 provider + 关闭 reasoning,3,20,Alibaba,deepseek/deepseek-v4-flash,False,message.content,20,20,,,gen-1786276675-tglt5F0TMFlpeelu55cC,stop,1.9002427980303764,1,ok,,eb5739fe00b40c2bbdf633dd2423187d277204ff06cead2223becb561594ba7d,630ff6662b23a4e349945f83bd971d70adabadf8cf47a5675f271b05663c1e99,7d9ef180294b395872b6a50d69fbfcbeafbb36f80cea20571ef669287f0df662,2026-08-09T11:57:56.646254+00:00
7631724657380557363,300余家国企招聘岗位上线,85.0,4,internal_positive,D,固定 provider + 关闭 reasoning,4,75,Alibaba,deepseek/deepseek-v4-flash,False,message.content,75,75,,,gen-1786276649-uX4XuT0ATSVf51dLiPtj,stop,1.7716099992394447,1,ok,,eb5739fe00b40c2bbdf633dd2423187d277204ff06cead2223becb561594ba7d,630ff6662b23a4e349945f83bd971d70adabadf8cf47a5675f271b05663c1e99,7d9ef180294b395872b6a50d69fbfcbeafbb36f80cea20571ef669287f0df662,2026-08-09T11:57:30.142696+00:00
7631724657380557363,300余家国企招聘岗位上线,85.0,4,internal_positive,D,固定 provider + 关闭 reasoning,5,20,Alibaba,deepseek/deepseek-v4-flash,False,message.content,20,20,,,gen-1786276645-1FLE8F64UJfhpLZnbMif,stop,1.9705980010330677,1,ok,,eb5739fe00b40c2bbdf633dd2423187d277204ff06cead2223becb561594ba7d,630ff6662b23a4e349945f83bd971d70adabadf8cf47a5675f271b05663c1e99,7d9ef180294b395872b6a50d69fbfcbeafbb36f80cea20571ef669287f0df662,2026-08-09T11:57:26.510598+00:00
7631847316194656802,北京支持AI智能体基础设施建设 单个项目最高奖励3000万元,85.0,4,internal_positive,A,生产基线,1,0,Alibaba,deepseek/deepseek-v4-flash,False,message.content,0,0,,,gen-1786276677-uqqioKmXYgrU9u6wJQJ4,stop,4.224663600325584,1,ok,,5c977a8bb8d2c96d736f7eb69a7f865cb03a2ea5dd2fa449ed4cafd6f17f31f1,594dc7f6470734bc6bb384fd5ab36220b93a49d1f2bab46ed23c865b933f15ec,07e7bc6ecdaf614d57f3cc2b5b99a0f4eec0cd82b9ff953c6993c9a9e5dda57b,2026-08-09T11:58:00.197307+00:00
7631847316194656802,北京支持AI智能体基础设施建设 单个项目最高奖励3000万元,85.0,4,internal_positive,A,生产基线,2,5,Alibaba,deepseek/deepseek-v4-flash,False,message.content,5,5,,,gen-1786276729-IFKfPjgkzUaw0EEoKmT7,stop,4.326794300228357,1,ok,,5c977a8bb8d2c96d736f7eb69a7f865cb03a2ea5dd2fa449ed4cafd6f17f31f1,594dc7f6470734bc6bb384fd5ab36220b93a49d1f2bab46ed23c865b933f15ec,07e7bc6ecdaf614d57f3cc2b5b99a0f4eec0cd82b9ff953c6993c9a9e5dda57b,2026-08-09T11:58:52.368191+00:00
7631847316194656802,北京支持AI智能体基础设施建设 单个项目最高奖励3000万元,85.0,4,internal_positive,A,生产基线,3,0,Alibaba,deepseek/deepseek-v4-flash,False,message.content,0,0,,,gen-1786276918-WqLDc3O21AbZrgtQwAHN,stop,4.0731784999370575,1,ok,,5c977a8bb8d2c96d736f7eb69a7f865cb03a2ea5dd2fa449ed4cafd6f17f31f1,594dc7f6470734bc6bb384fd5ab36220b93a49d1f2bab46ed23c865b933f15ec,07e7bc6ecdaf614d57f3cc2b5b99a0f4eec0cd82b9ff953c6993c9a9e5dda57b,2026-08-09T12:02:01.119914+00:00
7631847316194656802,北京支持AI智能体基础设施建设 单个项目最高奖励3000万元,85.0,4,internal_positive,D,固定 provider + 关闭 reasoning,1,0,Alibaba,deepseek/deepseek-v4-flash,False,message.content,0,0,,,gen-1786276697-oeY9csAmavBAQDQ0FEfT,stop,1.7679655998945236,1,ok,,5c977a8bb8d2c96d736f7eb69a7f865cb03a2ea5dd2fa449ed4cafd6f17f31f1,594dc7f6470734bc6bb384fd5ab36220b93a49d1f2bab46ed23c865b933f15ec,af520773362b2b8d0f69a1ab9303bc027e206835eae6ec9fbd6880ba5739bb1a,2026-08-09T11:58:18.510581+00:00
7631847316194656802,北京支持AI智能体基础设施建设 单个项目最高奖励3000万元,85.0,4,internal_positive,D,固定 provider + 关闭 reasoning,2,0,Alibaba,deepseek/deepseek-v4-flash,False,message.content,0,0,,,gen-1786276668-socrBbEuqaQWTSj0MKgc,stop,1.7266912013292313,1,ok,,5c977a8bb8d2c96d736f7eb69a7f865cb03a2ea5dd2fa449ed4cafd6f17f31f1,594dc7f6470734bc6bb384fd5ab36220b93a49d1f2bab46ed23c865b933f15ec,af520773362b2b8d0f69a1ab9303bc027e206835eae6ec9fbd6880ba5739bb1a,2026-08-09T11:57:49.607364+00:00
7631847316194656802,北京支持AI智能体基础设施建设 单个项目最高奖励3000万元,85.0,4,internal_positive,D,固定 provider + 关闭 reasoning,3,0,Alibaba,deepseek/deepseek-v4-flash,False,message.content,0,0,,,gen-1786276765-UGQ5BjKCLDX3yFPZcyZw,stop,1.7884045019745827,1,ok,,5c977a8bb8d2c96d736f7eb69a7f865cb03a2ea5dd2fa449ed4cafd6f17f31f1,594dc7f6470734bc6bb384fd5ab36220b93a49d1f2bab46ed23c865b933f15ec,af520773362b2b8d0f69a1ab9303bc027e206835eae6ec9fbd6880ba5739bb1a,2026-08-09T11:59:25.790859+00:00
7632134103197811254,山西省蒲剧艺术院：蒲韵传京畿 梨园绽芳华,35.0,1,internal_positive,A,生产基线,1,20,Alibaba,deepseek/deepseek-v4-flash,False,message.content,20,20,,,gen-1786276721-xjGQs7bgcB4fxzxNHiUp,stop,11.784863501787186,1,ok,,2ae8b2ce5f682e85501960ea39b109015073f47265acbdb729d3446db204ed17,77aa8693198c3a37cff1ea5b1d0237fb6d17dc06e0de86675638ecb19a53ac56,a2708565d8f9e3a552e1fe8008bfd803adecee74dd15b5997cc6baa3cbea96cc,2026-08-09T11:58:52.094425+00:00
7632134103197811254,山西省蒲剧艺术院：蒲韵传京畿 梨园绽芳华,35.0,1,internal_positive,A,生产基线,2,5,Alibaba,deepseek/deepseek-v4-flash,False,message.content,5,5,,,gen-1786276703-Hm8ETHiOZDo3KXs1ou0X,stop,4.10154389962554,1,ok,,2ae8b2ce5f682e85501960ea39b109015073f47265acbdb729d3446db204ed17,77aa8693198c3a37cff1ea5b1d0237fb6d17dc06e0de86675638ecb19a53ac56,a2708565d8f9e3a552e1fe8008bfd803adecee74dd15b5997cc6baa3cbea96cc,2026-08-09T11:58:26.473134+00:00
7632134103197811254,山西省蒲剧艺术院：蒲韵传京畿 梨园绽芳华,35.0,1,internal_positive,A,生产基线,3,35,Alibaba,deepseek/deepseek-v4-flash,False,message.content,35,35,,,gen-1786276684-V2g5jO2N36Vq6i4NlGKl,stop,8.25598829984665,1,ok,,2ae8b2ce5f682e85501960ea39b109015073f47265acbdb729d3446db204ed17,77aa8693198c3a37cff1ea5b1d0237fb6d17dc06e0de86675638ecb19a53ac56,a2708565d8f9e3a552e1fe8008bfd803adecee74dd15b5997cc6baa3cbea96cc,2026-08-09T11:58:11.309584+00:00
7632134103197811254,山西省蒲剧艺术院：蒲韵传京畿 梨园绽芳华,35.0,1,internal_positive,D,固定 provider + 关闭 reasoning,1,0,Alibaba,deepseek/deepseek-v4-flash,False,message.content,0,0,,,gen-1786276913-CFntnR5b95bnLYk0YwbJ,stop,1.9264727979898453,1,ok,,2ae8b2ce5f682e85501960ea39b109015073f47265acbdb729d3446db204ed17,77aa8693198c3a37cff1ea5b1d0237fb6d17dc06e0de86675638ecb19a53ac56,7414a422d2eff31523eccffd15823842082644be21b3e79e7a10f83f18899f9f,2026-08-09T12:01:54.479156+00:00
7632134103197811254,山西省蒲剧艺术院：蒲韵传京畿 梨园绽芳华,35.0,1,internal_positive,D,固定 provider + 关闭 reasoning,2,0,Alibaba,deepseek/deepseek-v4-flash,False,message.content,0,0,,,gen-1786276908-K44zBgs6MkxPf3JKunCn,stop,1.7259213998913765,1,ok,,2ae8b2ce5f682e85501960ea39b109015073f47265acbdb729d3446db204ed17,77aa8693198c3a37cff1ea5b1d0237fb6d17dc06e0de86675638ecb19a53ac56,7414a422d2eff31523eccffd15823842082644be21b3e79e7a10f83f18899f9f,2026-08-09T12:01:48.842242+00:00
7632134103197811254,山西省蒲剧艺术院：蒲韵传京畿 梨园绽芳华,35.0,1,internal_positive,D,固定 provider + 关闭 reasoning,3,0,Alibaba,deepseek/deepseek-v4-flash,False,message.content,0,0,,,gen-1786276707-F6dThPq6965p4hc34YmK,stop,2.2981677018105984,1,ok,,2ae8b2ce5f682e85501960ea39b109015073f47265acbdb729d3446db204ed17,77aa8693198c3a37cff1ea5b1d0237fb6d17dc06e0de86675638ecb19a53ac56,7414a422d2eff31523eccffd15823842082644be21b3e79e7a10f83f18899f9f,2026-08-09T11:58:28.772699+00:00
7632896630741107241,中央民族歌舞团开放日广邀观众，12场“民族艺术进校园”同步启动,75.0,3,internal_positive,A,生产基线,1,43,Alibaba,deepseek/deepseek-v4-flash,False,message.content,43,43,,,gen-1786276790-7sCatjcg4m0rnCsVRuCs,stop,10.532003797590733,1,ok,,4006b043a3ed89b05c38dc13c85927ed9fdfd5c538b499c9dfafbab560b6ab25,b76280c86c935bd79407e39a89e5869fa3da5723b67fcb3ace132baa68d1448d,404c405a6a530dee1f317937a6ea0b0612df931b9ea33fb9e65c3f78091b6447,2026-08-09T11:59:59.566103+00:00
7632896630741107241,中央民族歌舞团开放日广邀观众，12场“民族艺术进校园”同步启动,75.0,3,internal_positive,A,生产基线,2,42,Baidu,deepseek/deepseek-v4-flash,False,message.content,42,42,,,gen-1786276794-Hkser8jQRaJN35JDEsmG,stop,9.743301998823881,1,ok,,4006b043a3ed89b05c38dc13c85927ed9fdfd5c538b499c9dfafbab560b6ab25,b76280c86c935bd79407e39a89e5869fa3da5723b67fcb3ace132baa68d1448d,404c405a6a530dee1f317937a6ea0b0612df931b9ea33fb9e65c3f78091b6447,2026-08-09T12:00:02.947347+00:00
7632896630741107241,中央民族歌舞团开放日广邀观众，12场“民族艺术进校园”同步启动,75.0,3,internal_positive,A,生产基线,3,45,Alibaba,deepseek/deepseek-v4-flash,False,message.content,45,45,,,gen-1786276830-gvAtd1b8ViWtRGRaAUOE,stop,11.007427901029587,1,ok,,4006b043a3ed89b05c38dc13c85927ed9fdfd5c538b499c9dfafbab560b6ab25,b76280c86c935bd79407e39a89e5869fa3da5723b67fcb3ace132baa68d1448d,404c405a6a530dee1f317937a6ea0b0612df931b9ea33fb9e65c3f78091b6447,2026-08-09T12:00:40.579132+00:00
7632896630741107241,中央民族歌舞团开放日广邀观众，12场“民族艺术进校园”同步启动,75.0,3,internal_positive,D,固定 provider + 关闭 reasoning,1,75,Alibaba,deepseek/deepseek-v4-flash,False,message.content,75,75,,,gen-1786276704-8o1QhlQt8IxG8us3jAsN,stop,1.800026796758175,1,ok,,4006b043a3ed89b05c38dc13c85927ed9fdfd5c538b499c9dfafbab560b6ab25,b76280c86c935bd79407e39a89e5869fa3da5723b67fcb3ace132baa68d1448d,c985ed1443196bdd5b03f8cbf7527cd89bdf58a39131932e3c474c53c0f5ddf4,2026-08-09T11:58:25.508245+00:00
7632896630741107241,中央民族歌舞团开放日广邀观众，12场“民族艺术进校园”同步启动,75.0,3,internal_positive,D,固定 provider + 关闭 reasoning,2,75,Alibaba,deepseek/deepseek-v4-flash,False,message.content,75,75,,,gen-1786276770-FkslSqVBEnPLrfcuZBSY,stop,1.9014045000076294,1,ok,,4006b043a3ed89b05c38dc13c85927ed9fdfd5c538b499c9dfafbab560b6ab25,b76280c86c935bd79407e39a89e5869fa3da5723b67fcb3ace132baa68d1448d,c985ed1443196bdd5b03f8cbf7527cd89bdf58a39131932e3c474c53c0f5ddf4,2026-08-09T11:59:30.916341+00:00
7632896630741107241,中央民族歌舞团开放日广邀观众，12场“民族艺术进校园”同步启动,75.0,3,internal_positive,D,固定 provider + 关闭 reasoning,3,75,Alibaba,deepseek/deepseek-v4-flash,False,message.content,75,75,,,gen-1786276914-q2gwTjtA0jUpjtpcmJ4V,stop,1.6489924006164074,1,ok,,4006b043a3ed89b05c38dc13c85927ed9fdfd5c538b499c9dfafbab560b6ab25,b76280c86c935bd79407e39a89e5869fa3da5723b67fcb3ace132baa68d1448d,c985ed1443196bdd5b03f8cbf7527cd89bdf58a39131932e3c474c53c0f5ddf4,2026-08-09T12:01:55.555047+00:00
7633609902765703680,推动未来产业发展不断取得新突破（专题深思）,85.0,4,external_positive,A,生产基线,1,0,Alibaba,deepseek/deepseek-v4-flash,False,message.content,0,0,,,gen-1786276545-GDHX8Q1nK5au7cZN4A3J,stop,3.932828199118376,1,ok,,19aaed436bd34baa7277ec7b5455de1c7929718fe47d8b872df7666b4793ec4d,c03183e3a1cb98e02d9fdba74a343d86a9f94179d7d86cbec3dc5b78d8bb702b,ca3fe827c1c1b8fd74a674da4f120bb3d678df98685eb5085563be3b1cf66fea,2026-08-09T11:55:48.703255+00:00
7633609902765703680,推动未来产业发展不断取得新突破（专题深思）,85.0,4,external_positive,A,生产基线,2,0,Alibaba,deepseek/deepseek-v4-flash,False,message.content,0,0,,,gen-1786276548-W3YDyAYNKwuJp2vD2R5T,stop,4.598417099565268,1,ok,,19aaed436bd34baa7277ec7b5455de1c7929718fe47d8b872df7666b4793ec4d,c03183e3a1cb98e02d9fdba74a343d86a9f94179d7d86cbec3dc5b78d8bb702b,ca3fe827c1c1b8fd74a674da4f120bb3d678df98685eb5085563be3b1cf66fea,2026-08-09T11:55:51.936178+00:00
7633609902765703680,推动未来产业发展不断取得新突破（专题深思）,85.0,4,external_positive,A,生产基线,3,5,StreamLake,deepseek/deepseek-v4-flash,False,message.content,5,5,,,gen-1786276479-aHvY029yGaTq6heen4MZ,stop,9.914767101407051,1,ok,,19aaed436bd34baa7277ec7b5455de1c7929718fe47d8b872df7666b4793ec4d,c03183e3a1cb98e02d9fdba74a343d86a9f94179d7d86cbec3dc5b78d8bb702b,ca3fe827c1c1b8fd74a674da4f120bb3d678df98685eb5085563be3b1cf66fea,2026-08-09T11:54:47.493311+00:00
7633609902765703680,推动未来产业发展不断取得新突破（专题深思）,85.0,4,external_positive,D,固定 provider + 关闭 reasoning,1,15,Alibaba,deepseek/deepseek-v4-flash,False,message.content,15,15,,,gen-1786276510-VTYII8Z7u19lvxV4ZlUy,stop,1.9722784012556076,1,ok,,19aaed436bd34baa7277ec7b5455de1c7929718fe47d8b872df7666b4793ec4d,c03183e3a1cb98e02d9fdba74a343d86a9f94179d7d86cbec3dc5b78d8bb702b,8b75ff0b27f07794ed5568c0c35b38436c6a5689a2e704fa3c66d2088e577a4f,2026-08-09T11:55:11.357727+00:00
7633609902765703680,推动未来产业发展不断取得新突破（专题深思）,85.0,4,external_positive,D,固定 provider + 关闭 reasoning,2,0,Alibaba,deepseek/deepseek-v4-flash,False,message.content,0,0,,,gen-1786276503-Zm0Nsc0kMDgoDvdtuQnZ,stop,1.8473544009029865,1,ok,,19aaed436bd34baa7277ec7b5455de1c7929718fe47d8b872df7666b4793ec4d,c03183e3a1cb98e02d9fdba74a343d86a9f94179d7d86cbec3dc5b78d8bb702b,8b75ff0b27f07794ed5568c0c35b38436c6a5689a2e704fa3c66d2088e577a4f,2026-08-09T11:55:04.546507+00:00
7633609902765703680,推动未来产业发展不断取得新突破（专题深思）,85.0,4,external_positive,D,固定 provider + 关闭 reasoning,3,0,Alibaba,deepseek/deepseek-v4-flash,False,message.content,0,0,,,gen-1786276486-pSkJKXNCxYMpFiZYtq2n,stop,1.8666340000927448,1,ok,,19aaed436bd34baa7277ec7b5455de1c7929718fe47d8b872df7666b4793ec4d,c03183e3a1cb98e02d9fdba74a343d86a9f94179d7d86cbec3dc5b78d8bb702b,8b75ff0b27f07794ed5568c0c35b38436c6a5689a2e704fa3c66d2088e577a4f,2026-08-09T11:54:46.741872+00:00
7633645837364625929,新疆启动棉花农机装备领域两大项目,40.0,2,external_positive,A,生产基线,1,5,Alibaba,deepseek/deepseek-v4-flash,False,message.content,5,5,,,gen-1786276482-y388ySwKpDus80KLf7UL,stop,4.224241200834513,1,ok,,5fe9130b088fc9092ac8c23132ba4762ad3278c4f9239a0015b75370f728d7b4,d7fb87bd28f7d1712a2bbb885fc8319859b290a6fe3bf06b891765af45d800a8,a7976b7dc7866271d49e559754a3d3da8595c3ec53af2f999e3a3cb27bff5133,2026-08-09T11:54:44.873134+00:00
7633645837364625929,新疆启动棉花农机装备领域两大项目,40.0,2,external_positive,A,生产基线,2,0,Alibaba,deepseek/deepseek-v4-flash,False,message.content,0,0,,,gen-1786276526-iUsYxg9zpRyN1LPxqFGV,stop,6.119513101875782,1,ok,,5fe9130b088fc9092ac8c23132ba4762ad3278c4f9239a0015b75370f728d7b4,d7fb87bd28f7d1712a2bbb885fc8319859b290a6fe3bf06b891765af45d800a8,a7976b7dc7866271d49e559754a3d3da8595c3ec53af2f999e3a3cb27bff5133,2026-08-09T11:55:29.579872+00:00
7633645837364625929,新疆启动棉花农机装备领域两大项目,40.0,2,external_positive,A,生产基线,3,5,Alibaba,deepseek/deepseek-v4-flash,False,message.content,5,5,,,gen-1786276485-Uy8ucUYrvvuNBk8dJF8h,stop,4.153722699731588,1,ok,,5fe9130b088fc9092ac8c23132ba4762ad3278c4f9239a0015b75370f728d7b4,d7fb87bd28f7d1712a2bbb885fc8319859b290a6fe3bf06b891765af45d800a8,a7976b7dc7866271d49e559754a3d3da8595c3ec53af2f999e3a3cb27bff5133,2026-08-09T11:54:48.538965+00:00
7633645837364625929,新疆启动棉花农机装备领域两大项目,40.0,2,external_positive,D,固定 provider + 关闭 reasoning,1,0,Alibaba,deepseek/deepseek-v4-flash,False,message.content,0,0,,,gen-1786276507-2UAfMDmyvIb4vUqvji5I,stop,2.690227299928665,1,ok,,5fe9130b088fc9092ac8c23132ba4762ad3278c4f9239a0015b75370f728d7b4,d7fb87bd28f7d1712a2bbb885fc8319859b290a6fe3bf06b891765af45d800a8,69cd414c818700a459b72cf364bbf05e5c614a17f3ba3e72b074019a7246c9eb,2026-08-09T11:55:08.881918+00:00
7633645837364625929,新疆启动棉花农机装备领域两大项目,40.0,2,external_positive,D,固定 provider + 关闭 reasoning,2,15,Alibaba,deepseek/deepseek-v4-flash,False,message.content,15,15,,,gen-1786276514-LXaF2N4WzVHPVeHr2S2f,stop,1.9972849003970623,1,ok,,5fe9130b088fc9092ac8c23132ba4762ad3278c4f9239a0015b75370f728d7b4,d7fb87bd28f7d1712a2bbb885fc8319859b290a6fe3bf06b891765af45d800a8,69cd414c818700a459b72cf364bbf05e5c614a17f3ba3e72b074019a7246c9eb,2026-08-09T11:55:15.659271+00:00
7633645837364625929,新疆启动棉花农机装备领域两大项目,40.0,2,external_positive,D,固定 provider + 关闭 reasoning,3,0,Alibaba,deepseek/deepseek-v4-flash,False,message.content,0,0,,,gen-1786276479-L8a5M6v3xBRnvaS4MpAE,stop,2.8882959000766277,1,ok,,5fe9130b088fc9092ac8c23132ba4762ad3278c4f9239a0015b75370f728d7b4,d7fb87bd28f7d1712a2bbb885fc8319859b290a6fe3bf06b891765af45d800a8,69cd414c818700a459b72cf364bbf05e5c614a17f3ba3e72b074019a7246c9eb,2026-08-09T11:54:40.469860+00:00
7634356249621987867,不写论文也能获学位：又一批高校首位工程博士亮相,90.0,4,internal_positive,A,生产基线,1,30,Alibaba,deepseek/deepseek-v4-flash,False,message.content,30,30,,,gen-1786276523-aKlwe2Kt1RLUTXG2JcqC,stop,13.828567299991846,1,ok,,88eb063ac779f0c3aeffe1ab19500fb55ee04683dafab35eb020926398e5466c,62f9dad4f297a525761035e786137c98bb26c926b47b6297ce35643a10c29762,ca9ac21469cb29e87c23d63ca8982fad592a43a1094914bdb6d1728b2c9defa8,2026-08-09T11:55:36.209643+00:00
7634356249621987867,不写论文也能获学位：又一批高校首位工程博士亮相,90.0,4,internal_positive,A,生产基线,2,65,Baidu,deepseek/deepseek-v4-flash,False,message.content,65,65,,,gen-1786276521-isivePsQWcQULbSBI58o,stop,27.750440500676632,1,ok,,88eb063ac779f0c3aeffe1ab19500fb55ee04683dafab35eb020926398e5466c,62f9dad4f297a525761035e786137c98bb26c926b47b6297ce35643a10c29762,ca9ac21469cb29e87c23d63ca8982fad592a43a1094914bdb6d1728b2c9defa8,2026-08-09T11:55:47.663175+00:00
7634356249621987867,不写论文也能获学位：又一批高校首位工程博士亮相,90.0,4,internal_positive,A,生产基线,3,55,Alibaba,deepseek/deepseek-v4-flash,False,message.content,55,55,,,gen-1786276498-xpKDDjDJ1RponNVljTXk,stop,10.201926499605179,1,ok,,88eb063ac779f0c3aeffe1ab19500fb55ee04683dafab35eb020926398e5466c,62f9dad4f297a525761035e786137c98bb26c926b47b6297ce35643a10c29762,ca9ac21469cb29e87c23d63ca8982fad592a43a1094914bdb6d1728b2c9defa8,2026-08-09T11:55:07.402031+00:00
7634356249621987867,不写论文也能获学位：又一批高校首位工程博士亮相,90.0,4,internal_positive,D,固定 provider + 关闭 reasoning,1,85,Alibaba,deepseek/deepseek-v4-flash,False,message.content,85,85,,,gen-1786276498-scfP4Kuvu5Sa42APzldL,stop,1.8267444968223572,1,ok,,88eb063ac779f0c3aeffe1ab19500fb55ee04683dafab35eb020926398e5466c,62f9dad4f297a525761035e786137c98bb26c926b47b6297ce35643a10c29762,aa56cd11d25276db29e759f3b493ae4600a982153e1502fb7d340a4e30ffff72,2026-08-09T11:54:59.013173+00:00
7634356249621987867,不写论文也能获学位：又一批高校首位工程博士亮相,90.0,4,internal_positive,D,固定 provider + 关闭 reasoning,2,85,Alibaba,deepseek/deepseek-v4-flash,False,message.content,85,85,,,gen-1786276508-tve6mjvVwdAsowrMZxlS,stop,1.6959274001419544,1,ok,,88eb063ac779f0c3aeffe1ab19500fb55ee04683dafab35eb020926398e5466c,62f9dad4f297a525761035e786137c98bb26c926b47b6297ce35643a10c29762,aa56cd11d25276db29e759f3b493ae4600a982153e1502fb7d340a4e30ffff72,2026-08-09T11:55:08.635939+00:00
7634356249621987867,不写论文也能获学位：又一批高校首位工程博士亮相,90.0,4,internal_positive,D,固定 provider + 关闭 reasoning,3,85,Alibaba,deepseek/deepseek-v4-flash,False,message.content,85,85,,,gen-1786276490-quZTUykcaIlUbtZIZF2o,stop,1.7816999033093452,1,ok,,88eb063ac779f0c3aeffe1ab19500fb55ee04683dafab35eb020926398e5466c,62f9dad4f297a525761035e786137c98bb26c926b47b6297ce35643a10c29762,aa56cd11d25276db29e759f3b493ae4600a982153e1502fb7d340a4e30ffff72,2026-08-09T11:54:51.501212+00:00
7636001703149486619,视频丨把课堂搬进火箭工厂！这个假期近距离追“星”大国重器,85.0,4,external_positive,A,生产基线,1,8,Alibaba,deepseek/deepseek-v4-flash,False,message.content,8,8,,,gen-1786276864-9ZFDt5ZRLXau9W0PWAp8,stop,4.474399000406265,1,ok,,793894ead1e2d30d3898977e5029620720c2e41139e0fcfed7eaf5abe43a396a,0dd3bb1a0251065740aa8181494ba302c50f90994a615b505c7d26d3a1966a64,96886c0eca242d447806d1a521411da1ba7c4cef804c46bb9a265cf2eb98db43,2026-08-09T12:01:07.146423+00:00
7636001703149486619,视频丨把课堂搬进火箭工厂！这个假期近距离追“星”大国重器,85.0,4,external_positive,A,生产基线,2,50,Alibaba,deepseek/deepseek-v4-flash,False,message.content,50,50,,,gen-1786276744-jXP3p8XUKGV51mnlcggF,stop,6.27953390032053,1,ok,,793894ead1e2d30d3898977e5029620720c2e41139e0fcfed7eaf5abe43a396a,0dd3bb1a0251065740aa8181494ba302c50f90994a615b505c7d26d3a1966a64,96886c0eca242d447806d1a521411da1ba7c4cef804c46bb9a265cf2eb98db43,2026-08-09T11:59:10.062642+00:00
7636001703149486619,视频丨把课堂搬进火箭工厂！这个假期近距离追“星”大国重器,85.0,4,external_positive,A,生产基线,3,0,Alibaba,deepseek/deepseek-v4-flash,False,message.content,0,0,,,gen-1786276895-PF9YPDJCkZZY0xba0WeL,stop,5.197484597563744,1,ok,,793894ead1e2d30d3898977e5029620720c2e41139e0fcfed7eaf5abe43a396a,0dd3bb1a0251065740aa8181494ba302c50f90994a615b505c7d26d3a1966a64,96886c0eca242d447806d1a521411da1ba7c4cef804c46bb9a265cf2eb98db43,2026-08-09T12:01:39.443314+00:00
7636001703149486619,视频丨把课堂搬进火箭工厂！这个假期近距离追“星”大国重器,85.0,4,external_positive,D,固定 provider + 关闭 reasoning,1,15,Alibaba,deepseek/deepseek-v4-flash,False,message.content,15,15,,,gen-1786276882-XMAYndHMwmtoSmocS1Pn,stop,1.9961048997938633,1,ok,,793894ead1e2d30d3898977e5029620720c2e41139e0fcfed7eaf5abe43a396a,0dd3bb1a0251065740aa8181494ba302c50f90994a615b505c7d26d3a1966a64,bc389daef327c99f3733d4070f344e0b4595d766b82a7daaa97c8f20c7718e1b,2026-08-09T12:01:23.729898+00:00
7636001703149486619,视频丨把课堂搬进火箭工厂！这个假期近距离追“星”大国重器,85.0,4,external_positive,D,固定 provider + 关闭 reasoning,2,15,Alibaba,deepseek/deepseek-v4-flash,False,message.content,15,15,,,gen-1786276721-Xd0FIMhmJKeyXPwj9LAl,stop,1.8107188008725643,1,ok,,793894ead1e2d30d3898977e5029620720c2e41139e0fcfed7eaf5abe43a396a,0dd3bb1a0251065740aa8181494ba302c50f90994a615b505c7d26d3a1966a64,bc389daef327c99f3733d4070f344e0b4595d766b82a7daaa97c8f20c7718e1b,2026-08-09T11:58:41.924151+00:00
7636001703149486619,视频丨把课堂搬进火箭工厂！这个假期近距离追“星”大国重器,85.0,4,external_positive,D,固定 provider + 关闭 reasoning,3,15,Alibaba,deepseek/deepseek-v4-flash,False,message.content,15,15,,,gen-1786276749-m7kIwuJrDoJ6UDKDVGl3,stop,1.710164301097393,1,ok,,793894ead1e2d30d3898977e5029620720c2e41139e0fcfed7eaf5abe43a396a,0dd3bb1a0251065740aa8181494ba302c50f90994a615b505c7d26d3a1966a64,bc389daef327c99f3733d4070f344e0b4595d766b82a7daaa97c8f20c7718e1b,2026-08-09T11:59:09.777111+00:00
7637304582984434186,读北京｜不看“帽子”和论文，“玉米地”里出奇迹,85.0,4,internal_positive,A,生产基线,1,0,Alibaba,deepseek/deepseek-v4-flash,False,message.content,0,0,,,gen-1786276775-DCqVGRuqHvGse7t2IBjG,stop,3.9732147976756096,1,ok,,701fbd35f61118f6d0e05db55299d7df90b0500c507b3d54939283e6504817f4,981e846679cbca58b1897f2dcf907874b8adf14c59e513ce20cb2ab9eeca1662,2dbb3cc57f5e9ffbc0b325dad32bfd108093bdc6a12579df4cf6bbd3acbacffb,2026-08-09T11:59:38.592874+00:00
7637304582984434186,读北京｜不看“帽子”和论文，“玉米地”里出奇迹,85.0,4,internal_positive,A,生产基线,2,10,Alibaba,deepseek/deepseek-v4-flash,False,message.content,10,10,,,gen-1786276708-qZAlQzQahXlOfXkgIija,stop,6.433712799102068,1,ok,,701fbd35f61118f6d0e05db55299d7df90b0500c507b3d54939283e6504817f4,981e846679cbca58b1897f2dcf907874b8adf14c59e513ce20cb2ab9eeca1662,2dbb3cc57f5e9ffbc0b325dad32bfd108093bdc6a12579df4cf6bbd3acbacffb,2026-08-09T11:58:34.215246+00:00
7637304582984434186,读北京｜不看“帽子”和论文，“玉米地”里出奇迹,85.0,4,internal_positive,A,生产基线,3,10,Alibaba,deepseek/deepseek-v4-flash,False,message.content,10,10,,,gen-1786276652-9Fh1BaIm4iiUFtE3NhVl,stop,8.31134520098567,1,ok,,701fbd35f61118f6d0e05db55299d7df90b0500c507b3d54939283e6504817f4,981e846679cbca58b1897f2dcf907874b8adf14c59e513ce20cb2ab9eeca1662,2dbb3cc57f5e9ffbc0b325dad32bfd108093bdc6a12579df4cf6bbd3acbacffb,2026-08-09T11:57:39.792963+00:00
7637304582984434186,读北京｜不看“帽子”和论文，“玉米地”里出奇迹,85.0,4,internal_positive,D,固定 provider + 关闭 reasoning,1,75,Alibaba,deepseek/deepseek-v4-flash,False,message.content,75,75,,,gen-1786276801-cUk8l2w52FmjNE7Xaet3,stop,2.030561599880457,1,ok,,701fbd35f61118f6d0e05db55299d7df90b0500c507b3d54939283e6504817f4,981e846679cbca58b1897f2dcf907874b8adf14c59e513ce20cb2ab9eeca1662,0eea2ae35b14dba11ad2b95b9156996f8c3375c651c7b57b5f6126529311ef8e,2026-08-09T12:00:02.635486+00:00
7637304582984434186,读北京｜不看“帽子”和论文，“玉米地”里出奇迹,85.0,4,internal_positive,D,固定 provider + 关闭 reasoning,2,75,Alibaba,deepseek/deepseek-v4-flash,False,message.content,75,75,,,gen-1786276921-mNubumYGBEEZerG1jSYf,stop,1.6991134993731976,1,ok,,701fbd35f61118f6d0e05db55299d7df90b0500c507b3d54939283e6504817f4,981e846679cbca58b1897f2dcf907874b8adf14c59e513ce20cb2ab9eeca1662,0eea2ae35b14dba11ad2b95b9156996f8c3375c651c7b57b5f6126529311ef8e,2026-08-09T12:02:01.837543+00:00
7637304582984434186,读北京｜不看“帽子”和论文，“玉米地”里出奇迹,85.0,4,internal_positive,D,固定 provider + 关闭 reasoning,3,75,Alibaba,deepseek/deepseek-v4-flash,False,message.content,75,75,,,gen-1786276853-oZzDxJ85N2RX66djLtMl,stop,1.9366559013724327,1,ok,,701fbd35f61118f6d0e05db55299d7df90b0500c507b3d54939283e6504817f4,981e846679cbca58b1897f2dcf907874b8adf14c59e513ce20cb2ab9eeca1662,0eea2ae35b14dba11ad2b95b9156996f8c3375c651c7b57b5f6126529311ef8e,2026-08-09T12:00:53.901114+00:00
7639322014850843179,西外一句“累就对了”，是高校管理该有的样子 | 新京报快评,85.0,4,external_positive,A,生产基线,1,75,Alibaba,deepseek/deepseek-v4-flash,False,message.content,75,75,,,gen-1786276651-q7A9HAOr4SrkLR2kV36u,stop,13.80098420009017,1,ok,,946011ba2d0d5541043c83d0e92bb94bb5f513740ec0f7e7a986631fb18c2848,98f037046e01aea36f5e58476d5ce22d034f3c206115684319fd947246fe2b2a,50de906b13ef925d768635113a5d7d424832a9a6cc0cf9f053f173728da20933,2026-08-09T11:57:44.187677+00:00
7639322014850843179,西外一句“累就对了”，是高校管理该有的样子 | 新京报快评,85.0,4,external_positive,A,生产基线,2,60,Alibaba,deepseek/deepseek-v4-flash,False,message.content,60,60,,,gen-1786276879-snfSOIwIIQO3zpkHt6Z7,stop,12.142096597701311,1,ok,,946011ba2d0d5541043c83d0e92bb94bb5f513740ec0f7e7a986631fb18c2848,98f037046e01aea36f5e58476d5ce22d034f3c206115684319fd947246fe2b2a,50de906b13ef925d768635113a5d7d424832a9a6cc0cf9f053f173728da20933,2026-08-09T12:01:30.963063+00:00
7639322014850843179,西外一句“累就对了”，是高校管理该有的样子 | 新京报快评,85.0,4,external_positive,A,生产基线,3,85,Alibaba,deepseek/deepseek-v4-flash,False,message.content,85,85,,,gen-1786276654-azA70HVRom2OYzECDt7B,stop,5.119567200541496,1,ok,,946011ba2d0d5541043c83d0e92bb94bb5f513740ec0f7e7a986631fb18c2848,98f037046e01aea36f5e58476d5ce22d034f3c206115684319fd947246fe2b2a,50de906b13ef925d768635113a5d7d424832a9a6cc0cf9f053f173728da20933,2026-08-09T11:57:38.061145+00:00
7639322014850843179,西外一句“累就对了”，是高校管理该有的样子 | 新京报快评,85.0,4,external_positive,D,固定 provider + 关闭 reasoning,1,75,Alibaba,deepseek/deepseek-v4-flash,False,message.content,75,75,,,gen-1786276840-SmbOaIVBVck5D8SClH9t,stop,1.6912565976381302,1,ok,,946011ba2d0d5541043c83d0e92bb94bb5f513740ec0f7e7a986631fb18c2848,98f037046e01aea36f5e58476d5ce22d034f3c206115684319fd947246fe2b2a,a96bc411ef31fc530296c335db957aaee962394005e73418302eb2caf7cbd490,2026-08-09T12:00:40.771514+00:00
7639322014850843179,西外一句“累就对了”，是高校管理该有的样子 | 新京报快评,85.0,4,external_positive,D,固定 provider + 关闭 reasoning,2,75,Alibaba,deepseek/deepseek-v4-flash,False,message.content,75,75,,,gen-1786276911-5skIwDYYRv7tpFGTcDgc,stop,1.6735765971243382,1,ok,,946011ba2d0d5541043c83d0e92bb94bb5f513740ec0f7e7a986631fb18c2848,98f037046e01aea36f5e58476d5ce22d034f3c206115684319fd947246fe2b2a,a96bc411ef31fc530296c335db957aaee962394005e73418302eb2caf7cbd490,2026-08-09T12:01:52.316301+00:00
7639322014850843179,西外一句“累就对了”，是高校管理该有的样子 | 新京报快评,85.0,4,external_positive,D,固定 provider + 关闭 reasoning,3,75,Alibaba,deepseek/deepseek-v4-flash,False,message.content,75,75,,,gen-1786276647-QKbkTTbIT0Jdzh84XaEO,stop,1.8953411020338535,1,ok,,946011ba2d0d5541043c83d0e92bb94bb5f513740ec0f7e7a986631fb18c2848,98f037046e01aea36f5e58476d5ce22d034f3c206115684319fd947246fe2b2a,a96bc411ef31fc530296c335db957aaee962394005e73418302eb2caf7cbd490,2026-08-09T11:57:28.369596+00:00
7639918565910479396,新型催化剂可高效回收废旧聚酯塑料,45.0,2,external_positive,A,生产基线,1,0,Alibaba,deepseek/deepseek-v4-flash,False,message.content,0,0,,,gen-1786276489-bTmCyuabp14vKlbsub1r,stop,3.944778598845005,1,ok,,7b5ad880499b0c5b242b353538d71d95e2996788adaaddd5a6e8808a433d9392,91292a157aaca8776c4e7eebae54e2c5e295c2bddc1abe503f70a9f1b5359771,2241aff0b0d5d855dfd2a37f9a21590c2edbd648d20ef83e695b353865472ebd,2026-08-09T11:54:52.009377+00:00
7639918565910479396,新型催化剂可高效回收废旧聚酯塑料,45.0,2,external_positive,A,生产基线,2,5,Alibaba,deepseek/deepseek-v4-flash,False,message.content,5,5,,,gen-1786276509-oniqBDtekKMImICe8EBG,stop,3.0505197010934353,1,ok,,7b5ad880499b0c5b242b353538d71d95e2996788adaaddd5a6e8808a433d9392,91292a157aaca8776c4e7eebae54e2c5e295c2bddc1abe503f70a9f1b5359771,2241aff0b0d5d855dfd2a37f9a21590c2edbd648d20ef83e695b353865472ebd,2026-08-09T11:55:11.934084+00:00
7639918565910479396,新型催化剂可高效回收废旧聚酯塑料,45.0,2,external_positive,A,生产基线,3,0,Alibaba,deepseek/deepseek-v4-flash,False,message.content,0,0,,,gen-1786276525-CGvQDkogMlDdsFpqkICs,stop,4.191525500267744,1,ok,,7b5ad880499b0c5b242b353538d71d95e2996788adaaddd5a6e8808a433d9392,91292a157aaca8776c4e7eebae54e2c5e295c2bddc1abe503f70a9f1b5359771,2241aff0b0d5d855dfd2a37f9a21590c2edbd648d20ef83e695b353865472ebd,2026-08-09T11:55:28.581654+00:00
7639918565910479396,新型催化剂可高效回收废旧聚酯塑料,45.0,2,external_positive,D,固定 provider + 关闭 reasoning,1,0,Alibaba,deepseek/deepseek-v4-flash,False,message.content,0,0,,,gen-1786276513-HUVGSEpZN4JxgONYOutx,stop,1.7239437997341156,1,ok,,7b5ad880499b0c5b242b353538d71d95e2996788adaaddd5a6e8808a433d9392,91292a157aaca8776c4e7eebae54e2c5e295c2bddc1abe503f70a9f1b5359771,410934c77064d9a00d6d1ddd18a0962c0b8584faacb721d76f07efd2b712195f,2026-08-09T11:55:13.660593+00:00
7639918565910479396,新型催化剂可高效回收废旧聚酯塑料,45.0,2,external_positive,D,固定 provider + 关闭 reasoning,2,0,Alibaba,deepseek/deepseek-v4-flash,False,message.content,0,0,,,gen-1786276538-hBvAofmQxb1RK5igdNG1,stop,1.9147039018571377,1,ok,,7b5ad880499b0c5b242b353538d71d95e2996788adaaddd5a6e8808a433d9392,91292a157aaca8776c4e7eebae54e2c5e295c2bddc1abe503f70a9f1b5359771,410934c77064d9a00d6d1ddd18a0962c0b8584faacb721d76f07efd2b712195f,2026-08-09T11:55:39.511707+00:00
7639918565910479396,新型催化剂可高效回收废旧聚酯塑料,45.0,2,external_positive,D,固定 provider + 关闭 reasoning,3,0,Alibaba,deepseek/deepseek-v4-flash,False,message.content,0,0,,,gen-1786276497-QMz1t5xhN7nBppBayVP8,stop,2.4303659982979298,1,ok,,7b5ad880499b0c5b242b353538d71d95e2996788adaaddd5a6e8808a433d9392,91292a157aaca8776c4e7eebae54e2c5e295c2bddc1abe503f70a9f1b5359771,410934c77064d9a00d6d1ddd18a0962c0b8584faacb721d76f07efd2b712195f,2026-08-09T11:54:58.273659+00:00
7640281408660881935,以自强为翼 与时代同行,50.0,2,internal_positive,A,生产基线,1,5,Alibaba,deepseek/deepseek-v4-flash,False,message.content,5,5,,,gen-1786276691-2FJi7O1XfweXeo8LjkqE,stop,6.075644597411156,1,ok,,7e90825af02d0dd491c6e6fb6ccb38f97389141ab8c9abbb4c5d0f9ebc90350a,0f441f074720293704dbde4c8c7dafca7861656185f1e18c34418126d2ec12fd,f59e11c419a454673ffb0c2a7760a608d32337198b2cfc59974e96602a513d4d,2026-08-09T11:58:16.741082+00:00
7640281408660881935,以自强为翼 与时代同行,50.0,2,internal_positive,A,生产基线,2,0,Alibaba,deepseek/deepseek-v4-flash,False,message.content,0,0,,,gen-1786276816-EUzn4KVAP95BWhoXVY44,stop,4.369582697749138,1,ok,,7e90825af02d0dd491c6e6fb6ccb38f97389141ab8c9abbb4c5d0f9ebc90350a,0f441f074720293704dbde4c8c7dafca7861656185f1e18c34418126d2ec12fd,f59e11c419a454673ffb0c2a7760a608d32337198b2cfc59974e96602a513d4d,2026-08-09T12:00:20.072230+00:00
7640281408660881935,以自强为翼 与时代同行,50.0,2,internal_positive,A,生产基线,3,0,Alibaba,deepseek/deepseek-v4-flash,False,message.content,0,0,,,gen-1786276667-1uEXZ6dYHBKddb6RLH8q,stop,4.540092300623655,1,ok,,7e90825af02d0dd491c6e6fb6ccb38f97389141ab8c9abbb4c5d0f9ebc90350a,0f441f074720293704dbde4c8c7dafca7861656185f1e18c34418126d2ec12fd,f59e11c419a454673ffb0c2a7760a608d32337198b2cfc59974e96602a513d4d,2026-08-09T11:57:51.060077+00:00
7640281408660881935,以自强为翼 与时代同行,50.0,2,internal_positive,D,固定 provider + 关闭 reasoning,1,0,Alibaba,deepseek/deepseek-v4-flash,False,message.content,0,0,,,gen-1786276709-fDnm5AZ6zyMRJ4GcZbLH,stop,2.075367398560047,1,ok,,7e90825af02d0dd491c6e6fb6ccb38f97389141ab8c9abbb4c5d0f9ebc90350a,0f441f074720293704dbde4c8c7dafca7861656185f1e18c34418126d2ec12fd,ce77ab4306996221ad75f28dcb0d4cc54953b972f9645b286640ec4021dd86ee,2026-08-09T11:58:30.105244+00:00
7640281408660881935,以自强为翼 与时代同行,50.0,2,internal_positive,D,固定 provider + 关闭 reasoning,2,0,Alibaba,deepseek/deepseek-v4-flash,False,message.content,0,0,,,gen-1786276675-ysFRrRLaO7f1Qad07XZM,stop,1.84825149923563,1,ok,,7e90825af02d0dd491c6e6fb6ccb38f97389141ab8c9abbb4c5d0f9ebc90350a,0f441f074720293704dbde4c8c7dafca7861656185f1e18c34418126d2ec12fd,ce77ab4306996221ad75f28dcb0d4cc54953b972f9645b286640ec4021dd86ee,2026-08-09T11:57:55.971303+00:00
7640281408660881935,以自强为翼 与时代同行,50.0,2,internal_positive,D,固定 provider + 关闭 reasoning,3,0,Alibaba,deepseek/deepseek-v4-flash,False,message.content,0,0,,,gen-1786276872-k6ftmW2Ct4VCdXujqAh1,stop,1.9003879986703396,1,ok,,7e90825af02d0dd491c6e6fb6ccb38f97389141ab8c9abbb4c5d0f9ebc90350a,0f441f074720293704dbde4c8c7dafca7861656185f1e18c34418126d2ec12fd,ce77ab4306996221ad75f28dcb0d4cc54953b972f9645b286640ec4021dd86ee,2026-08-09T12:01:12.902564+00:00
7641612059599389236,杰曼诺夫：数学是全球共同事业，APEC会议落户深圳非常恰当,75.0,3,external_positive,A,生产基线,1,18,Alibaba,deepseek/deepseek-v4-flash,False,message.content,18,18,,,gen-1786276752-JtSL0KTS5wDHejEKgahA,stop,9.766178000718355,1,ok,,4c007bee2bec2071c395d2d41a336ee3bd88402418047df2eb878023dadd1b5d,fcacd0911e046cb86b81583210a0e3dac5d390634db7ace8c694a4c2d72eb0f1,f40026c3f80322528e139e94aafa3d278b093a5e097535aaf26423ed26ffe3d2,2026-08-09T11:59:21.127628+00:00
7641612059599389236,杰曼诺夫：数学是全球共同事业，APEC会议落户深圳非常恰当,75.0,3,external_positive,A,生产基线,2,15,Alibaba,deepseek/deepseek-v4-flash,False,message.content,15,15,,,gen-1786276753-wrCTqqNY9c7vGuA74mDJ,stop,6.028762198984623,1,ok,,4c007bee2bec2071c395d2d41a336ee3bd88402418047df2eb878023dadd1b5d,fcacd0911e046cb86b81583210a0e3dac5d390634db7ace8c694a4c2d72eb0f1,f40026c3f80322528e139e94aafa3d278b093a5e097535aaf26423ed26ffe3d2,2026-08-09T11:59:17.690825+00:00
7641612059599389236,杰曼诺夫：数学是全球共同事业，APEC会议落户深圳非常恰当,75.0,3,external_positive,A,生产基线,3,20,Alibaba,deepseek/deepseek-v4-flash,False,message.content,20,20,,,gen-1786276874-GhaqFYpiRGsVjLbrET0B,stop,4.305452700704336,1,ok,,4c007bee2bec2071c395d2d41a336ee3bd88402418047df2eb878023dadd1b5d,fcacd0911e046cb86b81583210a0e3dac5d390634db7ace8c694a4c2d72eb0f1,f40026c3f80322528e139e94aafa3d278b093a5e097535aaf26423ed26ffe3d2,2026-08-09T12:01:17.209390+00:00
7641612059599389236,杰曼诺夫：数学是全球共同事业，APEC会议落户深圳非常恰当,75.0,3,external_positive,D,固定 provider + 关闭 reasoning,1,15,Alibaba,deepseek/deepseek-v4-flash,False,message.content,15,15,,,gen-1786276851-Y5eCjtXv0JDKGJFX97X7,stop,1.800137497484684,1,ok,,4c007bee2bec2071c395d2d41a336ee3bd88402418047df2eb878023dadd1b5d,fcacd0911e046cb86b81583210a0e3dac5d390634db7ace8c694a4c2d72eb0f1,4fd7750094534d18a6a37579d0ffb4d722a11a77ba4ad7864de1f334f2efc00b,2026-08-09T12:00:52.193160+00:00
7641612059599389236,杰曼诺夫：数学是全球共同事业，APEC会议落户深圳非常恰当,75.0,3,external_positive,D,固定 provider + 关闭 reasoning,2,15,Alibaba,deepseek/deepseek-v4-flash,False,message.content,15,15,,,gen-1786276683-1L7cHlGesA0g5lIiNcI1,stop,2.121160000562668,1,ok,,4c007bee2bec2071c395d2d41a336ee3bd88402418047df2eb878023dadd1b5d,fcacd0911e046cb86b81583210a0e3dac5d390634db7ace8c694a4c2d72eb0f1,4fd7750094534d18a6a37579d0ffb4d722a11a77ba4ad7864de1f334f2efc00b,2026-08-09T11:58:04.558371+00:00
7641612059599389236,杰曼诺夫：数学是全球共同事业，APEC会议落户深圳非常恰当,75.0,3,external_positive,D,固定 provider + 关闭 reasoning,3,15,Alibaba,deepseek/deepseek-v4-flash,False,message.content,15,15,,,gen-1786276873-n9oU1VsAcWdlsLfp1dLD,stop,2.0324781984090805,1,ok,,4c007bee2bec2071c395d2d41a336ee3bd88402418047df2eb878023dadd1b5d,fcacd0911e046cb86b81583210a0e3dac5d390634db7ace8c694a4c2d72eb0f1,4fd7750094534d18a6a37579d0ffb4d722a11a77ba4ad7864de1f334f2efc00b,2026-08-09T12:01:14.764482+00:00
7642171421166289454,2026年包头市高中阶段学校招生工作方案发布,65.0,3,external_positive,A,生产基线,1,85,Alibaba,deepseek/deepseek-v4-flash,False,message.content,85,85,,,gen-1786276504-Q2QBzwAsMIytGdxl7tdV,stop,8.07358380034566,1,ok,,33407ffd63742e7191a3b2680b86ae46dbae51ae870932fa6c99465766aea641,3743a4601b5750f0c70388cf0b1536d96b3f35b60df8adf57571cbd42fb92db5,5cefc9e3db5d20ee765c00772bccc6675ecae24f2e3f953abe67318ad6a3b0b0,2026-08-09T11:55:11.077167+00:00
7642171421166289454,2026年包头市高中阶段学校招生工作方案发布,65.0,3,external_positive,A,生产基线,2,45,Baidu,deepseek/deepseek-v4-flash,False,message.content,45,45,,,gen-1786276481-LnQrRKY6paa2kmY11NTG,stop,19.82374620065093,1,ok,,33407ffd63742e7191a3b2680b86ae46dbae51ae870932fa6c99465766aea641,3743a4601b5750f0c70388cf0b1536d96b3f35b60df8adf57571cbd42fb92db5,5cefc9e3db5d20ee765c00772bccc6675ecae24f2e3f953abe67318ad6a3b0b0,2026-08-09T11:55:00.295865+00:00
7642171421166289454,2026年包头市高中阶段学校招生工作方案发布,65.0,3,external_positive,A,生产基线,3,82,Alibaba,deepseek/deepseek-v4-flash,False,message.content,82,82,,,gen-1786276495-0S3yBKin2Ewz8qU15cYX,stop,8.141728103160858,1,ok,,33407ffd63742e7191a3b2680b86ae46dbae51ae870932fa6c99465766aea641,3743a4601b5750f0c70388cf0b1536d96b3f35b60df8adf57571cbd42fb92db5,5cefc9e3db5d20ee765c00772bccc6675ecae24f2e3f953abe67318ad6a3b0b0,2026-08-09T11:55:02.935151+00:00
7642171421166289454,2026年包头市高中阶段学校招生工作方案发布,65.0,3,external_positive,D,固定 provider + 关闭 reasoning,1,85,Alibaba,deepseek/deepseek-v4-flash,False,message.content,85,85,,,gen-1786276479-OZONbCSpSiu6Od2muZ0B,stop,2.987305197864771,1,ok,,33407ffd63742e7191a3b2680b86ae46dbae51ae870932fa6c99465766aea641,3743a4601b5750f0c70388cf0b1536d96b3f35b60df8adf57571cbd42fb92db5,69da8b94ed5c43bc2622271e9fd0c3191a545d04d16ed17ca4f90f7fd703fae8,2026-08-09T11:54:40.568522+00:00
7642171421166289454,2026年包头市高中阶段学校招生工作方案发布,65.0,3,external_positive,D,固定 provider + 关闭 reasoning,2,85,Alibaba,deepseek/deepseek-v4-flash,False,message.content,85,85,,,gen-1786276546-GziFOp3gEMhzCzyoUPXU,stop,2.000311601907015,1,ok,,33407ffd63742e7191a3b2680b86ae46dbae51ae870932fa6c99465766aea641,3743a4601b5750f0c70388cf0b1536d96b3f35b60df8adf57571cbd42fb92db5,69da8b94ed5c43bc2622271e9fd0c3191a545d04d16ed17ca4f90f7fd703fae8,2026-08-09T11:55:47.336201+00:00
7642171421166289454,2026年包头市高中阶段学校招生工作方案发布,65.0,3,external_positive,D,固定 provider + 关闭 reasoning,3,85,Alibaba,deepseek/deepseek-v4-flash,False,message.content,85,85,,,gen-1786276516-pfFq3UOHkT1yed5uRErU,stop,2.1975602991878986,1,ok,,33407ffd63742e7191a3b2680b86ae46dbae51ae870932fa6c99465766aea641,3743a4601b5750f0c70388cf0b1536d96b3f35b60df8adf57571cbd42fb92db5,69da8b94ed5c43bc2622271e9fd0c3191a545d04d16ed17ca4f90f7fd703fae8,2026-08-09T11:55:16.899865+00:00
7647328549414421002,全面贯彻党的教育方针 深入推进基础教育高质量发展,45.0,2,external_positive,A,生产基线,1,90,Alibaba,deepseek/deepseek-v4-flash,False,message.content,90,90,,,gen-1786276899-V7ULu20qjzmyb9sJ8KfY,stop,5.590111002326012,1,ok,,055cfb83c17b1e4a83486d30d940c0427f1143a38cb977018a64f9f80b129a56,854f1be52e1aad8028e947036da1ebaa28130485fedeecb1c385670bd43dc263,2928815169a3772ec91fa1cbea0eab9ffeeb1663ece537279670b986345e3c79,2026-08-09T12:01:43.919595+00:00
7647328549414421002,全面贯彻党的教育方针 深入推进基础教育高质量发展,45.0,2,external_positive,A,生产基线,2,85,Alibaba,deepseek/deepseek-v4-flash,False,message.content,85,85,,,gen-1786276643-c4WK2B3X1u2Y7PYRTqBE,stop,4.379226598888636,1,ok,,055cfb83c17b1e4a83486d30d940c0427f1143a38cb977018a64f9f80b129a56,854f1be52e1aad8028e947036da1ebaa28130485fedeecb1c385670bd43dc263,2928815169a3772ec91fa1cbea0eab9ffeeb1663ece537279670b986345e3c79,2026-08-09T11:57:26.662417+00:00
7647328549414421002,全面贯彻党的教育方针 深入推进基础教育高质量发展,45.0,2,external_positive,A,生产基线,3,95,Alibaba,deepseek/deepseek-v4-flash,False,message.content,95,95,,,gen-1786276785-x8FRQnyZgj1HunnM7N9U,stop,4.577771298587322,1,ok,,055cfb83c17b1e4a83486d30d940c0427f1143a38cb977018a64f9f80b129a56,854f1be52e1aad8028e947036da1ebaa28130485fedeecb1c385670bd43dc263,2928815169a3772ec91fa1cbea0eab9ffeeb1663ece537279670b986345e3c79,2026-08-09T11:59:48.824212+00:00
7647328549414421002,全面贯彻党的教育方针 深入推进基础教育高质量发展,45.0,2,external_positive,D,固定 provider + 关闭 reasoning,1,85,Alibaba,deepseek/deepseek-v4-flash,False,message.content,85,85,,,gen-1786276915-pfyFZUwzczwcBTPckC3Y,stop,1.8915144987404346,1,ok,,055cfb83c17b1e4a83486d30d940c0427f1143a38cb977018a64f9f80b129a56,854f1be52e1aad8028e947036da1ebaa28130485fedeecb1c385670bd43dc263,2d5d38a99b18161d0e01d8d784ee3ae8a2d6ac6bfba7bfd49b7e4e07ad6b2e1c,2026-08-09T12:01:56.372154+00:00
7647328549414421002,全面贯彻党的教育方针 深入推进基础教育高质量发展,45.0,2,external_positive,D,固定 provider + 关闭 reasoning,2,85,Alibaba,deepseek/deepseek-v4-flash,False,message.content,85,85,,,gen-1786276709-j6DXoCFCJGrGINWYLC1L,stop,1.9249923005700111,1,ok,,055cfb83c17b1e4a83486d30d940c0427f1143a38cb977018a64f9f80b129a56,854f1be52e1aad8028e947036da1ebaa28130485fedeecb1c385670bd43dc263,2d5d38a99b18161d0e01d8d784ee3ae8a2d6ac6bfba7bfd49b7e4e07ad6b2e1c,2026-08-09T11:58:30.753137+00:00
7647328549414421002,全面贯彻党的教育方针 深入推进基础教育高质量发展,45.0,2,external_positive,D,固定 provider + 关闭 reasoning,3,85,Alibaba,deepseek/deepseek-v4-flash,False,message.content,85,85,,,gen-1786276645-OJHyHCiLTUORiGw3bL2C,stop,1.8329126983880997,1,ok,,055cfb83c17b1e4a83486d30d940c0427f1143a38cb977018a64f9f80b129a56,854f1be52e1aad8028e947036da1ebaa28130485fedeecb1c385670bd43dc263,2d5d38a99b18161d0e01d8d784ee3ae8a2d6ac6bfba7bfd49b7e4e07ad6b2e1c,2026-08-09T11:57:26.370195+00:00
7648848244943962659,外媒关注：AI时代，中国迎来2026年全国高考,25.0,1,internal_positive,A,生产基线,1,30,Alibaba,deepseek/deepseek-v4-flash,False,message.content,30,30,,,gen-1786276653-AkxlGBU9PRrrEWBpVrQP,stop,6.939044799655676,1,ok,,2110025b0beb2ded438f3b430fde67219a9e5ad46c4cb4411f5979a7bd27ae15,0acdcc7ecac71e5d7e19454e94205f94c783ac0cb15452127393ff209d07857f,1c90559ce665b4b8fa5245826266dd4834d3f222fa6c4e0167031cdcc40731be,2026-08-09T11:57:39.255519+00:00
7648848244943962659,外媒关注：AI时代，中国迎来2026年全国高考,25.0,1,internal_positive,A,生产基线,2,30,Alibaba,deepseek/deepseek-v4-flash,False,message.content,30,30,,,gen-1786276665-ceFVC3uH772rl3ne4GVC,stop,12.007398001849651,1,ok,,2110025b0beb2ded438f3b430fde67219a9e5ad46c4cb4411f5979a7bd27ae15,0acdcc7ecac71e5d7e19454e94205f94c783ac0cb15452127393ff209d07857f,1c90559ce665b4b8fa5245826266dd4834d3f222fa6c4e0167031cdcc40731be,2026-08-09T11:57:56.874880+00:00
7648848244943962659,外媒关注：AI时代，中国迎来2026年全国高考,25.0,1,internal_positive,A,生产基线,3,25,Alibaba,deepseek/deepseek-v4-flash,False,message.content,25,25,,,gen-1786276783-8BYJyibgayNPlr3McRmR,stop,7.580355700105429,1,ok,,2110025b0beb2ded438f3b430fde67219a9e5ad46c4cb4411f5979a7bd27ae15,0acdcc7ecac71e5d7e19454e94205f94c783ac0cb15452127393ff209d07857f,1c90559ce665b4b8fa5245826266dd4834d3f222fa6c4e0167031cdcc40731be,2026-08-09T11:59:49.564145+00:00
7648848244943962659,外媒关注：AI时代，中国迎来2026年全国高考,25.0,1,internal_positive,D,固定 provider + 关闭 reasoning,1,75,Alibaba,deepseek/deepseek-v4-flash,False,message.content,75,75,,,gen-1786276682-mtKh8PAJQT9nsziwVX4Q,stop,2.1019973009824753,1,ok,,2110025b0beb2ded438f3b430fde67219a9e5ad46c4cb4411f5979a7bd27ae15,0acdcc7ecac71e5d7e19454e94205f94c783ac0cb15452127393ff209d07857f,55e53a05dae2937f9d86a8c79ccb885d49fc90059d4d2567fefec11cdfd2c7a6,2026-08-09T11:58:02.925671+00:00
7648848244943962659,外媒关注：AI时代，中国迎来2026年全国高考,25.0,1,internal_positive,D,固定 provider + 关闭 reasoning,2,15,Alibaba,deepseek/deepseek-v4-flash,False,message.content,15,15,,,gen-1786276697-TUmDLatRgXetxp24PlNd,stop,1.8204502016305923,1,ok,,2110025b0beb2ded438f3b430fde67219a9e5ad46c4cb4411f5979a7bd27ae15,0acdcc7ecac71e5d7e19454e94205f94c783ac0cb15452127393ff209d07857f,55e53a05dae2937f9d86a8c79ccb885d49fc90059d4d2567fefec11cdfd2c7a6,2026-08-09T11:58:18.370305+00:00
7648848244943962659,外媒关注：AI时代，中国迎来2026年全国高考,25.0,1,internal_positive,D,固定 provider + 关闭 reasoning,3,75,Alibaba,deepseek/deepseek-v4-flash,False,message.content,75,75,,,gen-1786276797-smPfQIHoOWj8b7CpnhZ1,stop,1.8580729998648167,1,ok,,2110025b0beb2ded438f3b430fde67219a9e5ad46c4cb4411f5979a7bd27ae15,0acdcc7ecac71e5d7e19454e94205f94c783ac0cb15452127393ff209d07857f,55e53a05dae2937f9d86a8c79ccb885d49fc90059d4d2567fefec11cdfd2c7a6,2026-08-09T11:59:58.069825+00:00
7651202577623597611,确诊肺癌晚期坚持读研，她的毕业发言打动网友……,0.0,0,external_positive,A,生产基线,1,15,Alibaba,deepseek/deepseek-v4-flash,False,message.content,15,15,,,gen-1786276745-ftRHgrtNHSMrLSYBTfwZ,stop,4.041972499340773,1,ok,,670d1bcbc427ab7856596fcb569af1b4b0469f9f92d026bbddd5333f64d19d9d,25edfb03f58c755f428ee0262c3da963957aac0e960354a343544eb5e30fe80f,0068ffb4665d013d408df1a0a0887284e1de8cfea99ecc0547fc5efccf3ae305,2026-08-09T11:59:08.065558+00:00
7651202577623597611,确诊肺癌晚期坚持读研，她的毕业发言打动网友……,0.0,0,external_positive,A,生产基线,2,15,Alibaba,deepseek/deepseek-v4-flash,False,message.content,15,15,,,gen-1786276650-USmlQhLTPhQL6rNVp3DL,stop,3.4797444008290768,1,ok,,670d1bcbc427ab7856596fcb569af1b4b0469f9f92d026bbddd5333f64d19d9d,25edfb03f58c755f428ee0262c3da963957aac0e960354a343544eb5e30fe80f,0068ffb4665d013d408df1a0a0887284e1de8cfea99ecc0547fc5efccf3ae305,2026-08-09T11:57:32.940232+00:00
7651202577623597611,确诊肺癌晚期坚持读研，她的毕业发言打动网友……,0.0,0,external_positive,A,生产基线,3,10,Alibaba,deepseek/deepseek-v4-flash,False,message.content,10,10,,,gen-1786276855-1iG4dXNsMCdHC0amrHOi,stop,5.162795200943947,1,ok,,670d1bcbc427ab7856596fcb569af1b4b0469f9f92d026bbddd5333f64d19d9d,25edfb03f58c755f428ee0262c3da963957aac0e960354a343544eb5e30fe80f,0068ffb4665d013d408df1a0a0887284e1de8cfea99ecc0547fc5efccf3ae305,2026-08-09T12:00:59.092031+00:00
7651202577623597611,确诊肺癌晚期坚持读研，她的毕业发言打动网友……,0.0,0,external_positive,D,固定 provider + 关闭 reasoning,1,15,Alibaba,deepseek/deepseek-v4-flash,False,message.content,15,15,,,gen-1786276686-kM5F0sWD4XKphWISg7WC,stop,1.9072652012109756,1,ok,,670d1bcbc427ab7856596fcb569af1b4b0469f9f92d026bbddd5333f64d19d9d,25edfb03f58c755f428ee0262c3da963957aac0e960354a343544eb5e30fe80f,be44f9491c2ae7893ea37056bb4ce92d91935a662000065bf6c7741943f67d41,2026-08-09T11:58:07.615638+00:00
7651202577623597611,确诊肺癌晚期坚持读研，她的毕业发言打动网友……,0.0,0,external_positive,D,固定 provider + 关闭 reasoning,2,0,Alibaba,deepseek/deepseek-v4-flash,False,message.content,0,0,,,gen-1786276721-gQC10MsmjohZqbsOdUTB,stop,1.6759193986654282,1,ok,,670d1bcbc427ab7856596fcb569af1b4b0469f9f92d026bbddd5333f64d19d9d,25edfb03f58c755f428ee0262c3da963957aac0e960354a343544eb5e30fe80f,be44f9491c2ae7893ea37056bb4ce92d91935a662000065bf6c7741943f67d41,2026-08-09T11:58:41.661036+00:00
7651202577623597611,确诊肺癌晚期坚持读研，她的毕业发言打动网友……,0.0,0,external_positive,D,固定 provider + 关闭 reasoning,3,0,Alibaba,deepseek/deepseek-v4-flash,False,message.content,0,0,,,gen-1786276918-NnNIh2c8KwHCk3T0URlA,stop,2.2374465987086296,1,ok,,670d1bcbc427ab7856596fcb569af1b4b0469f9f92d026bbddd5333f64d19d9d,25edfb03f58c755f428ee0262c3da963957aac0e960354a343544eb5e30fe80f,be44f9491c2ae7893ea37056bb4ce92d91935a662000065bf6c7741943f67d41,2026-08-09T12:01:59.029317+00:00
7654343116148818458,世界青年以创意经济共绘未来,35.0,1,external_positive,A,生产基线,1,0,Alibaba,deepseek/deepseek-v4-flash,False,message.content,0,0,,,gen-1786276673-peAsKh0KAVGEvw3jIOvI,stop,3.766983699053526,1,ok,,ed471e4df006118848317efb94e2157a3452e0d4314e6ea96a7c2c308a44db78,a4bb2b1e406c097a0a4e68a95c021aaa276f21691efe62bd16c6c0a3e0520e4f,2b65b6819647abd90747c13f2eeb2a5915e8eb74c08d89287b72ab21d911c4c4,2026-08-09T11:57:55.774860+00:00
7654343116148818458,世界青年以创意经济共绘未来,35.0,1,external_positive,A,生产基线,2,10,Alibaba,deepseek/deepseek-v4-flash,False,message.content,10,10,,,gen-1786276690-KVK6axfY8zig8y7NE03A,stop,4.457096301019192,1,ok,,ed471e4df006118848317efb94e2157a3452e0d4314e6ea96a7c2c308a44db78,a4bb2b1e406c097a0a4e68a95c021aaa276f21691efe62bd16c6c0a3e0520e4f,2b65b6819647abd90747c13f2eeb2a5915e8eb74c08d89287b72ab21d911c4c4,2026-08-09T11:58:13.892786+00:00
7654343116148818458,世界青年以创意经济共绘未来,35.0,1,external_positive,A,生产基线,3,8,Alibaba,deepseek/deepseek-v4-flash,False,message.content,8,8,,,gen-1786276685-A3xWhTcZgpKqi3aYpdv7,stop,4.756222598254681,1,ok,,ed471e4df006118848317efb94e2157a3452e0d4314e6ea96a7c2c308a44db78,a4bb2b1e406c097a0a4e68a95c021aaa276f21691efe62bd16c6c0a3e0520e4f,2b65b6819647abd90747c13f2eeb2a5915e8eb74c08d89287b72ab21d911c4c4,2026-08-09T11:58:09.031887+00:00
7654343116148818458,世界青年以创意经济共绘未来,35.0,1,external_positive,D,固定 provider + 关闭 reasoning,1,45,Alibaba,deepseek/deepseek-v4-flash,False,message.content,45,45,,,gen-1786276648-fe4PuKk1lqJG2uqGEHeQ,stop,2.250619400292635,1,ok,,ed471e4df006118848317efb94e2157a3452e0d4314e6ea96a7c2c308a44db78,a4bb2b1e406c097a0a4e68a95c021aaa276f21691efe62bd16c6c0a3e0520e4f,23351ac3421cd3622986be2b1d4cefa2107b034cfc752920596fcf5c1cc6d2ff,2026-08-09T11:57:28.762656+00:00
7654343116148818458,世界青年以创意经济共绘未来,35.0,1,external_positive,D,固定 provider + 关闭 reasoning,2,75,Alibaba,deepseek/deepseek-v4-flash,False,message.content,75,75,,,gen-1786276801-f0dtsayORBHrF6NbRWAj,stop,2.5556863993406296,1,ok,,ed471e4df006118848317efb94e2157a3452e0d4314e6ea96a7c2c308a44db78,a4bb2b1e406c097a0a4e68a95c021aaa276f21691efe62bd16c6c0a3e0520e4f,23351ac3421cd3622986be2b1d4cefa2107b034cfc752920596fcf5c1cc6d2ff,2026-08-09T12:00:02.385374+00:00
7654343116148818458,世界青年以创意经济共绘未来,35.0,1,external_positive,D,固定 provider + 关闭 reasoning,3,75,Alibaba,deepseek/deepseek-v4-flash,False,message.content,75,75,,,gen-1786276743-R3QqRD3bGAiJjj987thO,stop,2.197978101670742,1,ok,,ed471e4df006118848317efb94e2157a3452e0d4314e6ea96a7c2c308a44db78,a4bb2b1e406c097a0a4e68a95c021aaa276f21691efe62bd16c6c0a3e0520e4f,23351ac3421cd3622986be2b1d4cefa2107b034cfc752920596fcf5c1cc6d2ff,2026-08-09T11:59:03.781759+00:00
7654836356425826868,清底筑基 暖心赋能,5.0,0,internal_positive,A,生产基线,1,0,Alibaba,deepseek/deepseek-v4-flash,False,message.content,0,0,,,gen-1786276488-7d4kBFunYewk88zoovto,stop,5.587811700999737,1,ok,,2d7bd0b736296e112b0ddf81cd3b6f053a61a594afb99904034dfd6817329f45,b49a21cbb147c034814db5ebd5855304426b04530a58c4e580c5a64411810533,8db4041a6208a319bc738075d679a7b9de580ee35dbd7a2d257bfab0555a671d,2026-08-09T11:54:53.082595+00:00
7654836356425826868,清底筑基 暖心赋能,5.0,0,internal_positive,A,生产基线,2,0,Alibaba,deepseek/deepseek-v4-flash,False,message.content,0,0,,,gen-1786276501-fm0LLYERzV10qJ8FAeJe,stop,4.386214397847652,1,ok,,2d7bd0b736296e112b0ddf81cd3b6f053a61a594afb99904034dfd6817329f45,b49a21cbb147c034814db5ebd5855304426b04530a58c4e580c5a64411810533,8db4041a6208a319bc738075d679a7b9de580ee35dbd7a2d257bfab0555a671d,2026-08-09T11:55:04.683563+00:00
7654836356425826868,清底筑基 暖心赋能,5.0,0,internal_positive,A,生产基线,3,0,Alibaba,deepseek/deepseek-v4-flash,False,message.content,0,0,,,gen-1786276516-3Hroonve8Nq54hAV9IeO,stop,5.076473601162434,1,ok,,2d7bd0b736296e112b0ddf81cd3b6f053a61a594afb99904034dfd6817329f45,b49a21cbb147c034814db5ebd5855304426b04530a58c4e580c5a64411810533,8db4041a6208a319bc738075d679a7b9de580ee35dbd7a2d257bfab0555a671d,2026-08-09T11:55:20.737052+00:00
7654836356425826868,清底筑基 暖心赋能,5.0,0,internal_positive,D,固定 provider + 关闭 reasoning,1,0,Alibaba,deepseek/deepseek-v4-flash,False,message.content,0,0,,,gen-1786276508-bHVeQhEuvadWe5fMWcWf,stop,1.9805663004517555,1,ok,,2d7bd0b736296e112b0ddf81cd3b6f053a61a594afb99904034dfd6817329f45,b49a21cbb147c034814db5ebd5855304426b04530a58c4e580c5a64411810533,855322202b03e38370f29c99ae2c6f5edfce720c1451d446f3ceffe0ff18be8e,2026-08-09T11:55:09.384020+00:00
7654836356425826868,清底筑基 暖心赋能,5.0,0,internal_positive,D,固定 provider + 关闭 reasoning,2,0,Alibaba,deepseek/deepseek-v4-flash,False,message.content,0,0,,,gen-1786276510-wZnWWxtjxccdTAXBD4pq,stop,1.8871480002999306,1,ok,,2d7bd0b736296e112b0ddf81cd3b6f053a61a594afb99904034dfd6817329f45,b49a21cbb147c034814db5ebd5855304426b04530a58c4e580c5a64411810533,855322202b03e38370f29c99ae2c6f5edfce720c1451d446f3ceffe0ff18be8e,2026-08-09T11:55:11.467232+00:00
7654836356425826868,清底筑基 暖心赋能,5.0,0,internal_positive,D,固定 provider + 关闭 reasoning,3,0,Alibaba,deepseek/deepseek-v4-flash,False,message.content,0,0,,,gen-1786276534-kdJ93dIR9DVziJlMybrJ,stop,2.0994686000049114,1,ok,,2d7bd0b736296e112b0ddf81cd3b6f053a61a594afb99904034dfd6817329f45,b49a21cbb147c034814db5ebd5855304426b04530a58c4e580c5a64411810533,855322202b03e38370f29c99ae2c6f5edfce720c1451d446f3ceffe0ff18be8e,2026-08-09T11:55:35.165688+00:00
7657774130418237952,文化新地标！华中师范大学开沅人文馆开馆,0.0,0,external_positive,A,生产基线,1,15,Alibaba,deepseek/deepseek-v4-flash,False,message.content,15,15,,,gen-1786276512-VZZrsNYOa5Ds8E14soYd,stop,4.229199502617121,1,ok,,66aea59a7f5c85766f97b04b803511a8176ef99933f1360dd127be6ebc327c13,29b5deed5657d3ef2076c9d6f8f17e5b91942093623999ca4d9135d638874978,6557de95b8fc82e6eecf41159cd86e42a2cd20ab1207f71026911f412d1e16c3,2026-08-09T11:55:15.962143+00:00
7657774130418237952,文化新地标！华中师范大学开沅人文馆开馆,0.0,0,external_positive,A,生产基线,2,15,Alibaba,deepseek/deepseek-v4-flash,False,message.content,15,15,,,gen-1786276542-X2Cf6s8exzcJZij7sU9R,stop,3.808942999690771,1,ok,,66aea59a7f5c85766f97b04b803511a8176ef99933f1360dd127be6ebc327c13,29b5deed5657d3ef2076c9d6f8f17e5b91942093623999ca4d9135d638874978,6557de95b8fc82e6eecf41159cd86e42a2cd20ab1207f71026911f412d1e16c3,2026-08-09T11:55:44.768938+00:00
7657774130418237952,文化新地标！华中师范大学开沅人文馆开馆,0.0,0,external_positive,A,生产基线,3,20,Alibaba,deepseek/deepseek-v4-flash,False,message.content,20,20,,,gen-1786276491-jhXNPUtIABW1ur2OwQHD,stop,11.656481999903917,1,ok,,66aea59a7f5c85766f97b04b803511a8176ef99933f1360dd127be6ebc327c13,29b5deed5657d3ef2076c9d6f8f17e5b91942093623999ca4d9135d638874978,6557de95b8fc82e6eecf41159cd86e42a2cd20ab1207f71026911f412d1e16c3,2026-08-09T11:55:02.300900+00:00
7657774130418237952,文化新地标！华中师范大学开沅人文馆开馆,0.0,0,external_positive,D,固定 provider + 关闭 reasoning,1,18,Alibaba,deepseek/deepseek-v4-flash,False,message.content,18,18,,,gen-1786276521-AsfHotdWwMWDJ9bgEcQ6,stop,1.6620206013321877,1,ok,,66aea59a7f5c85766f97b04b803511a8176ef99933f1360dd127be6ebc327c13,29b5deed5657d3ef2076c9d6f8f17e5b91942093623999ca4d9135d638874978,27170b981d22d7036e0cac7651a8486e698bffd779a967544636c9350e916304,2026-08-09T11:55:22.401263+00:00
7657774130418237952,文化新地标！华中师范大学开沅人文馆开馆,0.0,0,external_positive,D,固定 provider + 关闭 reasoning,2,15,Alibaba,deepseek/deepseek-v4-flash,False,message.content,15,15,,,gen-1786276497-V6pQQmHHWM1dYflLJapo,stop,1.860164500772953,1,ok,,66aea59a7f5c85766f97b04b803511a8176ef99933f1360dd127be6ebc327c13,29b5deed5657d3ef2076c9d6f8f17e5b91942093623999ca4d9135d638874978,27170b981d22d7036e0cac7651a8486e698bffd779a967544636c9350e916304,2026-08-09T11:54:57.516092+00:00
7657774130418237952,文化新地标！华中师范大学开沅人文馆开馆,0.0,0,external_positive,D,固定 provider + 关闭 reasoning,3,18,Alibaba,deepseek/deepseek-v4-flash,False,message.content,18,18,,,gen-1786276504-VekaYR5mOsxen17ZnmQ1,stop,1.7123518995940685,1,ok,,66aea59a7f5c85766f97b04b803511a8176ef99933f1360dd127be6ebc327c13,29b5deed5657d3ef2076c9d6f8f17e5b91942093623999ca4d9135d638874978,27170b981d22d7036e0cac7651a8486e698bffd779a967544636c9350e916304,2026-08-09T11:55:04.648918+00:00
7658936010105815567,打造中国国际青少年数字体育赛事新范式！WIRC智能机器人大赛启动,35.0,1,internal_positive,A,生产基线,1,40,Alibaba,deepseek/deepseek-v4-flash,False,message.content,40,40,,,gen-1786276844-OmOqGIhGZ3nw6xv7FacE,stop,3.880189999938011,1,ok,,aacd72793e041190fd6b01cc2ddf2541a25f423a0a79ed1c365366d0d0abe252,c99f6bd49df759cfc6bb24300420d78e9db7f1cbfee56eacd00852c518b4e323,aaaf6b914d8c42c123e41acf7b8d421321fe9cfa447e835a5b243bf02350df62,2026-08-09T12:00:46.893803+00:00
7658936010105815567,打造中国国际青少年数字体育赛事新范式！WIRC智能机器人大赛启动,35.0,1,internal_positive,A,生产基线,2,42,Alibaba,deepseek/deepseek-v4-flash,False,message.content,42,42,,,gen-1786276749-WzETvKTyxKXq8CgHZ7ov,stop,17.34847930073738,1,ok,,aacd72793e041190fd6b01cc2ddf2541a25f423a0a79ed1c365366d0d0abe252,c99f6bd49df759cfc6bb24300420d78e9db7f1cbfee56eacd00852c518b4e323,aaaf6b914d8c42c123e41acf7b8d421321fe9cfa447e835a5b243bf02350df62,2026-08-09T11:59:25.514267+00:00
7658936010105815567,打造中国国际青少年数字体育赛事新范式！WIRC智能机器人大赛启动,35.0,1,internal_positive,A,生产基线,3,45,Alibaba,deepseek/deepseek-v4-flash,False,message.content,45,45,,,gen-1786276817-bu96tgGgLZiCL7Dwn61J,stop,4.964707598090172,1,ok,,aacd72793e041190fd6b01cc2ddf2541a25f423a0a79ed1c365366d0d0abe252,c99f6bd49df759cfc6bb24300420d78e9db7f1cbfee56eacd00852c518b4e323,aaaf6b914d8c42c123e41acf7b8d421321fe9cfa447e835a5b243bf02350df62,2026-08-09T12:00:21.068526+00:00
7658936010105815567,打造中国国际青少年数字体育赛事新范式！WIRC智能机器人大赛启动,35.0,1,internal_positive,D,固定 provider + 关闭 reasoning,1,65,Alibaba,deepseek/deepseek-v4-flash,False,message.content,65,65,,,gen-1786276746-PnviWkmLz3DcPwMfsSgm,stop,1.8992245011031628,1,ok,,aacd72793e041190fd6b01cc2ddf2541a25f423a0a79ed1c365366d0d0abe252,c99f6bd49df759cfc6bb24300420d78e9db7f1cbfee56eacd00852c518b4e323,d123048291bb1cf9c8b693b65a7ac92807006c4ec590330e9ae3c0f4c16ca5c1,2026-08-09T11:59:07.636949+00:00
7658936010105815567,打造中国国际青少年数字体育赛事新范式！WIRC智能机器人大赛启动,35.0,1,internal_positive,D,固定 provider + 关闭 reasoning,2,35,Alibaba,deepseek/deepseek-v4-flash,False,message.content,35,35,,,gen-1786276773-zXvw7MU2tzIiTAZLECH7,stop,1.9677385985851288,1,ok,,aacd72793e041190fd6b01cc2ddf2541a25f423a0a79ed1c365366d0d0abe252,c99f6bd49df759cfc6bb24300420d78e9db7f1cbfee56eacd00852c518b4e323,d123048291bb1cf9c8b693b65a7ac92807006c4ec590330e9ae3c0f4c16ca5c1,2026-08-09T11:59:34.126610+00:00
7658936010105815567,打造中国国际青少年数字体育赛事新范式！WIRC智能机器人大赛启动,35.0,1,internal_positive,D,固定 provider + 关闭 reasoning,3,35,Alibaba,deepseek/deepseek-v4-flash,False,message.content,35,35,,,gen-1786276684-5F3tkIWgcKSByV7xyboF,stop,2.08148580044508,1,ok,,aacd72793e041190fd6b01cc2ddf2541a25f423a0a79ed1c365366d0d0abe252,c99f6bd49df759cfc6bb24300420d78e9db7f1cbfee56eacd00852c518b4e323,d123048291bb1cf9c8b693b65a7ac92807006c4ec590330e9ae3c0f4c16ca5c1,2026-08-09T11:58:05.008452+00:00
7659340936928887336,大理巍山国家级流动科普试点工作圆满收官,55.0,2,external_positive,D,固定 provider + 关闭 reasoning,1,0,Alibaba,deepseek/deepseek-v4-flash,False,message.content,0,0,,,gen-1786276650-ZugOYJI2IbAaBPwMDxCV,stop,1.8668889999389648,1,ok,,2780e7bee7ff4c840735dfd035a4f17d8b1bdccd76cf5ab254afb6f880b59810,2df5ae701a70b205665acd7ff1a8eff09ef109ff5d905324ebc0da9757344820,b1f0762e9e70df28683f68321c05f4a45f1e77c92912a778102fd929b68a960e,2026-08-09T11:57:31.480262+00:00
7659340936928887336,大理巍山国家级流动科普试点工作圆满收官,55.0,2,external_positive,D,固定 provider + 关闭 reasoning,2,0,Alibaba,deepseek/deepseek-v4-flash,False,message.content,0,0,,,gen-1786276851-YTZPwqeMjWjvWWd2szOG,stop,1.6625743992626667,1,ok,,2780e7bee7ff4c840735dfd035a4f17d8b1bdccd76cf5ab254afb6f880b59810,2df5ae701a70b205665acd7ff1a8eff09ef109ff5d905324ebc0da9757344820,b1f0762e9e70df28683f68321c05f4a45f1e77c92912a778102fd929b68a960e,2026-08-09T12:00:51.697079+00:00
7659340936928887336,大理巍山国家级流动科普试点工作圆满收官,55.0,2,external_positive,D,固定 provider + 关闭 reasoning,3,0,Alibaba,deepseek/deepseek-v4-flash,False,message.content,0,0,,,gen-1786276849-B6gCaTCUmWePpD0ZHjSM,stop,1.6908771023154259,1,ok,,2780e7bee7ff4c840735dfd035a4f17d8b1bdccd76cf5ab254afb6f880b59810,2df5ae701a70b205665acd7ff1a8eff09ef109ff5d905324ebc0da9757344820,b1f0762e9e70df28683f68321c05f4a45f1e77c92912a778102fd929b68a960e,2026-08-09T12:00:50.391626+00:00
7659340936928887336,大理巍山国家级流动科普试点工作圆满收官,55.0,2,external_positive,D,固定 provider + 关闭 reasoning,4,0,Alibaba,deepseek/deepseek-v4-flash,False,message.content,0,0,,,gen-1786276903-wNKvezA7p5iBcVdCKLsj,stop,1.7271533980965614,1,ok,,2780e7bee7ff4c840735dfd035a4f17d8b1bdccd76cf5ab254afb6f880b59810,2df5ae701a70b205665acd7ff1a8eff09ef109ff5d905324ebc0da9757344820,b1f0762e9e70df28683f68321c05f4a45f1e77c92912a778102fd929b68a960e,2026-08-09T12:01:43.781528+00:00
7659340936928887336,大理巍山国家级流动科普试点工作圆满收官,55.0,2,external_positive,D,固定 provider + 关闭 reasoning,5,0,Alibaba,deepseek/deepseek-v4-flash,False,message.content,0,0,,,gen-1786276766-0CBbTRAScF5ov4x6cErH,stop,1.7338139973580837,1,ok,,2780e7bee7ff4c840735dfd035a4f17d8b1bdccd76cf5ab254afb6f880b59810,2df5ae701a70b205665acd7ff1a8eff09ef109ff5d905324ebc0da9757344820,b1f0762e9e70df28683f68321c05f4a45f1e77c92912a778102fd929b68a960e,2026-08-09T11:59:26.669569+00:00
7661936229721686547,2026台州·北京宣传推广周启幕 “阅读＋文旅”融合展现山海魅力,0.0,0,internal_positive,A,生产基线,1,5,Alibaba,deepseek/deepseek-v4-flash,False,message.content,5,5,,,gen-1786276781-pQnNywamWJo3fVyT8SIx,stop,9.10982570052147,1,ok,,1800e23d8b343e2ba519a4e959b2d142fe19015230767495729a08cb203b7cc4,3f5d40e16413d39c0a75c27166ec64efc817c72b2cc78dbc33a1ceda26ac69e4,b3b54a2572ba512701196a03b4c591787d9e4ea4f387ba8b89455298766c792a,2026-08-09T11:59:49.032679+00:00
7661936229721686547,2026台州·北京宣传推广周启幕 “阅读＋文旅”融合展现山海魅力,0.0,0,internal_positive,A,生产基线,2,0,Alibaba,deepseek/deepseek-v4-flash,False,message.content,0,0,,,gen-1786276804-LogpVi9YQvxkNP8zLCS5,stop,5.625456102192402,1,ok,,1800e23d8b343e2ba519a4e959b2d142fe19015230767495729a08cb203b7cc4,3f5d40e16413d39c0a75c27166ec64efc817c72b2cc78dbc33a1ceda26ac69e4,b3b54a2572ba512701196a03b4c591787d9e4ea4f387ba8b89455298766c792a,2026-08-09T12:00:08.574211+00:00
7661936229721686547,2026台州·北京宣传推广周启幕 “阅读＋文旅”融合展现山海魅力,0.0,0,internal_positive,A,生产基线,3,0,Alibaba,deepseek/deepseek-v4-flash,False,message.content,0,0,,,gen-1786276700-82nEviJEhmPV9EWqAvG3,stop,4.439104299992323,1,ok,,1800e23d8b343e2ba519a4e959b2d142fe19015230767495729a08cb203b7cc4,3f5d40e16413d39c0a75c27166ec64efc817c72b2cc78dbc33a1ceda26ac69e4,b3b54a2572ba512701196a03b4c591787d9e4ea4f387ba8b89455298766c792a,2026-08-09T11:58:23.706767+00:00
7661936229721686547,2026台州·北京宣传推广周启幕 “阅读＋文旅”融合展现山海魅力,0.0,0,internal_positive,D,固定 provider + 关闭 reasoning,1,0,Alibaba,deepseek/deepseek-v4-flash,False,message.content,0,0,,,gen-1786276707-qE8sNpo5MO6iLZMHlgeY,stop,2.01766249909997,1,ok,,1800e23d8b343e2ba519a4e959b2d142fe19015230767495729a08cb203b7cc4,3f5d40e16413d39c0a75c27166ec64efc817c72b2cc78dbc33a1ceda26ac69e4,06df07a6f33a116047540061f770956707f785120c50161b961f469ac5a71844,2026-08-09T11:58:28.826086+00:00
7661936229721686547,2026台州·北京宣传推广周启幕 “阅读＋文旅”融合展现山海魅力,0.0,0,internal_positive,D,固定 provider + 关闭 reasoning,2,0,Alibaba,deepseek/deepseek-v4-flash,False,message.content,0,0,,,gen-1786276728-jiw1epXocmfF29SnbFvG,stop,1.8114058002829552,1,ok,,1800e23d8b343e2ba519a4e959b2d142fe19015230767495729a08cb203b7cc4,3f5d40e16413d39c0a75c27166ec64efc817c72b2cc78dbc33a1ceda26ac69e4,06df07a6f33a116047540061f770956707f785120c50161b961f469ac5a71844,2026-08-09T11:58:48.973964+00:00
7661936229721686547,2026台州·北京宣传推广周启幕 “阅读＋文旅”融合展现山海魅力,0.0,0,internal_positive,D,固定 provider + 关闭 reasoning,3,0,Alibaba,deepseek/deepseek-v4-flash,False,message.content,0,0,,,gen-1786276677-jxAMaFyxKrLt8DDQIvli,stop,1.9913409985601902,1,ok,,1800e23d8b343e2ba519a4e959b2d142fe19015230767495729a08cb203b7cc4,3f5d40e16413d39c0a75c27166ec64efc817c72b2cc78dbc33a1ceda26ac69e4,06df07a6f33a116047540061f770956707f785120c50161b961f469ac5a71844,2026-08-09T11:57:58.518949+00:00
7664113108658487860,舞剧《李清照》登陆国家大剧院，研学团队重温宋代风华,0.0,0,internal_positive,A,生产基线,1,35,Alibaba,deepseek/deepseek-v4-flash,False,message.content,35,35,,,gen-1786276919-1c09bABTItVkpR5NXuxB,stop,13.525690600275993,1,ok,,77111e79b12db161b4915b3d5b1f0b961591a24cd1cade5c32da38e82d74b128,3bcd1729e2666adb71d94252819bc3d6cea9adc02ed3fc0b138e09cf3db63cfc,c5c40b2e1e80fbbfe1080767bfa1dec16e2e590adcacdbd0a3d8db99a0f23661,2026-08-09T12:02:12.034365+00:00
7664113108658487860,舞剧《李清照》登陆国家大剧院，研学团队重温宋代风华,0.0,0,internal_positive,A,生产基线,2,35,Alibaba,deepseek/deepseek-v4-flash,False,message.content,35,35,,,gen-1786276692-bl7HQUUVHShx6ELorvy9,stop,15.086279101669788,1,ok,,77111e79b12db161b4915b3d5b1f0b961591a24cd1cade5c32da38e82d74b128,3bcd1729e2666adb71d94252819bc3d6cea9adc02ed3fc0b138e09cf3db63cfc,c5c40b2e1e80fbbfe1080767bfa1dec16e2e590adcacdbd0a3d8db99a0f23661,2026-08-09T11:58:26.397230+00:00
7664113108658487860,舞剧《李清照》登陆国家大剧院，研学团队重温宋代风华,0.0,0,internal_positive,A,生产基线,3,25,Alibaba,deepseek/deepseek-v4-flash,False,message.content,25,25,,,gen-1786276770-T8QLl17LX5FNcxxpS5Wk,stop,10.727615103125572,1,ok,,77111e79b12db161b4915b3d5b1f0b961591a24cd1cade5c32da38e82d74b128,3bcd1729e2666adb71d94252819bc3d6cea9adc02ed3fc0b138e09cf3db63cfc,c5c40b2e1e80fbbfe1080767bfa1dec16e2e590adcacdbd0a3d8db99a0f23661,2026-08-09T11:59:39.921454+00:00
7664113108658487860,舞剧《李清照》登陆国家大剧院，研学团队重温宋代风华,0.0,0,internal_positive,D,固定 provider + 关闭 reasoning,1,15,Alibaba,deepseek/deepseek-v4-flash,False,message.content,15,15,,,gen-1786276842-GrvUVKj085Wx8isuyqWV,stop,2.1110107973217964,1,ok,,77111e79b12db161b4915b3d5b1f0b961591a24cd1cade5c32da38e82d74b128,3bcd1729e2666adb71d94252819bc3d6cea9adc02ed3fc0b138e09cf3db63cfc,c3842993092c4fd15a9734af550642e80bfdae6bf43f646af193ea5fc9aaf921,2026-08-09T12:00:42.883841+00:00
7664113108658487860,舞剧《李清照》登陆国家大剧院，研学团队重温宋代风华,0.0,0,internal_positive,D,固定 provider + 关闭 reasoning,2,65,Alibaba,deepseek/deepseek-v4-flash,False,message.content,65,65,,,gen-1786276909-xLML7kvhOtLwkyJj5AJ0,stop,1.8690630979835987,1,ok,,77111e79b12db161b4915b3d5b1f0b961591a24cd1cade5c32da38e82d74b128,3bcd1729e2666adb71d94252819bc3d6cea9adc02ed3fc0b138e09cf3db63cfc,c3842993092c4fd15a9734af550642e80bfdae6bf43f646af193ea5fc9aaf921,2026-08-09T12:01:50.279625+00:00
7664113108658487860,舞剧《李清照》登陆国家大剧院，研学团队重温宋代风华,0.0,0,internal_positive,D,固定 provider + 关闭 reasoning,3,15,Alibaba,deepseek/deepseek-v4-flash,False,message.content,15,15,,,gen-1786276892-48lUNvTX7DZz9hZV9ceX,stop,2.098319601267576,1,ok,,77111e79b12db161b4915b3d5b1f0b961591a24cd1cade5c32da38e82d74b128,3bcd1729e2666adb71d94252819bc3d6cea9adc02ed3fc0b138e09cf3db63cfc,c3842993092c4fd15a9734af550642e80bfdae6bf43f646af193ea5fc9aaf921,2026-08-09T12:01:33.062713+00:00
7665280166154781238,体育强国建设“十五五”规划发布，设定五项主要指标,65.0,3,internal_positive,A,生产基线,1,88,Venice,deepseek/deepseek-v4-flash,False,message.content,88,88,,,gen-1786276776-uJhiKuSRvsRcGloXzFO7,stop,61.762410301715136,1,ok,,ceb6b678a7ccf9c73433c355a36642bf9d0e16f8817f6fce88af3653c10cff9f,99c93415287dd127d89152cc6349b79d9c6fae417b5a47cc61923ecadb52f2ce,27acdf8d89dae4c852dce491871a41bd76c218e7e8db07bc81ccead43486a305,2026-08-09T12:00:37.540615+00:00
7665280166154781238,体育强国建设“十五五”规划发布，设定五项主要指标,65.0,3,internal_positive,A,生产基线,2,10,Alibaba,deepseek/deepseek-v4-flash,False,message.content,10,10,,,gen-1786276845-Jn2i6eeixwpFiwtDfPju,stop,9.97475590184331,1,ok,,ceb6b678a7ccf9c73433c355a36642bf9d0e16f8817f6fce88af3653c10cff9f,99c93415287dd127d89152cc6349b79d9c6fae417b5a47cc61923ecadb52f2ce,27acdf8d89dae4c852dce491871a41bd76c218e7e8db07bc81ccead43486a305,2026-08-09T12:00:53.927168+00:00
7665280166154781238,体育强国建设“十五五”规划发布，设定五项主要指标,65.0,3,internal_positive,A,生产基线,3,12,Baidu,deepseek/deepseek-v4-flash,False,message.content,12,12,,,gen-1786276745-DAwYoCY5xk2weyB1eNxf,stop,45.78153499960899,1,ok,,ceb6b678a7ccf9c73433c355a36642bf9d0e16f8817f6fce88af3653c10cff9f,99c93415287dd127d89152cc6349b79d9c6fae417b5a47cc61923ecadb52f2ce,27acdf8d89dae4c852dce491871a41bd76c218e7e8db07bc81ccead43486a305,2026-08-09T11:59:50.488031+00:00
7665280166154781238,体育强国建设“十五五”规划发布，设定五项主要指标,65.0,3,internal_positive,D,固定 provider + 关闭 reasoning,1,85,Alibaba,deepseek/deepseek-v4-flash,False,message.content,85,85,,,gen-1786276763-eQMvP6Patmxwrv5qEG39,stop,1.7690344005823135,1,ok,,ceb6b678a7ccf9c73433c355a36642bf9d0e16f8817f6fce88af3653c10cff9f,99c93415287dd127d89152cc6349b79d9c6fae417b5a47cc61923ecadb52f2ce,3c04b87b0a06b74ba4e0cbe5bd6f051408e5ebe975946460ad4af3743fd2520f,2026-08-09T11:59:24.681812+00:00
7665280166154781238,体育强国建设“十五五”规划发布，设定五项主要指标,65.0,3,internal_positive,D,固定 provider + 关闭 reasoning,2,15,Alibaba,deepseek/deepseek-v4-flash,False,message.content,15,15,,,gen-1786276812-rcsnwklsAlKVF90TCS69,stop,2.11879950016737,1,ok,,ceb6b678a7ccf9c73433c355a36642bf9d0e16f8817f6fce88af3653c10cff9f,99c93415287dd127d89152cc6349b79d9c6fae417b5a47cc61923ecadb52f2ce,3c04b87b0a06b74ba4e0cbe5bd6f051408e5ebe975946460ad4af3743fd2520f,2026-08-09T12:00:13.793820+00:00
7665280166154781238,体育强国建设“十五五”规划发布，设定五项主要指标,65.0,3,internal_positive,D,固定 provider + 关闭 reasoning,3,85,Alibaba,deepseek/deepseek-v4-flash,False,message.content,85,85,,,gen-1786276821-xDkWmf25h0OAZBQPtqQ6,stop,1.9932546988129616,1,ok,,ceb6b678a7ccf9c73433c355a36642bf9d0e16f8817f6fce88af3653c10cff9f,99c93415287dd127d89152cc6349b79d9c6fae417b5a47cc61923ecadb52f2ce,3c04b87b0a06b74ba4e0cbe5bd6f051408e5ebe975946460ad4af3743fd2520f,2026-08-09T12:00:22.066889+00:00
7665523769863160347,西夏区青少年法治教育实践基地：让法治种子在少年心中扎根,45.0,2,external_positive,A,生产基线,1,85,Alibaba,deepseek/deepseek-v4-flash,False,message.content,85,85,,,gen-1786276887-wXCZg1uPMGWPsltD5dwc,stop,11.603354699909687,1,ok,,20fd1a74213db0c45df3e8e5ec37d497751a22daadbd5989c41061a15787e3a1,758e823657411e1c5600e71fd7fcb5bb6b064d42cf67322abf7f1f47cd47bc41,f380d0245706ece5a0dfc2432ce21b22855345e89138f38c7e42dcf871308307,2026-08-09T12:01:38.328078+00:00
7665523769863160347,西夏区青少年法治教育实践基地：让法治种子在少年心中扎根,45.0,2,external_positive,A,生产基线,2,45,Alibaba,deepseek/deepseek-v4-flash,False,message.content,45,45,,,gen-1786276774-NcBtYXcHfyDgDnMW42uE,stop,9.47502139955759,1,ok,,20fd1a74213db0c45df3e8e5ec37d497751a22daadbd5989c41061a15787e3a1,758e823657411e1c5600e71fd7fcb5bb6b064d42cf67322abf7f1f47cd47bc41,f380d0245706ece5a0dfc2432ce21b22855345e89138f38c7e42dcf871308307,2026-08-09T11:59:43.206509+00:00
7665523769863160347,西夏区青少年法治教育实践基地：让法治种子在少年心中扎根,45.0,2,external_positive,A,生产基线,3,55,Alibaba,deepseek/deepseek-v4-flash,False,message.content,55,55,,,gen-1786276862-GIQMRXyUdjBwnPsyTFZV,stop,7.316439598798752,1,ok,,20fd1a74213db0c45df3e8e5ec37d497751a22daadbd5989c41061a15787e3a1,758e823657411e1c5600e71fd7fcb5bb6b064d42cf67322abf7f1f47cd47bc41,f380d0245706ece5a0dfc2432ce21b22855345e89138f38c7e42dcf871308307,2026-08-09T12:01:08.024934+00:00
7665523769863160347,西夏区青少年法治教育实践基地：让法治种子在少年心中扎根,45.0,2,external_positive,D,固定 provider + 关闭 reasoning,1,75,Alibaba,deepseek/deepseek-v4-flash,False,message.content,75,75,,,gen-1786276906-3gLkQRktKcflkrDhFtKP,stop,1.754465900361538,1,ok,,20fd1a74213db0c45df3e8e5ec37d497751a22daadbd5989c41061a15787e3a1,758e823657411e1c5600e71fd7fcb5bb6b064d42cf67322abf7f1f47cd47bc41,f7ad3b84cd66f87abc090679546380577281ba839311c7aa3448a9630167921b,2026-08-09T12:01:46.498720+00:00
7665523769863160347,西夏区青少年法治教育实践基地：让法治种子在少年心中扎根,45.0,2,external_positive,D,固定 provider + 关闭 reasoning,2,75,Alibaba,deepseek/deepseek-v4-flash,False,message.content,75,75,,,gen-1786276861-dPhUQjZtcVVShoccklH8,stop,2.119101397693157,1,ok,,20fd1a74213db0c45df3e8e5ec37d497751a22daadbd5989c41061a15787e3a1,758e823657411e1c5600e71fd7fcb5bb6b064d42cf67322abf7f1f47cd47bc41,f7ad3b84cd66f87abc090679546380577281ba839311c7aa3448a9630167921b,2026-08-09T12:01:02.670684+00:00
7665523769863160347,西夏区青少年法治教育实践基地：让法治种子在少年心中扎根,45.0,2,external_positive,D,固定 provider + 关闭 reasoning,3,75,Alibaba,deepseek/deepseek-v4-flash,False,message.content,75,75,,,gen-1786276753-ZYQjFgDzVPckzEGhMkIw,stop,2.179756999015808,1,ok,,20fd1a74213db0c45df3e8e5ec37d497751a22daadbd5989c41061a15787e3a1,758e823657411e1c5600e71fd7fcb5bb6b064d42cf67322abf7f1f47cd47bc41,f7ad3b84cd66f87abc090679546380577281ba839311c7aa3448a9630167921b,2026-08-09T11:59:13.845262+00:00
7670053228096061971,暑期活动丨重温2026暑期安全训练营的精彩瞬间，致谢同行伙伴,40.0,2,internal_positive,A,生产基线,1,49,Alibaba,deepseek/deepseek-v4-flash,False,message.content,49,49,,,gen-1786276844-K1hbKnvyesyyBhn3MxgH,stop,3.982864201068878,1,ok,,f6339ad510499583c39d78e824a66f3912cde4d9fc2607077dc83d0561c8587c,811520691342f7a249346b4701e687da9ed643a11b320e4dcc0e5d22162e35e4,0c44de4b32f52abf2742355411a1cdcc7e77337cf90d7791851145da41abc9c0,2026-08-09T12:00:46.868024+00:00
7670053228096061971,暑期活动丨重温2026暑期安全训练营的精彩瞬间，致谢同行伙伴,40.0,2,internal_positive,A,生产基线,2,40,Alibaba,deepseek/deepseek-v4-flash,False,message.content,40,40,,,gen-1786276652-K41kNWp42ADd8okFKTci,stop,7.541499398648739,1,ok,,f6339ad510499583c39d78e824a66f3912cde4d9fc2607077dc83d0561c8587c,811520691342f7a249346b4701e687da9ed643a11b320e4dcc0e5d22162e35e4,0c44de4b32f52abf2742355411a1cdcc7e77337cf90d7791851145da41abc9c0,2026-08-09T11:57:39.472202+00:00
7670053228096061971,暑期活动丨重温2026暑期安全训练营的精彩瞬间，致谢同行伙伴,40.0,2,internal_positive,A,生产基线,3,40,Alibaba,deepseek/deepseek-v4-flash,False,message.content,40,40,,,gen-1786276900-watKoxgODobBFWIkjboF,stop,4.675324700772762,1,ok,,f6339ad510499583c39d78e824a66f3912cde4d9fc2607077dc83d0561c8587c,811520691342f7a249346b4701e687da9ed643a11b320e4dcc0e5d22162e35e4,0c44de4b32f52abf2742355411a1cdcc7e77337cf90d7791851145da41abc9c0,2026-08-09T12:01:44.120016+00:00
7670053228096061971,暑期活动丨重温2026暑期安全训练营的精彩瞬间，致谢同行伙伴,40.0,2,internal_positive,D,固定 provider + 关闭 reasoning,1,20,Alibaba,deepseek/deepseek-v4-flash,False,message.content,20,20,,,gen-1786276760-LSK4NDzpYVGRBDzG5O99,stop,1.7791402004659176,1,ok,,f6339ad510499583c39d78e824a66f3912cde4d9fc2607077dc83d0561c8587c,811520691342f7a249346b4701e687da9ed643a11b320e4dcc0e5d22162e35e4,4dba1578ceb6e07149b968cdd188ed4c16175958e083606140d5d3b4ce256cea,2026-08-09T11:59:21.370815+00:00
7670053228096061971,暑期活动丨重温2026暑期安全训练营的精彩瞬间，致谢同行伙伴,40.0,2,internal_positive,D,固定 provider + 关闭 reasoning,2,15,Alibaba,deepseek/deepseek-v4-flash,False,message.content,15,15,,,gen-1786276904-cdxs7SqaQ4WMRTBVlkUC,stop,1.7640409022569656,1,ok,,f6339ad510499583c39d78e824a66f3912cde4d9fc2607077dc83d0561c8587c,811520691342f7a249346b4701e687da9ed643a11b320e4dcc0e5d22162e35e4,4dba1578ceb6e07149b968cdd188ed4c16175958e083606140d5d3b4ce256cea,2026-08-09T12:01:44.764918+00:00
7670053228096061971,暑期活动丨重温2026暑期安全训练营的精彩瞬间，致谢同行伙伴,40.0,2,internal_positive,D,固定 provider + 关闭 reasoning,3,25,Alibaba,deepseek/deepseek-v4-flash,False,message.content,25,25,,,gen-1786276651-6tfPopgP7Fo5PqRMQwjr,stop,1.7852206006646156,1,ok,,f6339ad510499583c39d78e824a66f3912cde4d9fc2607077dc83d0561c8587c,811520691342f7a249346b4701e687da9ed643a11b320e4dcc0e5d22162e35e4,4dba1578ceb6e07149b968cdd188ed4c16175958e083606140d5d3b4ce256cea,2026-08-09T11:57:31.929387+00:00
7671187122530812457,北京一所小学门口的“一根棍儿”，怎么就火了？,50.0,2,internal_positive,A,生产基线,1,5,Alibaba,deepseek/deepseek-v4-flash,False,message.content,5,5,,,gen-1786276757-LOTr64cCQwAMR508shdu,stop,6.524347402155399,1,ok,,1a00f723e97230dba108f2a823b615937b9254b1ebef53f35a63f9d05f580253,c7b17db23ba583af66c3d48a78b3a1198d23afd5e4590e6e9ddcfc95d2b422d2,79446ca6333ee2a082743e6e52720fa18870a0433572f6a5771cadcd80591460,2026-08-09T11:59:22.337596+00:00
7671187122530812457,北京一所小学门口的“一根棍儿”，怎么就火了？,50.0,2,internal_positive,A,生产基线,2,45,Alibaba,deepseek/deepseek-v4-flash,False,message.content,45,45,,,gen-1786276909-5Ig7iXOOQb5lyfdJHAvQ,stop,4.735197398811579,1,ok,,1a00f723e97230dba108f2a823b615937b9254b1ebef53f35a63f9d05f580253,c7b17db23ba583af66c3d48a78b3a1198d23afd5e4590e6e9ddcfc95d2b422d2,79446ca6333ee2a082743e6e52720fa18870a0433572f6a5771cadcd80591460,2026-08-09T12:01:53.090014+00:00
7671187122530812457,北京一所小学门口的“一根棍儿”，怎么就火了？,50.0,2,internal_positive,A,生产基线,3,27,Alibaba,deepseek/deepseek-v4-flash,False,message.content,27,27,,,gen-1786276713-fOeusMS55mN06cmF0bvc,stop,12.440849598497152,1,ok,,1a00f723e97230dba108f2a823b615937b9254b1ebef53f35a63f9d05f580253,c7b17db23ba583af66c3d48a78b3a1198d23afd5e4590e6e9ddcfc95d2b422d2,79446ca6333ee2a082743e6e52720fa18870a0433572f6a5771cadcd80591460,2026-08-09T11:58:44.857819+00:00
7671187122530812457,北京一所小学门口的“一根棍儿”，怎么就火了？,50.0,2,internal_positive,D,固定 provider + 关闭 reasoning,1,15,Alibaba,deepseek/deepseek-v4-flash,False,message.content,15,15,,,gen-1786276731-2LYC9ElfiQzMJR9Iv68g,stop,1.5543349981307983,1,ok,,1a00f723e97230dba108f2a823b615937b9254b1ebef53f35a63f9d05f580253,c7b17db23ba583af66c3d48a78b3a1198d23afd5e4590e6e9ddcfc95d2b422d2,b78f582a16837408cd9e6d698efe9de8958de055f457e9d3e02690f035a1dac5,2026-08-09T11:58:51.512079+00:00
7671187122530812457,北京一所小学门口的“一根棍儿”，怎么就火了？,50.0,2,internal_positive,D,固定 provider + 关闭 reasoning,2,75,Alibaba,deepseek/deepseek-v4-flash,False,message.content,75,75,,,gen-1786276766-c5ysQMBg1r4TF35CcMRt,stop,2.0742916017770767,1,ok,,1a00f723e97230dba108f2a823b615937b9254b1ebef53f35a63f9d05f580253,c7b17db23ba583af66c3d48a78b3a1198d23afd5e4590e6e9ddcfc95d2b422d2,b78f582a16837408cd9e6d698efe9de8958de055f457e9d3e02690f035a1dac5,2026-08-09T11:59:27.630790+00:00
7671187122530812457,北京一所小学门口的“一根棍儿”，怎么就火了？,50.0,2,internal_positive,D,固定 provider + 关闭 reasoning,3,15,Alibaba,deepseek/deepseek-v4-flash,False,message.content,15,15,,,gen-1786276648-4OgiwDPqhsYmMewQaA7Z,stop,3.0875035002827644,1,ok,,1a00f723e97230dba108f2a823b615937b9254b1ebef53f35a63f9d05f580253,c7b17db23ba583af66c3d48a78b3a1198d23afd5e4590e6e9ddcfc95d2b422d2,b78f582a16837408cd9e6d698efe9de8958de055f457e9d3e02690f035a1dac5,2026-08-09T11:57:29.459142+00:00
bjd:s6a733642e4b0e45f3fd5aa33,市政府召开常务会议，研究“十五五”时期北京推进国际科技创新中心建设等事项,0.0,0,internal_positive,D,固定 provider + 关闭 reasoning,1,85,Alibaba,deepseek/deepseek-v4-flash,False,message.content,85,85,,,gen-1786276817-BnoGGswvas530MtSXiEF,stop,2.060929801315069,1,ok,,4e634e57f318fa0da052d8bd1536cdd3fa8281b46835e08f28dac8f676bd5713,2d72bf64c20ea703f930e189f3513e791099703af974b2bcfa0d36a88da9a298,7a10859942b17079c18e86308999faa06e1b32777a1050911df2196d09e9d5cc,2026-08-09T12:00:18.324824+00:00
bjd:s6a733642e4b0e45f3fd5aa33,市政府召开常务会议，研究“十五五”时期北京推进国际科技创新中心建设等事项,0.0,0,internal_positive,D,固定 provider + 关闭 reasoning,2,85,Alibaba,deepseek/deepseek-v4-flash,False,message.content,85,85,,,gen-1786276899-SuFwfvlxuVeNqf4guXGW,stop,2.1732097007334232,1,ok,,4e634e57f318fa0da052d8bd1536cdd3fa8281b46835e08f28dac8f676bd5713,2d72bf64c20ea703f930e189f3513e791099703af974b2bcfa0d36a88da9a298,7a10859942b17079c18e86308999faa06e1b32777a1050911df2196d09e9d5cc,2026-08-09T12:01:40.294310+00:00
bjd:s6a733642e4b0e45f3fd5aa33,市政府召开常务会议，研究“十五五”时期北京推进国际科技创新中心建设等事项,0.0,0,internal_positive,D,固定 provider + 关闭 reasoning,3,85,Alibaba,deepseek/deepseek-v4-flash,False,message.content,85,85,,,gen-1786276910-2HBgEZrW9RKSphx5peYI,stop,1.8150853998959064,1,ok,,4e634e57f318fa0da052d8bd1536cdd3fa8281b46835e08f28dac8f676bd5713,2d72bf64c20ea703f930e189f3513e791099703af974b2bcfa0d36a88da9a298,7a10859942b17079c18e86308999faa06e1b32777a1050911df2196d09e9d5cc,2026-08-09T12:01:51.618162+00:00
bjd:s6a733642e4b0e45f3fd5aa33,市政府召开常务会议，研究“十五五”时期北京推进国际科技创新中心建设等事项,0.0,0,internal_positive,D,固定 provider + 关闭 reasoning,4,85,Alibaba,deepseek/deepseek-v4-flash,False,message.content,85,85,,,gen-1786276693-d91r40VA1r4Tq8hhole1,stop,1.8064566999673843,1,ok,,4e634e57f318fa0da052d8bd1536cdd3fa8281b46835e08f28dac8f676bd5713,2d72bf64c20ea703f930e189f3513e791099703af974b2bcfa0d36a88da9a298,7a10859942b17079c18e86308999faa06e1b32777a1050911df2196d09e9d5cc,2026-08-09T11:58:14.412925+00:00
bjd:s6a733642e4b0e45f3fd5aa33,市政府召开常务会议，研究“十五五”时期北京推进国际科技创新中心建设等事项,0.0,0,internal_positive,D,固定 provider + 关闭 reasoning,5,85,Alibaba,deepseek/deepseek-v4-flash,False,message.content,85,85,,,gen-1786276719-fuDcBv0WYmEA7vyfNrU2,stop,1.566440500319004,1,ok,,4e634e57f318fa0da052d8bd1536cdd3fa8281b46835e08f28dac8f676bd5713,2d72bf64c20ea703f930e189f3513e791099703af974b2bcfa0d36a88da9a298,7a10859942b17079c18e86308999faa06e1b32777a1050911df2196d09e9d5cc,2026-08-09T11:58:40.112075+00:00
chinadaily:/a/202512/03/WS69301868a310942cc4994cc5,2025研究前沿发布暨研讨会在京举行,45.0,2,internal_positive,A,生产基线,1,5,Alibaba,deepseek/deepseek-v4-flash,False,message.content,5,5,,,gen-1786276854-QPx7BJd4DgVEiXaeIrxZ,stop,7.223138201981783,1,ok,,9e27bc6c28676e88018df71440956e5fb96f05f136df9eb3bfb342f15361598f,9caba25f62161f494c15c4bbdc6166aa33fbb03bdcc7722db06cdbc0382f3c90,ec03774dc9a53b11551e669bc8db7fd4c6afae791fb1aa1b1d3f7b32cf0b54ba,2026-08-09T12:01:00.550181+00:00
chinadaily:/a/202512/03/WS69301868a310942cc4994cc5,2025研究前沿发布暨研讨会在京举行,45.0,2,internal_positive,A,生产基线,2,10,Alibaba,deepseek/deepseek-v4-flash,False,message.content,10,10,,,gen-1786276875-PV37dlrKyyQq0JyXxTUc,stop,5.1205108016729355,1,ok,,9e27bc6c28676e88018df71440956e5fb96f05f136df9eb3bfb342f15361598f,9caba25f62161f494c15c4bbdc6166aa33fbb03bdcc7722db06cdbc0382f3c90,ec03774dc9a53b11551e669bc8db7fd4c6afae791fb1aa1b1d3f7b32cf0b54ba,2026-08-09T12:01:19.328963+00:00
chinadaily:/a/202512/03/WS69301868a310942cc4994cc5,2025研究前沿发布暨研讨会在京举行,45.0,2,internal_positive,A,生产基线,3,10,Alibaba,deepseek/deepseek-v4-flash,False,message.content,10,10,,,gen-1786276905-fDabS9tBIPBdOuw5l6Zv,stop,12.266896598041058,1,ok,,9e27bc6c28676e88018df71440956e5fb96f05f136df9eb3bfb342f15361598f,9caba25f62161f494c15c4bbdc6166aa33fbb03bdcc7722db06cdbc0382f3c90,ec03774dc9a53b11551e669bc8db7fd4c6afae791fb1aa1b1d3f7b32cf0b54ba,2026-08-09T12:01:56.187846+00:00
chinadaily:/a/202512/03/WS69301868a310942cc4994cc5,2025研究前沿发布暨研讨会在京举行,45.0,2,internal_positive,D,固定 provider + 关闭 reasoning,1,15,Alibaba,deepseek/deepseek-v4-flash,False,message.content,15,15,,,gen-1786276649-MUrVoZ7qSIEc1gb4xmBr,stop,1.6628665030002594,1,ok,,9e27bc6c28676e88018df71440956e5fb96f05f136df9eb3bfb342f15361598f,9caba25f62161f494c15c4bbdc6166aa33fbb03bdcc7722db06cdbc0382f3c90,390c4fca3e4bb9b17d5a4a8a79602f2308c89545ad451176b11e0822728caa93,2026-08-09T11:57:30.288747+00:00
chinadaily:/a/202512/03/WS69301868a310942cc4994cc5,2025研究前沿发布暨研讨会在京举行,45.0,2,internal_positive,D,固定 provider + 关闭 reasoning,2,65,Alibaba,deepseek/deepseek-v4-flash,False,message.content,65,65,,,gen-1786276853-bNWsQYhiNijPthDYawHn,stop,1.9983546994626522,1,ok,,9e27bc6c28676e88018df71440956e5fb96f05f136df9eb3bfb342f15361598f,9caba25f62161f494c15c4bbdc6166aa33fbb03bdcc7722db06cdbc0382f3c90,390c4fca3e4bb9b17d5a4a8a79602f2308c89545ad451176b11e0822728caa93,2026-08-09T12:00:54.378268+00:00
chinadaily:/a/202512/03/WS69301868a310942cc4994cc5,2025研究前沿发布暨研讨会在京举行,45.0,2,internal_positive,D,固定 provider + 关闭 reasoning,3,15,Alibaba,deepseek/deepseek-v4-flash,False,message.content,15,15,,,gen-1786276720-PpAHlHLOkkP2ZJSebi43,stop,2.0546756014227867,1,ok,,9e27bc6c28676e88018df71440956e5fb96f05f136df9eb3bfb342f15361598f,9caba25f62161f494c15c4bbdc6166aa33fbb03bdcc7722db06cdbc0382f3c90,390c4fca3e4bb9b17d5a4a8a79602f2308c89545ad451176b11e0822728caa93,2026-08-09T11:58:41.559592+00:00
chinanews:/cj/2025/12-09/10529638,“冰雪经济”为冬季消费注入强劲动能 “冰雪+”多样化体验激活新引擎,20.0,1,internal_positive,A,生产基线,1,0,Alibaba,deepseek/deepseek-v4-flash,False,message.content,0,0,,,gen-1786276524-pREkuoilPZ8Cir8iDIWi,stop,3.298021398484707,1,ok,,dd75a06deb07306338c9de369db1645a8a1c4aa22727269b3d9b7de922e1441a,837332bc297132918c50b6299341af3b659e9a814b3ae653b1120689c8f37114,40146f3c0407df734d2d225e1ce8f7551718235e0d82a9faa44812ad36dd28be,2026-08-09T11:55:26.649114+00:00
chinanews:/cj/2025/12-09/10529638,“冰雪经济”为冬季消费注入强劲动能 “冰雪+”多样化体验激活新引擎,20.0,1,internal_positive,A,生产基线,2,5,Cloudflare,deepseek/deepseek-v4-flash,False,message.content,5,5,,,gen-1786276539-sjn5go8bjZH2E5EGGupU,stop,2.7946506030857563,1,ok,,dd75a06deb07306338c9de369db1645a8a1c4aa22727269b3d9b7de922e1441a,837332bc297132918c50b6299341af3b659e9a814b3ae653b1120689c8f37114,40146f3c0407df734d2d225e1ce8f7551718235e0d82a9faa44812ad36dd28be,2026-08-09T11:55:40.941123+00:00
chinanews:/cj/2025/12-09/10529638,“冰雪经济”为冬季消费注入强劲动能 “冰雪+”多样化体验激活新引擎,20.0,1,internal_positive,A,生产基线,3,0,Alibaba,deepseek/deepseek-v4-flash,False,message.content,0,0,,,gen-1786276519-36FgXwMXVktNtQydHAq2,stop,3.780434798449278,1,ok,,dd75a06deb07306338c9de369db1645a8a1c4aa22727269b3d9b7de922e1441a,837332bc297132918c50b6299341af3b659e9a814b3ae653b1120689c8f37114,40146f3c0407df734d2d225e1ce8f7551718235e0d82a9faa44812ad36dd28be,2026-08-09T11:55:22.466630+00:00
chinanews:/cj/2025/12-09/10529638,“冰雪经济”为冬季消费注入强劲动能 “冰雪+”多样化体验激活新引擎,20.0,1,internal_positive,D,固定 provider + 关闭 reasoning,1,15,Alibaba,deepseek/deepseek-v4-flash,False,message.content,15,15,,,gen-1786276531-DHAgkr21ptjRbnRKMReI,stop,1.3017032966017723,1,ok,,dd75a06deb07306338c9de369db1645a8a1c4aa22727269b3d9b7de922e1441a,837332bc297132918c50b6299341af3b659e9a814b3ae653b1120689c8f37114,c48967e4753f52fbfed72833d7ecf42435699d7d74cb67c0e500d07344d54ae0,2026-08-09T11:55:32.227007+00:00
chinanews:/cj/2025/12-09/10529638,“冰雪经济”为冬季消费注入强劲动能 “冰雪+”多样化体验激活新引擎,20.0,1,internal_positive,D,固定 provider + 关闭 reasoning,2,0,Alibaba,deepseek/deepseek-v4-flash,False,message.content,0,0,,,gen-1786276509-lt9bHoQt6bPd1rxqOEfn,stop,1.9789883978664875,1,ok,,dd75a06deb07306338c9de369db1645a8a1c4aa22727269b3d9b7de922e1441a,837332bc297132918c50b6299341af3b659e9a814b3ae653b1120689c8f37114,c48967e4753f52fbfed72833d7ecf42435699d7d74cb67c0e500d07344d54ae0,2026-08-09T11:55:10.617026+00:00
chinanews:/cj/2025/12-09/10529638,“冰雪经济”为冬季消费注入强劲动能 “冰雪+”多样化体验激活新引擎,20.0,1,internal_positive,D,固定 provider + 关闭 reasoning,3,0,Alibaba,deepseek/deepseek-v4-flash,False,message.content,0,0,,,gen-1786276505-xONMWSI6AmMANEtQD0QR,stop,1.9868394993245602,1,ok,,dd75a06deb07306338c9de369db1645a8a1c4aa22727269b3d9b7de922e1441a,837332bc297132918c50b6299341af3b659e9a814b3ae653b1120689c8f37114,c48967e4753f52fbfed72833d7ecf42435699d7d74cb67c0e500d07344d54ae0,2026-08-09T11:55:06.190181+00:00
chinanews:/cj/2026/04-24/10610076,报告：一季度消费意愿指数创近七个季度新高,20.0,1,internal_positive,A,生产基线,1,0,Alibaba,deepseek/deepseek-v4-flash,False,message.content,0,0,,,gen-1786276712-uy6A7wCZoIDQ5aJ08ZMj,stop,3.2345508001744747,1,ok,,8ef409950bccb9ef7dca558d5a4e279c1e29a685813cfc9d0ca2463ffb31f4b7,1ce0e40d40a2575e04326c7773d02ee602ed9e0f657390c6f49a1d9742867b38,8e24ec15e4de45e430bd6eed18fbf6fee12a56ac41c378bc9ca742db72bddbc8,2026-08-09T11:58:34.433716+00:00
chinanews:/cj/2026/04-24/10610076,报告：一季度消费意愿指数创近七个季度新高,20.0,1,internal_positive,A,生产基线,2,0,Alibaba,deepseek/deepseek-v4-flash,False,message.content,0,0,,,gen-1786276689-fRec61kWqoZeqpfuG8EF,stop,2.766305796802044,1,ok,,8ef409950bccb9ef7dca558d5a4e279c1e29a685813cfc9d0ca2463ffb31f4b7,1ce0e40d40a2575e04326c7773d02ee602ed9e0f657390c6f49a1d9742867b38,8e24ec15e4de45e430bd6eed18fbf6fee12a56ac41c378bc9ca742db72bddbc8,2026-08-09T11:58:11.204663+00:00
chinanews:/cj/2026/04-24/10610076,报告：一季度消费意愿指数创近七个季度新高,20.0,1,internal_positive,A,生产基线,3,0,Alibaba,deepseek/deepseek-v4-flash,False,message.content,0,0,,,gen-1786276688-SATybCaLFm12cojEkFIu,stop,3.3665201999247074,1,ok,,8ef409950bccb9ef7dca558d5a4e279c1e29a685813cfc9d0ca2463ffb31f4b7,1ce0e40d40a2575e04326c7773d02ee602ed9e0f657390c6f49a1d9742867b38,8e24ec15e4de45e430bd6eed18fbf6fee12a56ac41c378bc9ca742db72bddbc8,2026-08-09T11:58:10.983485+00:00
chinanews:/cj/2026/04-24/10610076,报告：一季度消费意愿指数创近七个季度新高,20.0,1,internal_positive,D,固定 provider + 关闭 reasoning,1,0,Alibaba,deepseek/deepseek-v4-flash,False,message.content,0,0,,,gen-1786276917-1ilBn83oIXkPGIGQojJD,stop,1.983651202172041,1,ok,,8ef409950bccb9ef7dca558d5a4e279c1e29a685813cfc9d0ca2463ffb31f4b7,1ce0e40d40a2575e04326c7773d02ee602ed9e0f657390c6f49a1d9742867b38,8bb850c7fd81f9ebef9841feb20e7026171213d5d74822e279aeafcc8e1975c0,2026-08-09T12:01:58.357256+00:00
chinanews:/cj/2026/04-24/10610076,报告：一季度消费意愿指数创近七个季度新高,20.0,1,internal_positive,D,固定 provider + 关闭 reasoning,2,0,Alibaba,deepseek/deepseek-v4-flash,False,message.content,0,0,,,gen-1786276799-Y1382eww9Z3giVftc6O9,stop,1.770549200475216,1,ok,,8ef409950bccb9ef7dca558d5a4e279c1e29a685813cfc9d0ca2463ffb31f4b7,1ce0e40d40a2575e04326c7773d02ee602ed9e0f657390c6f49a1d9742867b38,8bb850c7fd81f9ebef9841feb20e7026171213d5d74822e279aeafcc8e1975c0,2026-08-09T11:59:59.984169+00:00
chinanews:/cj/2026/04-24/10610076,报告：一季度消费意愿指数创近七个季度新高,20.0,1,internal_positive,D,固定 provider + 关闭 reasoning,3,0,Alibaba,deepseek/deepseek-v4-flash,False,message.content,0,0,,,gen-1786276670-kIZGeGZcmTHnzqCJadGc,stop,1.6785565987229347,1,ok,,8ef409950bccb9ef7dca558d5a4e279c1e29a685813cfc9d0ca2463ffb31f4b7,1ce0e40d40a2575e04326c7773d02ee602ed9e0f657390c6f49a1d9742867b38,8bb850c7fd81f9ebef9841feb20e7026171213d5d74822e279aeafcc8e1975c0,2026-08-09T11:57:50.844739+00:00
chinanews:/gn/2026/04-10/10601821,中国科研机构发明新型激光直写光刻机,65.0,3,external_positive,A,生产基线,1,5,Alibaba,deepseek/deepseek-v4-flash,False,message.content,5,5,,,gen-1786276796-J9CvCPT4EF0XOfzMHwRA,stop,2.8545189015567303,1,ok,,8a0ee93963f69711100df94d5ddf9cebc751e8babba31eed70ef498a04c7b156,ebf4cea8b2dd7d5dfb2a275fcd540713600f9d8827f439bfbc810e8e4c80f1d4,cdfd77d4d316c6277415927e3216ed6ccb2e01959ca5067f7a76448e31263fd4,2026-08-09T11:59:58.212207+00:00
chinanews:/gn/2026/04-10/10601821,中国科研机构发明新型激光直写光刻机,65.0,3,external_positive,A,生产基线,2,0,Alibaba,deepseek/deepseek-v4-flash,False,message.content,0,0,,,gen-1786276808-64NnYuWMF4xrqkovBjwD,stop,4.608109299093485,1,ok,,8a0ee93963f69711100df94d5ddf9cebc751e8babba31eed70ef498a04c7b156,ebf4cea8b2dd7d5dfb2a275fcd540713600f9d8827f439bfbc810e8e4c80f1d4,cdfd77d4d316c6277415927e3216ed6ccb2e01959ca5067f7a76448e31263fd4,2026-08-09T12:00:11.673634+00:00
chinanews:/gn/2026/04-10/10601821,中国科研机构发明新型激光直写光刻机,65.0,3,external_positive,A,生产基线,3,5,Alibaba,deepseek/deepseek-v4-flash,False,message.content,5,5,,,gen-1786276686-PJC57W3OycqS7plmOqp6,stop,3.7188385017216206,1,ok,,8a0ee93963f69711100df94d5ddf9cebc751e8babba31eed70ef498a04c7b156,ebf4cea8b2dd7d5dfb2a275fcd540713600f9d8827f439bfbc810e8e4c80f1d4,cdfd77d4d316c6277415927e3216ed6ccb2e01959ca5067f7a76448e31263fd4,2026-08-09T11:58:09.434304+00:00
chinanews:/gn/2026/04-10/10601821,中国科研机构发明新型激光直写光刻机,65.0,3,external_positive,D,固定 provider + 关闭 reasoning,1,0,Alibaba,deepseek/deepseek-v4-flash,False,message.content,0,0,,,gen-1786276813-eQNcTC8K3rXg3er5hqgR,stop,2.1544284000992775,1,ok,,8a0ee93963f69711100df94d5ddf9cebc751e8babba31eed70ef498a04c7b156,ebf4cea8b2dd7d5dfb2a275fcd540713600f9d8827f439bfbc810e8e4c80f1d4,7b2831f535de6094fadec1cdc4391d715d3181fcfc594aeea07bbe55d57e677a,2026-08-09T12:00:14.122894+00:00
chinanews:/gn/2026/04-10/10601821,中国科研机构发明新型激光直写光刻机,65.0,3,external_positive,D,固定 provider + 关闭 reasoning,2,0,Alibaba,deepseek/deepseek-v4-flash,False,message.content,0,0,,,gen-1786276882-BkvMZCTd2qApP2hdIVmA,stop,1.6086161024868488,1,ok,,8a0ee93963f69711100df94d5ddf9cebc751e8babba31eed70ef498a04c7b156,ebf4cea8b2dd7d5dfb2a275fcd540713600f9d8827f439bfbc810e8e4c80f1d4,7b2831f535de6094fadec1cdc4391d715d3181fcfc594aeea07bbe55d57e677a,2026-08-09T12:01:22.692966+00:00
chinanews:/gn/2026/04-10/10601821,中国科研机构发明新型激光直写光刻机,65.0,3,external_positive,D,固定 provider + 关闭 reasoning,3,0,Alibaba,deepseek/deepseek-v4-flash,False,message.content,0,0,,,gen-1786276748-uj29G1RPy5Ck7ClAXInh,stop,1.9143889993429184,1,ok,,8a0ee93963f69711100df94d5ddf9cebc751e8babba31eed70ef498a04c7b156,ebf4cea8b2dd7d5dfb2a275fcd540713600f9d8827f439bfbc810e8e4c80f1d4,7b2831f535de6094fadec1cdc4391d715d3181fcfc594aeea07bbe55d57e677a,2026-08-09T11:59:09.552616+00:00
chinanews:/gn/2026/05-10/10618741,以赛兴科普 第十三届重庆科普讲解大赛收官,45.0,2,external_positive,D,固定 provider + 关闭 reasoning,1,18,Alibaba,deepseek/deepseek-v4-flash,False,message.content,18,18,,,gen-1786276643-JV7xWi2wrywB0gZdzg4g,stop,2.1503443978726864,1,ok,,191f7aeedff9e9b7a7c0c9129f8591734ef1ba08144a6b9ed4702b6a46304a76,549cb56aab71946d6c823028aeaa048d2c87d46c62578636cb3e4b016edc9dda,bb77b84e6c52ec8d6d8e8626126ffbe6e4faf05b06dec004d7bfc990facc5c8d,2026-08-09T11:57:24.435665+00:00
chinanews:/gn/2026/05-10/10618741,以赛兴科普 第十三届重庆科普讲解大赛收官,45.0,2,external_positive,D,固定 provider + 关闭 reasoning,2,18,Alibaba,deepseek/deepseek-v4-flash,False,message.content,18,18,,,gen-1786276733-2iSFnUfwfdXsZIsQ5Nhf,stop,1.949013501405716,1,ok,,191f7aeedff9e9b7a7c0c9129f8591734ef1ba08144a6b9ed4702b6a46304a76,549cb56aab71946d6c823028aeaa048d2c87d46c62578636cb3e4b016edc9dda,bb77b84e6c52ec8d6d8e8626126ffbe6e4faf05b06dec004d7bfc990facc5c8d,2026-08-09T11:58:54.318527+00:00
chinanews:/gn/2026/05-10/10618741,以赛兴科普 第十三届重庆科普讲解大赛收官,45.0,2,external_positive,D,固定 provider + 关闭 reasoning,3,18,Alibaba,deepseek/deepseek-v4-flash,False,message.content,18,18,,,gen-1786276643-ftdqFKvXyx9sURzqKoL7,stop,2.232890497893095,1,ok,,191f7aeedff9e9b7a7c0c9129f8591734ef1ba08144a6b9ed4702b6a46304a76,549cb56aab71946d6c823028aeaa048d2c87d46c62578636cb3e4b016edc9dda,bb77b84e6c52ec8d6d8e8626126ffbe6e4faf05b06dec004d7bfc990facc5c8d,2026-08-09T11:57:24.554249+00:00
chinanews:/gn/2026/05-10/10618741,以赛兴科普 第十三届重庆科普讲解大赛收官,45.0,2,external_positive,D,固定 provider + 关闭 reasoning,4,18,Alibaba,deepseek/deepseek-v4-flash,False,message.content,18,18,,,gen-1786276914-ulUPZe7WqE5ljbvzSVjC,stop,1.6107853017747402,1,ok,,191f7aeedff9e9b7a7c0c9129f8591734ef1ba08144a6b9ed4702b6a46304a76,549cb56aab71946d6c823028aeaa048d2c87d46c62578636cb3e4b016edc9dda,bb77b84e6c52ec8d6d8e8626126ffbe6e4faf05b06dec004d7bfc990facc5c8d,2026-08-09T12:01:54.702129+00:00
chinanews:/gn/2026/05-10/10618741,以赛兴科普 第十三届重庆科普讲解大赛收官,45.0,2,external_positive,D,固定 provider + 关闭 reasoning,5,15,Alibaba,deepseek/deepseek-v4-flash,False,message.content,15,15,,,gen-1786276665-EiHE9ALKTw6fOfjIJTDL,stop,1.858788501471281,1,ok,,191f7aeedff9e9b7a7c0c9129f8591734ef1ba08144a6b9ed4702b6a46304a76,549cb56aab71946d6c823028aeaa048d2c87d46c62578636cb3e4b016edc9dda,bb77b84e6c52ec8d6d8e8626126ffbe6e4faf05b06dec004d7bfc990facc5c8d,2026-08-09T11:57:46.244273+00:00
chinanews:/gn/2026/05-25/10627892,首届中国-巴尔干文化交流论坛在京举行,85.0,4,internal_positive,D,固定 provider + 关闭 reasoning,1,75,Alibaba,deepseek/deepseek-v4-flash,False,message.content,75,75,,,gen-1786276915-OVr1Av3ELmTAw21Jernc,stop,1.7087769992649555,1,ok,,0b8882cd738d0f027ca59612a3d196bff364d70918e50b463fc686b8657f8d61,ba488857d6d067f53da85ccb70400ad3f1716c56c6166bfda2d727ff2651a155,ca4164987739f06411296f9c5d17b2547d552d25c609cb7c910df217bf713dd7,2026-08-09T12:01:56.412785+00:00
chinanews:/gn/2026/05-25/10627892,首届中国-巴尔干文化交流论坛在京举行,85.0,4,internal_positive,D,固定 provider + 关闭 reasoning,2,75,Alibaba,deepseek/deepseek-v4-flash,False,message.content,75,75,,,gen-1786276878-OLxclDXTO8uEvTMZ9xn6,stop,1.608764298260212,1,ok,,0b8882cd738d0f027ca59612a3d196bff364d70918e50b463fc686b8657f8d61,ba488857d6d067f53da85ccb70400ad3f1716c56c6166bfda2d727ff2651a155,ca4164987739f06411296f9c5d17b2547d552d25c609cb7c910df217bf713dd7,2026-08-09T12:01:18.819655+00:00
chinanews:/gn/2026/05-25/10627892,首届中国-巴尔干文化交流论坛在京举行,85.0,4,internal_positive,D,固定 provider + 关闭 reasoning,3,75,Alibaba,deepseek/deepseek-v4-flash,False,message.content,75,75,,,gen-1786276910-tpKIAdBSShPpKKEz4V0M,stop,1.7977355979382992,1,ok,,0b8882cd738d0f027ca59612a3d196bff364d70918e50b463fc686b8657f8d61,ba488857d6d067f53da85ccb70400ad3f1716c56c6166bfda2d727ff2651a155,ca4164987739f06411296f9c5d17b2547d552d25c609cb7c910df217bf713dd7,2026-08-09T12:01:50.641297+00:00
chinanews:/gn/2026/05-25/10627892,首届中国-巴尔干文化交流论坛在京举行,85.0,4,internal_positive,D,固定 provider + 关闭 reasoning,4,85,Alibaba,deepseek/deepseek-v4-flash,False,message.content,85,85,,,gen-1786276698-ut27BD1a1YI0bka916EA,stop,1.70596219971776,1,ok,,0b8882cd738d0f027ca59612a3d196bff364d70918e50b463fc686b8657f8d61,ba488857d6d067f53da85ccb70400ad3f1716c56c6166bfda2d727ff2651a155,ca4164987739f06411296f9c5d17b2547d552d25c609cb7c910df217bf713dd7,2026-08-09T11:58:19.426337+00:00
chinanews:/gn/2026/05-25/10627892,首届中国-巴尔干文化交流论坛在京举行,85.0,4,internal_positive,D,固定 provider + 关闭 reasoning,5,85,Alibaba,deepseek/deepseek-v4-flash,False,message.content,85,85,,,gen-1786276773-hrxJTu1rHP6TPbgfxjii,stop,2.100447501987219,1,ok,,0b8882cd738d0f027ca59612a3d196bff364d70918e50b463fc686b8657f8d61,ba488857d6d067f53da85ccb70400ad3f1716c56c6166bfda2d727ff2651a155,ca4164987739f06411296f9c5d17b2547d552d25c609cb7c910df217bf713dd7,2026-08-09T11:59:34.618249+00:00
chinanews:/gn/shipin/2026/03-07/news1048284,长安街上看两会丨政府工作报告首提“中小学春秋假”，你有哪些期待？,75.0,3,external_positive,A,生产基线,1,10,Alibaba,deepseek/deepseek-v4-flash,False,message.content,10,10,,,gen-1786276699-zvWSlI9IF9Cz24oaer2h,stop,9.268030799925327,1,ok,,89b82051010fe2bb88919d7f7c7e51710b27520b972a8534bb899b44f98da9ed,a53b4d45f2c5df47e4e1d54f82e89bc34672b789c0000d0739c463aff8ddc6b4,84901b44521ab216e5693e3611cb97a72f6c2816299ce2660e66114fcb870fa2,2026-08-09T11:58:27.780105+00:00
chinanews:/gn/shipin/2026/03-07/news1048284,长安街上看两会丨政府工作报告首提“中小学春秋假”，你有哪些期待？,75.0,3,external_positive,A,生产基线,2,80,Alibaba,deepseek/deepseek-v4-flash,False,message.content,80,80,,,gen-1786276789-fJroyvBzhkSAph6XrS1f,stop,3.235369198024273,1,ok,,89b82051010fe2bb88919d7f7c7e51710b27520b972a8534bb899b44f98da9ed,a53b4d45f2c5df47e4e1d54f82e89bc34672b789c0000d0739c463aff8ddc6b4,84901b44521ab216e5693e3611cb97a72f6c2816299ce2660e66114fcb870fa2,2026-08-09T11:59:52.061031+00:00
chinanews:/gn/shipin/2026/03-07/news1048284,长安街上看两会丨政府工作报告首提“中小学春秋假”，你有哪些期待？,75.0,3,external_positive,A,生产基线,3,45,Alibaba,deepseek/deepseek-v4-flash,False,message.content,45,45,,,gen-1786276702-qd9J58ATJzhaHKBVjvvn,stop,8.119567796587944,1,ok,,89b82051010fe2bb88919d7f7c7e51710b27520b972a8534bb899b44f98da9ed,a53b4d45f2c5df47e4e1d54f82e89bc34672b789c0000d0739c463aff8ddc6b4,84901b44521ab216e5693e3611cb97a72f6c2816299ce2660e66114fcb870fa2,2026-08-09T11:58:29.380438+00:00
chinanews:/gn/shipin/2026/03-07/news1048284,长安街上看两会丨政府工作报告首提“中小学春秋假”，你有哪些期待？,75.0,3,external_positive,D,固定 provider + 关闭 reasoning,1,0,Alibaba,deepseek/deepseek-v4-flash,False,message.content,0,0,,,gen-1786276681-mkmOWluP8eAiNCrBJ2R9,stop,2.1745344027876854,1,ok,,89b82051010fe2bb88919d7f7c7e51710b27520b972a8534bb899b44f98da9ed,a53b4d45f2c5df47e4e1d54f82e89bc34672b789c0000d0739c463aff8ddc6b4,59a07c32f1a7eb1849f5a1cb500cb63fddcf1a51b7b286a06b638456886c1500,2026-08-09T11:58:02.675749+00:00
chinanews:/gn/shipin/2026/03-07/news1048284,长安街上看两会丨政府工作报告首提“中小学春秋假”，你有哪些期待？,75.0,3,external_positive,D,固定 provider + 关闭 reasoning,2,0,Alibaba,deepseek/deepseek-v4-flash,False,message.content,0,0,,,gen-1786276738-d9hUEM9EwnSNnF1ssbZX,stop,1.6279500015079975,1,ok,,89b82051010fe2bb88919d7f7c7e51710b27520b972a8534bb899b44f98da9ed,a53b4d45f2c5df47e4e1d54f82e89bc34672b789c0000d0739c463aff8ddc6b4,59a07c32f1a7eb1849f5a1cb500cb63fddcf1a51b7b286a06b638456886c1500,2026-08-09T11:58:58.949077+00:00
chinanews:/gn/shipin/2026/03-07/news1048284,长安街上看两会丨政府工作报告首提“中小学春秋假”，你有哪些期待？,75.0,3,external_positive,D,固定 provider + 关闭 reasoning,3,0,Alibaba,deepseek/deepseek-v4-flash,False,message.content,0,0,,,gen-1786276901-Q7yohB6Zd9lybwu4szn3,stop,1.7572439014911652,1,ok,,89b82051010fe2bb88919d7f7c7e51710b27520b972a8534bb899b44f98da9ed,a53b4d45f2c5df47e4e1d54f82e89bc34672b789c0000d0739c463aff8ddc6b4,59a07c32f1a7eb1849f5a1cb500cb63fddcf1a51b7b286a06b638456886c1500,2026-08-09T12:01:42.053025+00:00
chinanews:/jk/2025/12-17/10535474,感染幽门螺杆菌，如何足疗程正确用药,0.0,0,internal_positive,A,生产基线,1,0,Alibaba,deepseek/deepseek-v4-flash,False,message.content,0,0,,,gen-1786276527-w1Wm4KtjZ22e4L0n0gtU,stop,4.273391403257847,1,ok,,604b2d7ed62c1261434753751db01e88488c06e9c2f937e11efdcd199ad6abca,df904c16bd88fb4a5009381d7a3e98fafb0a60d5905979c69c5691f1ff45d251,56231a42e1d46bc71bdf8a17a4da3ee83c1d2072a11575a26afba87505274a3a,2026-08-09T11:55:30.923900+00:00
chinanews:/jk/2025/12-17/10535474,感染幽门螺杆菌，如何足疗程正确用药,0.0,0,internal_positive,A,生产基线,2,0,Alibaba,deepseek/deepseek-v4-flash,False,message.content,0,0,,,gen-1786276492-G3KWXaPtPqLazaWtYzm4,stop,4.151807297021151,1,ok,,604b2d7ed62c1261434753751db01e88488c06e9c2f937e11efdcd199ad6abca,df904c16bd88fb4a5009381d7a3e98fafb0a60d5905979c69c5691f1ff45d251,56231a42e1d46bc71bdf8a17a4da3ee83c1d2072a11575a26afba87505274a3a,2026-08-09T11:54:55.654426+00:00
chinanews:/jk/2025/12-17/10535474,感染幽门螺杆菌，如何足疗程正确用药,0.0,0,internal_positive,A,生产基线,3,0,Alibaba,deepseek/deepseek-v4-flash,False,message.content,0,0,,,gen-1786276521-s6hpCs5RhUkUpVvAzW1R,stop,3.069207798689604,1,ok,,604b2d7ed62c1261434753751db01e88488c06e9c2f937e11efdcd199ad6abca,df904c16bd88fb4a5009381d7a3e98fafb0a60d5905979c69c5691f1ff45d251,56231a42e1d46bc71bdf8a17a4da3ee83c1d2072a11575a26afba87505274a3a,2026-08-09T11:55:23.028839+00:00
chinanews:/jk/2025/12-17/10535474,感染幽门螺杆菌，如何足疗程正确用药,0.0,0,internal_positive,D,固定 provider + 关闭 reasoning,1,0,Alibaba,deepseek/deepseek-v4-flash,False,message.content,0,0,,,gen-1786276523-EhnES3kkL2ySBaSzvvBq,stop,2.057066898792982,1,ok,,604b2d7ed62c1261434753751db01e88488c06e9c2f937e11efdcd199ad6abca,df904c16bd88fb4a5009381d7a3e98fafb0a60d5905979c69c5691f1ff45d251,59ba14c46193ac1c14f7dc25cad3620e7add76ec032b36d3c7bea4c5fd9bf9cb,2026-08-09T11:55:24.460466+00:00
chinanews:/jk/2025/12-17/10535474,感染幽门螺杆菌，如何足疗程正确用药,0.0,0,internal_positive,D,固定 provider + 关闭 reasoning,2,0,Alibaba,deepseek/deepseek-v4-flash,False,message.content,0,0,,,gen-1786276544-RT0YvRu4QFkMDucbMHVS,stop,1.847010102123022,1,ok,,604b2d7ed62c1261434753751db01e88488c06e9c2f937e11efdcd199ad6abca,df904c16bd88fb4a5009381d7a3e98fafb0a60d5905979c69c5691f1ff45d251,59ba14c46193ac1c14f7dc25cad3620e7add76ec032b36d3c7bea4c5fd9bf9cb,2026-08-09T11:55:45.334472+00:00
chinanews:/jk/2025/12-17/10535474,感染幽门螺杆菌，如何足疗程正确用药,0.0,0,internal_positive,D,固定 provider + 关闭 reasoning,3,0,Alibaba,deepseek/deepseek-v4-flash,False,message.content,0,0,,,gen-1786276518-0YZ9p1oPT1ogI83aO1Sk,stop,1.7835567966103554,1,ok,,604b2d7ed62c1261434753751db01e88488c06e9c2f937e11efdcd199ad6abca,df904c16bd88fb4a5009381d7a3e98fafb0a60d5905979c69c5691f1ff45d251,59ba14c46193ac1c14f7dc25cad3620e7add76ec032b36d3c7bea4c5fd9bf9cb,2026-08-09T11:55:18.684854+00:00
chinanews:/sh/2026/01-26/10559256,走边关学非遗探自然 云南爱心托管班助力少年儿童多彩成长,85.0,4,external_positive,A,生产基线,1,45,Alibaba,deepseek/deepseek-v4-flash,False,message.content,45,45,,,gen-1786276767-C3ciHjW70RCDNWNPgQ6Y,stop,5.211962901055813,1,ok,,555230321ae7723447ff8078ea8ceaabc33d3e0b2a54c37a86f8fe8ad5ffc422,abdd22d04aea3db9e17e8a22a93fa8204d3352e3a21dd4afd7093d1bdada1cc0,a9233352b6b7adb86e84558d65d21779ac6c39cd5546dfca2fdf4cc64cde4a2e,2026-08-09T11:59:31.882860+00:00
chinanews:/sh/2026/01-26/10559256,走边关学非遗探自然 云南爱心托管班助力少年儿童多彩成长,85.0,4,external_positive,A,生产基线,2,55,Alibaba,deepseek/deepseek-v4-flash,False,message.content,55,55,,,gen-1786276662-tYO4DSRhfOaCMSyGAHkO,stop,12.890166401863098,1,ok,,555230321ae7723447ff8078ea8ceaabc33d3e0b2a54c37a86f8fe8ad5ffc422,abdd22d04aea3db9e17e8a22a93fa8204d3352e3a21dd4afd7093d1bdada1cc0,a9233352b6b7adb86e84558d65d21779ac6c39cd5546dfca2fdf4cc64cde4a2e,2026-08-09T11:57:54.451479+00:00
chinanews:/sh/2026/01-26/10559256,走边关学非遗探自然 云南爱心托管班助力少年儿童多彩成长,85.0,4,external_positive,A,生产基线,3,55,Alibaba,deepseek/deepseek-v4-flash,False,message.content,55,55,,,gen-1786276780-Yhnt2LQ3u466KN0PD7kF,stop,11.103792499750853,1,ok,,555230321ae7723447ff8078ea8ceaabc33d3e0b2a54c37a86f8fe8ad5ffc422,abdd22d04aea3db9e17e8a22a93fa8204d3352e3a21dd4afd7093d1bdada1cc0,a9233352b6b7adb86e84558d65d21779ac6c39cd5546dfca2fdf4cc64cde4a2e,2026-08-09T11:59:50.833772+00:00
chinanews:/sh/2026/01-26/10559256,走边关学非遗探自然 云南爱心托管班助力少年儿童多彩成长,85.0,4,external_positive,D,固定 provider + 关闭 reasoning,1,75,Alibaba,deepseek/deepseek-v4-flash,False,message.content,75,75,,,gen-1786276681-2kAHnAZptmmAp8ezFl9K,stop,1.8920850977301598,1,ok,,555230321ae7723447ff8078ea8ceaabc33d3e0b2a54c37a86f8fe8ad5ffc422,abdd22d04aea3db9e17e8a22a93fa8204d3352e3a21dd4afd7093d1bdada1cc0,780e492d6f69decd03ed79aa8323328c955d9e829129d75eadc0b6422f5ca4ea,2026-08-09T11:58:02.090963+00:00
chinanews:/sh/2026/01-26/10559256,走边关学非遗探自然 云南爱心托管班助力少年儿童多彩成长,85.0,4,external_positive,D,固定 provider + 关闭 reasoning,2,75,Alibaba,deepseek/deepseek-v4-flash,False,message.content,75,75,,,gen-1786276665-lmQxVBg7Kbepd22HMMLe,stop,1.906350202858448,1,ok,,555230321ae7723447ff8078ea8ceaabc33d3e0b2a54c37a86f8fe8ad5ffc422,abdd22d04aea3db9e17e8a22a93fa8204d3352e3a21dd4afd7093d1bdada1cc0,780e492d6f69decd03ed79aa8323328c955d9e829129d75eadc0b6422f5ca4ea,2026-08-09T11:57:46.254453+00:00
chinanews:/sh/2026/01-26/10559256,走边关学非遗探自然 云南爱心托管班助力少年儿童多彩成长,85.0,4,external_positive,D,固定 provider + 关闭 reasoning,3,35,Alibaba,deepseek/deepseek-v4-flash,False,message.content,35,35,,,gen-1786276830-VUCnb9ZylbbzxXd9lvW5,stop,1.7862739004194736,1,ok,,555230321ae7723447ff8078ea8ceaabc33d3e0b2a54c37a86f8fe8ad5ffc422,abdd22d04aea3db9e17e8a22a93fa8204d3352e3a21dd4afd7093d1bdada1cc0,780e492d6f69decd03ed79aa8323328c955d9e829129d75eadc0b6422f5ca4ea,2026-08-09T12:00:31.158476+00:00
chinanews:/sh/2026/04-09/10600861,甘肃高台：百年校园“搭台”让古戏唱“新声”,65.0,3,external_positive,A,生产基线,1,50,Alibaba,deepseek/deepseek-v4-flash,False,message.content,50,50,,,gen-1786276758-knoYuBoUGXITZOaHekUh,stop,11.320344500243664,1,ok,,c1d59aabe61475a2159d2dccd3e3f51d26965d2e970163cb40ad3160fb2f91d5,870d80aadf00d4ccb4f41724d36acd261be41539d52c724a62a9da8ad00e008f,2282daec16405563a6b9376d8f934f63bbb1eb2b507b1eb251ba723def053b27,2026-08-09T11:59:29.013483+00:00
chinanews:/sh/2026/04-09/10600861,甘肃高台：百年校园“搭台”让古戏唱“新声”,65.0,3,external_positive,A,生产基线,2,45,Alibaba,deepseek/deepseek-v4-flash,False,message.content,45,45,,,gen-1786276906-joHmL0Hua43qxnsoKwZn,stop,7.351191099733114,1,ok,,c1d59aabe61475a2159d2dccd3e3f51d26965d2e970163cb40ad3160fb2f91d5,870d80aadf00d4ccb4f41724d36acd261be41539d52c724a62a9da8ad00e008f,2282daec16405563a6b9376d8f934f63bbb1eb2b507b1eb251ba723def053b27,2026-08-09T12:01:52.117506+00:00
chinanews:/sh/2026/04-09/10600861,甘肃高台：百年校园“搭台”让古戏唱“新声”,65.0,3,external_positive,A,生产基线,3,45,Alibaba,deepseek/deepseek-v4-flash,False,message.content,45,45,,,gen-1786276891-RuTD7gqiiFommCMGzwy2,stop,7.932260397821665,1,ok,,c1d59aabe61475a2159d2dccd3e3f51d26965d2e970163cb40ad3160fb2f91d5,870d80aadf00d4ccb4f41724d36acd261be41539d52c724a62a9da8ad00e008f,2282daec16405563a6b9376d8f934f63bbb1eb2b507b1eb251ba723def053b27,2026-08-09T12:01:38.449680+00:00
chinanews:/sh/2026/04-09/10600861,甘肃高台：百年校园“搭台”让古戏唱“新声”,65.0,3,external_positive,D,固定 provider + 关闭 reasoning,1,75,Alibaba,deepseek/deepseek-v4-flash,False,message.content,75,75,,,gen-1786276770-s8qErFcGpVI8mfYH9xSw,stop,1.5903203003108501,1,ok,,c1d59aabe61475a2159d2dccd3e3f51d26965d2e970163cb40ad3160fb2f91d5,870d80aadf00d4ccb4f41724d36acd261be41539d52c724a62a9da8ad00e008f,80e7d090377d065249be7d799b474406eb3a762d87a5216cf1be9f0f17dd632a,2026-08-09T11:59:31.400376+00:00
chinanews:/sh/2026/04-09/10600861,甘肃高台：百年校园“搭台”让古戏唱“新声”,65.0,3,external_positive,D,固定 provider + 关闭 reasoning,2,75,Alibaba,deepseek/deepseek-v4-flash,False,message.content,75,75,,,gen-1786276885-U2TR1CSTCU3faRKDBjbN,stop,2.209081396460533,1,ok,,c1d59aabe61475a2159d2dccd3e3f51d26965d2e970163cb40ad3160fb2f91d5,870d80aadf00d4ccb4f41724d36acd261be41539d52c724a62a9da8ad00e008f,80e7d090377d065249be7d799b474406eb3a762d87a5216cf1be9f0f17dd632a,2026-08-09T12:01:26.797119+00:00
chinanews:/sh/2026/04-09/10600861,甘肃高台：百年校园“搭台”让古戏唱“新声”,65.0,3,external_positive,D,固定 provider + 关闭 reasoning,3,75,Alibaba,deepseek/deepseek-v4-flash,False,message.content,75,75,,,gen-1786276695-wVXZvjpl3e6g37ndnAfo,stop,1.751442801207304,1,ok,,c1d59aabe61475a2159d2dccd3e3f51d26965d2e970163cb40ad3160fb2f91d5,870d80aadf00d4ccb4f41724d36acd261be41539d52c724a62a9da8ad00e008f,80e7d090377d065249be7d799b474406eb3a762d87a5216cf1be9f0f17dd632a,2026-08-09T11:58:16.547670+00:00
chinanews:/txy/2026/06-12/10638944,“地域+领域”组团式帮扶 助力毕节打造人才“金钥匙”,0.0,0,internal_positive,A,生产基线,1,0,Alibaba,deepseek/deepseek-v4-flash,False,message.content,0,0,,,gen-1786276751-ThdgHIQHuXFl7BFl3FO2,stop,5.848603997379541,1,ok,,b2c74ced6754891eb660026762c6364aff3f74c34e2af81b908bdbff9808bb4b,0a2d8e0661da1dea8709f2d28f0a3d975d696f3508c4d56422005ac882b3c9b8,767153f14afe9db367b0125cf53312fa66f2752a38b4a9d989cc106c35ce8637,2026-08-09T11:59:15.912643+00:00
chinanews:/txy/2026/06-12/10638944,“地域+领域”组团式帮扶 助力毕节打造人才“金钥匙”,0.0,0,internal_positive,A,生产基线,2,0,Alibaba,deepseek/deepseek-v4-flash,False,message.content,0,0,,,gen-1786276651-yiHrSwP9iNuxjYxSrj56,stop,8.799243200570345,1,ok,,b2c74ced6754891eb660026762c6364aff3f74c34e2af81b908bdbff9808bb4b,0a2d8e0661da1dea8709f2d28f0a3d975d696f3508c4d56422005ac882b3c9b8,767153f14afe9db367b0125cf53312fa66f2752a38b4a9d989cc106c35ce8637,2026-08-09T11:57:39.089368+00:00
chinanews:/txy/2026/06-12/10638944,“地域+领域”组团式帮扶 助力毕节打造人才“金钥匙”,0.0,0,internal_positive,A,生产基线,3,5,Alibaba,deepseek/deepseek-v4-flash,False,message.content,5,5,,,gen-1786276709-zE1lmGfOJpvMb5hMAkGi,stop,6.546818498522043,1,ok,,b2c74ced6754891eb660026762c6364aff3f74c34e2af81b908bdbff9808bb4b,0a2d8e0661da1dea8709f2d28f0a3d975d696f3508c4d56422005ac882b3c9b8,767153f14afe9db367b0125cf53312fa66f2752a38b4a9d989cc106c35ce8637,2026-08-09T11:58:34.805304+00:00
chinanews:/txy/2026/06-12/10638944,“地域+领域”组团式帮扶 助力毕节打造人才“金钥匙”,0.0,0,internal_positive,D,固定 provider + 关闭 reasoning,1,15,Alibaba,deepseek/deepseek-v4-flash,False,message.content,15,15,,,gen-1786276686-SY0gVcmAw9A7aPiZOtrE,stop,2.1539506018161774,1,ok,,b2c74ced6754891eb660026762c6364aff3f74c34e2af81b908bdbff9808bb4b,0a2d8e0661da1dea8709f2d28f0a3d975d696f3508c4d56422005ac882b3c9b8,38ddd85ddbe16d3d357bf884cd11d8a0f70b25b0e45b5b5fdd9d0c49d59b0ed4,2026-08-09T11:58:07.164271+00:00
chinanews:/txy/2026/06-12/10638944,“地域+领域”组团式帮扶 助力毕节打造人才“金钥匙”,0.0,0,internal_positive,D,固定 provider + 关闭 reasoning,2,75,Alibaba,deepseek/deepseek-v4-flash,False,message.content,75,75,,,gen-1786276671-oNSzqR0F4IvuMVz28f42,stop,1.6742227002978325,1,ok,,b2c74ced6754891eb660026762c6364aff3f74c34e2af81b908bdbff9808bb4b,0a2d8e0661da1dea8709f2d28f0a3d975d696f3508c4d56422005ac882b3c9b8,38ddd85ddbe16d3d357bf884cd11d8a0f70b25b0e45b5b5fdd9d0c49d59b0ed4,2026-08-09T11:57:52.047468+00:00
chinanews:/txy/2026/06-12/10638944,“地域+领域”组团式帮扶 助力毕节打造人才“金钥匙”,0.0,0,internal_positive,D,固定 provider + 关闭 reasoning,3,15,Alibaba,deepseek/deepseek-v4-flash,False,message.content,15,15,,,gen-1786276873-nwMxRU5I96KXWPDeoE7p,stop,1.71735779941082,1,ok,,b2c74ced6754891eb660026762c6364aff3f74c34e2af81b908bdbff9808bb4b,0a2d8e0661da1dea8709f2d28f0a3d975d696f3508c4d56422005ac882b3c9b8,38ddd85ddbe16d3d357bf884cd11d8a0f70b25b0e45b5b5fdd9d0c49d59b0ed4,2026-08-09T12:01:13.900963+00:00
chinanews:/ty/shipin/cns-d/2026/03-09/news1048642,孙颖莎寄语青少年：不要害怕困难和挫折 要及时总结相信自己,10.0,0,external_positive,A,生产基线,1,10,Alibaba,deepseek/deepseek-v4-flash,False,message.content,10,10,,,gen-1786276671-xvD22xy52A2BpW4D8iTT,stop,3.274687599390745,1,ok,,386caa120c728ab2ff8edbefa04bd2cec057e5247c79e61478987d17eedff276,482bfe5e8b10521d3ab50c0aab70e6962921121ace57c6966cb2011f9f74a6e1,272d98e1c3124edbfaaee4becec48e1827416b5a05ae830d3e43a1294342eeb7,2026-08-09T11:57:54.121600+00:00
chinanews:/ty/shipin/cns-d/2026/03-09/news1048642,孙颖莎寄语青少年：不要害怕困难和挫折 要及时总结相信自己,10.0,0,external_positive,A,生产基线,2,0,Alibaba,deepseek/deepseek-v4-flash,False,message.content,0,0,,,gen-1786276892-QqObmmWTmCJhHKjgVXBM,stop,3.5539604984223843,1,ok,,386caa120c728ab2ff8edbefa04bd2cec057e5247c79e61478987d17eedff276,482bfe5e8b10521d3ab50c0aab70e6962921121ace57c6966cb2011f9f74a6e1,272d98e1c3124edbfaaee4becec48e1827416b5a05ae830d3e43a1294342eeb7,2026-08-09T12:01:34.402945+00:00
chinanews:/ty/shipin/cns-d/2026/03-09/news1048642,孙颖莎寄语青少年：不要害怕困难和挫折 要及时总结相信自己,10.0,0,external_positive,A,生产基线,3,12,Alibaba,deepseek/deepseek-v4-flash,False,message.content,12,12,,,gen-1786276698-mvQHO1JFNmRIcCR7U7iD,stop,3.6466218009591103,1,ok,,386caa120c728ab2ff8edbefa04bd2cec057e5247c79e61478987d17eedff276,482bfe5e8b10521d3ab50c0aab70e6962921121ace57c6966cb2011f9f74a6e1,272d98e1c3124edbfaaee4becec48e1827416b5a05ae830d3e43a1294342eeb7,2026-08-09T11:58:21.259400+00:00
chinanews:/ty/shipin/cns-d/2026/03-09/news1048642,孙颖莎寄语青少年：不要害怕困难和挫折 要及时总结相信自己,10.0,0,external_positive,D,固定 provider + 关闭 reasoning,1,0,Alibaba,deepseek/deepseek-v4-flash,False,message.content,0,0,,,gen-1786276831-V58jkl4cOxsTpeJXjO4Y,stop,2.1386102996766567,1,ok,,386caa120c728ab2ff8edbefa04bd2cec057e5247c79e61478987d17eedff276,482bfe5e8b10521d3ab50c0aab70e6962921121ace57c6966cb2011f9f74a6e1,bda6e6956295d0153186a949cc1f94bc861a66ef4e568341f6501e5b98959877,2026-08-09T12:00:32.479723+00:00
chinanews:/ty/shipin/cns-d/2026/03-09/news1048642,孙颖莎寄语青少年：不要害怕困难和挫折 要及时总结相信自己,10.0,0,external_positive,D,固定 provider + 关闭 reasoning,2,0,Alibaba,deepseek/deepseek-v4-flash,False,message.content,0,0,,,gen-1786276919-NVdQQ41ubdGcLiMaJ4Dc,stop,1.7783799022436142,1,ok,,386caa120c728ab2ff8edbefa04bd2cec057e5247c79e61478987d17eedff276,482bfe5e8b10521d3ab50c0aab70e6962921121ace57c6966cb2011f9f74a6e1,bda6e6956295d0153186a949cc1f94bc861a66ef4e568341f6501e5b98959877,2026-08-09T12:02:00.137102+00:00
chinanews:/ty/shipin/cns-d/2026/03-09/news1048642,孙颖莎寄语青少年：不要害怕困难和挫折 要及时总结相信自己,10.0,0,external_positive,D,固定 provider + 关闭 reasoning,3,0,Alibaba,deepseek/deepseek-v4-flash,False,message.content,0,0,,,gen-1786276697-4qJf7hAQZQ8voV7lDEm9,stop,1.5228096023201942,1,ok,,386caa120c728ab2ff8edbefa04bd2cec057e5247c79e61478987d17eedff276,482bfe5e8b10521d3ab50c0aab70e6962921121ace57c6966cb2011f9f74a6e1,bda6e6956295d0153186a949cc1f94bc861a66ef4e568341f6501e5b98959877,2026-08-09T11:58:17.611429+00:00
gmw:2026-06/21/content_38839090,南美西潘王陵：揭秘“王的宝藏”,0.0,0,internal_positive,A,生产基线,1,0,Alibaba,deepseek/deepseek-v4-flash,False,message.content,0,0,,,gen-1786276688-js72ophvxSjPC0gFdXBO,stop,7.820531699806452,1,ok,,45d08409487165717a5de470b3436501f22cb16451b4350f9e8a0d012fce8722,a9b2c1289556151303f9621c7d0b87c0020fcd7b9d9fbc7fd75e0c88547954a5,8994e1e6d9137ecffa4b1bd4a6ed75b90256db3c36e038e2fb338093059e024f,2026-08-09T11:58:14.794800+00:00
gmw:2026-06/21/content_38839090,南美西潘王陵：揭秘“王的宝藏”,0.0,0,internal_positive,A,生产基线,2,0,Alibaba,deepseek/deepseek-v4-flash,False,message.content,0,0,,,gen-1786276857-QZ9mTensTpgd7RBviZXR,stop,4.069938700646162,1,ok,,45d08409487165717a5de470b3436501f22cb16451b4350f9e8a0d012fce8722,a9b2c1289556151303f9621c7d0b87c0020fcd7b9d9fbc7fd75e0c88547954a5,8994e1e6d9137ecffa4b1bd4a6ed75b90256db3c36e038e2fb338093059e024f,2026-08-09T12:01:00.707161+00:00
gmw:2026-06/21/content_38839090,南美西潘王陵：揭秘“王的宝藏”,0.0,0,internal_positive,A,生产基线,3,0,Alibaba,deepseek/deepseek-v4-flash,False,message.content,0,0,,,gen-1786276748-p2xvFROWY4QHc4qXdKfJ,stop,4.079728301614523,1,ok,,45d08409487165717a5de470b3436501f22cb16451b4350f9e8a0d012fce8722,a9b2c1289556151303f9621c7d0b87c0020fcd7b9d9fbc7fd75e0c88547954a5,8994e1e6d9137ecffa4b1bd4a6ed75b90256db3c36e038e2fb338093059e024f,2026-08-09T11:59:11.596740+00:00
gmw:2026-06/21/content_38839090,南美西潘王陵：揭秘“王的宝藏”,0.0,0,internal_positive,D,固定 provider + 关闭 reasoning,1,0,Alibaba,deepseek/deepseek-v4-flash,False,message.content,0,0,,,gen-1786276779-IBM4ECVWvjvSHKrLoK3a,stop,1.7711662985384464,1,ok,,45d08409487165717a5de470b3436501f22cb16451b4350f9e8a0d012fce8722,a9b2c1289556151303f9621c7d0b87c0020fcd7b9d9fbc7fd75e0c88547954a5,1a40647f1390323b4d6d200e4294e76acc6a273551ec7ee38f9ce2fa0f0ddf46,2026-08-09T11:59:39.728599+00:00
gmw:2026-06/21/content_38839090,南美西潘王陵：揭秘“王的宝藏”,0.0,0,internal_positive,D,固定 provider + 关闭 reasoning,2,0,Alibaba,deepseek/deepseek-v4-flash,False,message.content,0,0,,,gen-1786276732-pDSOOe57gqmhuQ9dm5gC,stop,1.587889600545168,1,ok,,45d08409487165717a5de470b3436501f22cb16451b4350f9e8a0d012fce8722,a9b2c1289556151303f9621c7d0b87c0020fcd7b9d9fbc7fd75e0c88547954a5,1a40647f1390323b4d6d200e4294e76acc6a273551ec7ee38f9ce2fa0f0ddf46,2026-08-09T11:58:53.101291+00:00
gmw:2026-06/21/content_38839090,南美西潘王陵：揭秘“王的宝藏”,0.0,0,internal_positive,D,固定 provider + 关闭 reasoning,3,0,Alibaba,deepseek/deepseek-v4-flash,False,message.content,0,0,,,gen-1786276874-CVMjbbO0HuvD0ouHPYmz,stop,1.5944381020963192,1,ok,,45d08409487165717a5de470b3436501f22cb16451b4350f9e8a0d012fce8722,a9b2c1289556151303f9621c7d0b87c0020fcd7b9d9fbc7fd75e0c88547954a5,1a40647f1390323b4d6d200e4294e76acc6a273551ec7ee38f9ce2fa0f0ddf46,2026-08-09T12:01:15.496799+00:00
jyb:/rmtsy1240/zt/jyyzpzt/202603/t20260310_2111452618,AI时代，重申教育的核心价值,70.0,3,internal_positive,A,生产基线,1,58,Alibaba,deepseek/deepseek-v4-flash,False,message.content,58,58,,,gen-1786276916-Ks9RF144rkcaI85PhXPs,stop,8.044580701738596,1,ok,,6b3222afe9b4daafa66b000291d44ec94d57b4768e216a00d3067d79bc5ac5d6,6daadd18f3830d348254fcf60b124d8347e707e6b842d17eeaeef2457aac0fb0,a527dec0ec8dc2db3fce740ea81c26180816a9dca3c54b8de8ab0a964fed1f2e,2026-08-09T12:02:03.601081+00:00
jyb:/rmtsy1240/zt/jyyzpzt/202603/t20260310_2111452618,AI时代，重申教育的核心价值,70.0,3,internal_positive,A,生产基线,2,55,Alibaba,deepseek/deepseek-v4-flash,False,message.content,55,55,,,gen-1786276768-6M6ogCwOmGfjkDCbnzFY,stop,4.803434502333403,1,ok,,6b3222afe9b4daafa66b000291d44ec94d57b4768e216a00d3067d79bc5ac5d6,6daadd18f3830d348254fcf60b124d8347e707e6b842d17eeaeef2457aac0fb0,a527dec0ec8dc2db3fce740ea81c26180816a9dca3c54b8de8ab0a964fed1f2e,2026-08-09T11:59:32.157408+00:00
jyb:/rmtsy1240/zt/jyyzpzt/202603/t20260310_2111452618,AI时代，重申教育的核心价值,70.0,3,internal_positive,A,生产基线,3,60,Alibaba,deepseek/deepseek-v4-flash,False,message.content,60,60,,,gen-1786276682-ThYkNF5iJ1za0okjaGqD,stop,4.646790899336338,1,ok,,6b3222afe9b4daafa66b000291d44ec94d57b4768e216a00d3067d79bc5ac5d6,6daadd18f3830d348254fcf60b124d8347e707e6b842d17eeaeef2457aac0fb0,a527dec0ec8dc2db3fce740ea81c26180816a9dca3c54b8de8ab0a964fed1f2e,2026-08-09T11:58:05.714075+00:00
jyb:/rmtsy1240/zt/jyyzpzt/202603/t20260310_2111452618,AI时代，重申教育的核心价值,70.0,3,internal_positive,D,固定 provider + 关闭 reasoning,1,0,Alibaba,deepseek/deepseek-v4-flash,False,message.content,0,0,,,gen-1786276729-G6yipfEOrw2e7g4gVQC0,stop,1.6797173991799355,1,ok,,6b3222afe9b4daafa66b000291d44ec94d57b4768e216a00d3067d79bc5ac5d6,6daadd18f3830d348254fcf60b124d8347e707e6b842d17eeaeef2457aac0fb0,c69dacf2a0cf71ffa705c1354d3bffbafaf75dd9e0a8d25081f10369e9035504,2026-08-09T11:58:49.955692+00:00
jyb:/rmtsy1240/zt/jyyzpzt/202603/t20260310_2111452618,AI时代，重申教育的核心价值,70.0,3,internal_positive,D,固定 provider + 关闭 reasoning,2,15,Alibaba,deepseek/deepseek-v4-flash,False,message.content,15,15,,,gen-1786276647-b8i7KubWQMC3FWzhBeek,stop,1.958576899021864,1,ok,,6b3222afe9b4daafa66b000291d44ec94d57b4768e216a00d3067d79bc5ac5d6,6daadd18f3830d348254fcf60b124d8347e707e6b842d17eeaeef2457aac0fb0,c69dacf2a0cf71ffa705c1354d3bffbafaf75dd9e0a8d25081f10369e9035504,2026-08-09T11:57:28.624446+00:00
jyb:/rmtsy1240/zt/jyyzpzt/202603/t20260310_2111452618,AI时代，重申教育的核心价值,70.0,3,internal_positive,D,固定 provider + 关闭 reasoning,3,15,Alibaba,deepseek/deepseek-v4-flash,False,message.content,15,15,,,gen-1786276815-Aun3KdccFdXa6nAROwir,stop,1.89808239787817,1,ok,,6b3222afe9b4daafa66b000291d44ec94d57b4768e216a00d3067d79bc5ac5d6,6daadd18f3830d348254fcf60b124d8347e707e6b842d17eeaeef2457aac0fb0,c69dacf2a0cf71ffa705c1354d3bffbafaf75dd9e0a8d25081f10369e9035504,2026-08-09T12:00:16.261795+00:00
jyb:/rmtxwwyyq/jyxx1306/202507/t20250709_2111368362,从资源到课堂 用数智微光托举乡村小学数学教师专业成长桂林学院为乡村小学数学教师专业成长领航,85.0,4,external_positive,A,生产基线,1,80,Alibaba,deepseek/deepseek-v4-flash,False,message.content,80,80,,,gen-1786276730-Wn9I1yhq9HmxOjUApozL,stop,8.186406698077917,1,ok,,0146e62f45bb04aa83401b533fee822a79642c8ffdac5e45f2d1483395b783c5,13d9d5b42b137192f951a22cdd758e7be331ee2886cee08e0f1cb2103e92c490,20e25467ea426bc1b4087998225aa26b8cf6166a5cad98a5ec0c3c134acde9cb,2026-08-09T11:58:57.319788+00:00
jyb:/rmtxwwyyq/jyxx1306/202507/t20250709_2111368362,从资源到课堂 用数智微光托举乡村小学数学教师专业成长桂林学院为乡村小学数学教师专业成长领航,85.0,4,external_positive,A,生产基线,2,80,Alibaba,deepseek/deepseek-v4-flash,False,message.content,80,80,,,gen-1786276711-nLBXLrVYS1FxLb8flzgf,stop,8.437549602240324,1,ok,,0146e62f45bb04aa83401b533fee822a79642c8ffdac5e45f2d1483395b783c5,13d9d5b42b137192f951a22cdd758e7be331ee2886cee08e0f1cb2103e92c490,20e25467ea426bc1b4087998225aa26b8cf6166a5cad98a5ec0c3c134acde9cb,2026-08-09T11:58:38.544186+00:00
jyb:/rmtxwwyyq/jyxx1306/202507/t20250709_2111368362,从资源到课堂 用数智微光托举乡村小学数学教师专业成长桂林学院为乡村小学数学教师专业成长领航,85.0,4,external_positive,A,生产基线,3,85,Alibaba,deepseek/deepseek-v4-flash,False,message.content,85,85,,,gen-1786276740-kxaGlbQ4Lly3YEV6DGUE,stop,10.06702969968319,1,ok,,0146e62f45bb04aa83401b533fee822a79642c8ffdac5e45f2d1483395b783c5,13d9d5b42b137192f951a22cdd758e7be331ee2886cee08e0f1cb2103e92c490,20e25467ea426bc1b4087998225aa26b8cf6166a5cad98a5ec0c3c134acde9cb,2026-08-09T11:59:09.855392+00:00
jyb:/rmtxwwyyq/jyxx1306/202507/t20250709_2111368362,从资源到课堂 用数智微光托举乡村小学数学教师专业成长桂林学院为乡村小学数学教师专业成长领航,85.0,4,external_positive,D,固定 provider + 关闭 reasoning,1,85,Alibaba,deepseek/deepseek-v4-flash,False,message.content,85,85,,,gen-1786276641-KhqU8mC0dFrapkeaDpoS,stop,2.6162665970623493,1,ok,,0146e62f45bb04aa83401b533fee822a79642c8ffdac5e45f2d1483395b783c5,13d9d5b42b137192f951a22cdd758e7be331ee2886cee08e0f1cb2103e92c490,d3775754c22f0fc25f3a8b596174b1de3cd4b48271a8415a563858407cf689c2,2026-08-09T11:57:22.328932+00:00
jyb:/rmtxwwyyq/jyxx1306/202507/t20250709_2111368362,从资源到课堂 用数智微光托举乡村小学数学教师专业成长桂林学院为乡村小学数学教师专业成长领航,85.0,4,external_positive,D,固定 provider + 关闭 reasoning,2,85,Alibaba,deepseek/deepseek-v4-flash,False,message.content,85,85,,,gen-1786276741-Q8surRdLINd3QBEUVhfk,stop,1.907013200223446,1,ok,,0146e62f45bb04aa83401b533fee822a79642c8ffdac5e45f2d1483395b783c5,13d9d5b42b137192f951a22cdd758e7be331ee2886cee08e0f1cb2103e92c490,d3775754c22f0fc25f3a8b596174b1de3cd4b48271a8415a563858407cf689c2,2026-08-09T11:59:01.988114+00:00
jyb:/rmtxwwyyq/jyxx1306/202507/t20250709_2111368362,从资源到课堂 用数智微光托举乡村小学数学教师专业成长桂林学院为乡村小学数学教师专业成长领航,85.0,4,external_positive,D,固定 provider + 关闭 reasoning,3,85,Alibaba,deepseek/deepseek-v4-flash,False,message.content,85,85,,,gen-1786276681-CWmIo2Z0g98o6NSAIuIK,stop,2.207108199596405,1,ok,,0146e62f45bb04aa83401b533fee822a79642c8ffdac5e45f2d1483395b783c5,13d9d5b42b137192f951a22cdd758e7be331ee2886cee08e0f1cb2103e92c490,d3775754c22f0fc25f3a8b596174b1de3cd4b48271a8415a563858407cf689c2,2026-08-09T11:58:02.435808+00:00
jyb:/rmtxwwyyq/jyxx1306/202607/t20260706_2111499339,四川老年学学会老年健康教育专委会第三次学术会议在达州召开,60.0,3,external_positive,D,固定 provider + 关闭 reasoning,1,0,Alibaba,deepseek/deepseek-v4-flash,False,message.content,0,0,,,gen-1786276900-HEfAD5bgp2WkdlJ7Nhyl,stop,1.965328298509121,1,ok,,3801170e886afa845eddc463ff640bb6b4dee63e490ea70683e42bf2d2db19e5,fe9c11cc7a595bb72c854f74d3c322bbf2bdaf3a5315b3bc90ff08cd32caecb2,4f9167993323531b95b207c8a72e834d70e79aa1919199a6d3d33b795a9ced95,2026-08-09T12:01:41.015503+00:00
jyb:/rmtxwwyyq/jyxx1306/202607/t20260706_2111499339,四川老年学学会老年健康教育专委会第三次学术会议在达州召开,60.0,3,external_positive,D,固定 provider + 关闭 reasoning,2,0,Alibaba,deepseek/deepseek-v4-flash,False,message.content,0,0,,,gen-1786276851-YwYbKXlkRBuDKVlNoTUN,stop,2.6576463989913464,1,ok,,3801170e886afa845eddc463ff640bb6b4dee63e490ea70683e42bf2d2db19e5,fe9c11cc7a595bb72c854f74d3c322bbf2bdaf3a5315b3bc90ff08cd32caecb2,4f9167993323531b95b207c8a72e834d70e79aa1919199a6d3d33b795a9ced95,2026-08-09T12:00:51.963047+00:00
jyb:/rmtxwwyyq/jyxx1306/202607/t20260706_2111499339,四川老年学学会老年健康教育专委会第三次学术会议在达州召开,60.0,3,external_positive,D,固定 provider + 关闭 reasoning,3,0,Alibaba,deepseek/deepseek-v4-flash,False,message.content,0,0,,,gen-1786276835-ewkzCyo6O1O6TVvQ2WLe,stop,1.791976198554039,1,ok,,3801170e886afa845eddc463ff640bb6b4dee63e490ea70683e42bf2d2db19e5,fe9c11cc7a595bb72c854f74d3c322bbf2bdaf3a5315b3bc90ff08cd32caecb2,4f9167993323531b95b207c8a72e834d70e79aa1919199a6d3d33b795a9ced95,2026-08-09T12:00:36.108447+00:00
jyb:/rmtxwwyyq/jyxx1306/202607/t20260706_2111499339,四川老年学学会老年健康教育专委会第三次学术会议在达州召开,60.0,3,external_positive,D,固定 provider + 关闭 reasoning,4,0,Alibaba,deepseek/deepseek-v4-flash,False,message.content,0,0,,,gen-1786276763-UWvv59PJbKmWDvjkx6EO,stop,1.6620879992842674,1,ok,,3801170e886afa845eddc463ff640bb6b4dee63e490ea70683e42bf2d2db19e5,fe9c11cc7a595bb72c854f74d3c322bbf2bdaf3a5315b3bc90ff08cd32caecb2,4f9167993323531b95b207c8a72e834d70e79aa1919199a6d3d33b795a9ced95,2026-08-09T11:59:24.001083+00:00
jyb:/rmtxwwyyq/jyxx1306/202607/t20260706_2111499339,四川老年学学会老年健康教育专委会第三次学术会议在达州召开,60.0,3,external_positive,D,固定 provider + 关闭 reasoning,5,0,Alibaba,deepseek/deepseek-v4-flash,False,message.content,0,0,,,gen-1786276887-3RayWBb9ZlEgX7zoBDjQ,stop,1.6120132021605968,1,ok,,3801170e886afa845eddc463ff640bb6b4dee63e490ea70683e42bf2d2db19e5,fe9c11cc7a595bb72c854f74d3c322bbf2bdaf3a5315b3bc90ff08cd32caecb2,4f9167993323531b95b207c8a72e834d70e79aa1919199a6d3d33b795a9ced95,2026-08-09T12:01:28.410548+00:00
jyb:/rmtzcg/xwy/wzxw/202605/t20260506_2111474941,《中华优秀传统文化主题教学丛书》新书发布暨出版座谈会在京举行,85.0,4,internal_positive,A,生产基线,1,42,Alibaba,deepseek/deepseek-v4-flash,False,message.content,42,42,,,gen-1786276696-FnjAiG3dVIRMY2VPuSXg,stop,12.358125500380993,1,ok,,2e0315e698ad2cf7dd19a791982bab7c8e72157d4b2046828b6b072c8e164154,05618c4238b85953bafd7e068ea64bc0d42267313bfe33042bbf40364c1b38e8,f68d7acc941260684ef0e76d05c87d14a9955ac8d85cb370b08f38545fcb89dc,2026-08-09T11:58:28.028468+00:00
jyb:/rmtzcg/xwy/wzxw/202605/t20260506_2111474941,《中华优秀传统文化主题教学丛书》新书发布暨出版座谈会在京举行,85.0,4,internal_positive,A,生产基线,2,65,Alibaba,deepseek/deepseek-v4-flash,False,message.content,65,65,,,gen-1786276754-BDFeX1t7hUMmc93XamsV,stop,13.640870697796345,1,ok,,2e0315e698ad2cf7dd19a791982bab7c8e72157d4b2046828b6b072c8e164154,05618c4238b85953bafd7e068ea64bc0d42267313bfe33042bbf40364c1b38e8,f68d7acc941260684ef0e76d05c87d14a9955ac8d85cb370b08f38545fcb89dc,2026-08-09T11:59:27.352614+00:00
jyb:/rmtzcg/xwy/wzxw/202605/t20260506_2111474941,《中华优秀传统文化主题教学丛书》新书发布暨出版座谈会在京举行,85.0,4,internal_positive,A,生产基线,3,50,Alibaba,deepseek/deepseek-v4-flash,False,message.content,50,50,,,gen-1786276734-HVMTRz1Objps6mqo2Xf4,stop,14.875301402062178,1,ok,,2e0315e698ad2cf7dd19a791982bab7c8e72157d4b2046828b6b072c8e164154,05618c4238b85953bafd7e068ea64bc0d42267313bfe33042bbf40364c1b38e8,f68d7acc941260684ef0e76d05c87d14a9955ac8d85cb370b08f38545fcb89dc,2026-08-09T11:59:08.164485+00:00
jyb:/rmtzcg/xwy/wzxw/202605/t20260506_2111474941,《中华优秀传统文化主题教学丛书》新书发布暨出版座谈会在京举行,85.0,4,internal_positive,D,固定 provider + 关闭 reasoning,1,75,Alibaba,deepseek/deepseek-v4-flash,False,message.content,75,75,,,gen-1786276744-Am186SVTQVvF8sqpBdzH,stop,2.851606898009777,1,ok,,2e0315e698ad2cf7dd19a791982bab7c8e72157d4b2046828b6b072c8e164154,05618c4238b85953bafd7e068ea64bc0d42267313bfe33042bbf40364c1b38e8,48759552a1c45cb95ce13f3137e7a5aacbeb5998f925df62a5b2ae8a5120fe18,2026-08-09T11:59:04.705069+00:00
jyb:/rmtzcg/xwy/wzxw/202605/t20260506_2111474941,《中华优秀传统文化主题教学丛书》新书发布暨出版座谈会在京举行,85.0,4,internal_positive,D,固定 provider + 关闭 reasoning,2,75,Alibaba,deepseek/deepseek-v4-flash,False,message.content,75,75,,,gen-1786276902-wh3awsANhy2IgsngcG7o,stop,1.4936170987784863,1,ok,,2e0315e698ad2cf7dd19a791982bab7c8e72157d4b2046828b6b072c8e164154,05618c4238b85953bafd7e068ea64bc0d42267313bfe33042bbf40364c1b38e8,48759552a1c45cb95ce13f3137e7a5aacbeb5998f925df62a5b2ae8a5120fe18,2026-08-09T12:01:42.510494+00:00
jyb:/rmtzcg/xwy/wzxw/202605/t20260506_2111474941,《中华优秀传统文化主题教学丛书》新书发布暨出版座谈会在京举行,85.0,4,internal_positive,D,固定 provider + 关闭 reasoning,3,85,Alibaba,deepseek/deepseek-v4-flash,False,message.content,85,85,,,gen-1786276714-Q6HAuyU9kMCdfxV6smb7,stop,1.780622698366642,1,ok,,2e0315e698ad2cf7dd19a791982bab7c8e72157d4b2046828b6b072c8e164154,05618c4238b85953bafd7e068ea64bc0d42267313bfe33042bbf40364c1b38e8,48759552a1c45cb95ce13f3137e7a5aacbeb5998f925df62a5b2ae8a5120fe18,2026-08-09T11:58:35.311073+00:00
jyb:/rmtzgjyb/202511/t20251124_2111416917,“孩子们，笑一笑，比个‘耶’”,70.0,3,external_positive,A,生产基线,1,57,Alibaba,deepseek/deepseek-v4-flash,False,message.content,57,57,,,gen-1786276643-6edSdlArb3sPfVC0TA5W,stop,5.505702801048756,1,ok,,284ca3f42b8765b120f74620e176a90ebcee221f1b5085f701218368e5e0b0f3,f24d31697224e290fe2e40cf4ace11d2d854e17a50ee8a4bc9407fb5821ae257,f5c5bf44a5a1857d70bd5a6b38c5c6d93919b391a097c5c47a5e851f7a3e1999,2026-08-09T11:57:27.836082+00:00
jyb:/rmtzgjyb/202511/t20251124_2111416917,“孩子们，笑一笑，比个‘耶’”,70.0,3,external_positive,A,生产基线,2,55,Alibaba,deepseek/deepseek-v4-flash,False,message.content,55,55,,,gen-1786276807-qmfFaa3g2FX8la2vsDDw,stop,7.697841499000788,1,ok,,284ca3f42b8765b120f74620e176a90ebcee221f1b5085f701218368e5e0b0f3,f24d31697224e290fe2e40cf4ace11d2d854e17a50ee8a4bc9407fb5821ae257,f5c5bf44a5a1857d70bd5a6b38c5c6d93919b391a097c5c47a5e851f7a3e1999,2026-08-09T12:00:13.832690+00:00
jyb:/rmtzgjyb/202511/t20251124_2111416917,“孩子们，笑一笑，比个‘耶’”,70.0,3,external_positive,A,生产基线,3,55,Alibaba,deepseek/deepseek-v4-flash,False,message.content,55,55,,,gen-1786276692-asgwvvFUkWQaZH4Jjdbh,stop,6.734211098402739,1,ok,,284ca3f42b8765b120f74620e176a90ebcee221f1b5085f701218368e5e0b0f3,f24d31697224e290fe2e40cf4ace11d2d854e17a50ee8a4bc9407fb5821ae257,f5c5bf44a5a1857d70bd5a6b38c5c6d93919b391a097c5c47a5e851f7a3e1999,2026-08-09T11:58:17.719018+00:00
jyb:/rmtzgjyb/202511/t20251124_2111416917,“孩子们，笑一笑，比个‘耶’”,70.0,3,external_positive,D,固定 provider + 关闭 reasoning,1,75,Alibaba,deepseek/deepseek-v4-flash,False,message.content,75,75,,,gen-1786276853-LEgmrqqpPwe1OoJ2CqNW,stop,2.537126202136278,1,ok,,284ca3f42b8765b120f74620e176a90ebcee221f1b5085f701218368e5e0b0f3,f24d31697224e290fe2e40cf4ace11d2d854e17a50ee8a4bc9407fb5821ae257,158975fdda4a8a540be32c54f3679ab70e66b6e350c73b07cd836a04aa2ad481,2026-08-09T12:00:54.731686+00:00
jyb:/rmtzgjyb/202511/t20251124_2111416917,“孩子们，笑一笑，比个‘耶’”,70.0,3,external_positive,D,固定 provider + 关闭 reasoning,2,75,Alibaba,deepseek/deepseek-v4-flash,False,message.content,75,75,,,gen-1786276673-L9HsurjYTdgEANaItWUa,stop,1.8195099011063576,1,ok,,284ca3f42b8765b120f74620e176a90ebcee221f1b5085f701218368e5e0b0f3,f24d31697224e290fe2e40cf4ace11d2d854e17a50ee8a4bc9407fb5821ae257,158975fdda4a8a540be32c54f3679ab70e66b6e350c73b07cd836a04aa2ad481,2026-08-09T11:57:53.868292+00:00
jyb:/rmtzgjyb/202511/t20251124_2111416917,“孩子们，笑一笑，比个‘耶’”,70.0,3,external_positive,D,固定 provider + 关闭 reasoning,3,75,Alibaba,deepseek/deepseek-v4-flash,False,message.content,75,75,,,gen-1786276863-qjP8viMa7ULCz5caqeJT,stop,2.0768888033926487,1,ok,,284ca3f42b8765b120f74620e176a90ebcee221f1b5085f701218368e5e0b0f3,f24d31697224e290fe2e40cf4ace11d2d854e17a50ee8a4bc9407fb5821ae257,158975fdda4a8a540be32c54f3679ab70e66b6e350c73b07cd836a04aa2ad481,2026-08-09T12:01:04.597194+00:00
jyb:/rmtzgjyb/202601/t20260110_2111435605,深刻把握教育面临的新使命新挑战,60.0,3,internal_positive,A,生产基线,1,78,GMICloud,deepseek/deepseek-v4-flash,False,message.content,78,78,,,gen-1786276479-9ixWAQBIaHDr6qJGS1Hm,stop,10.482693299651146,1,ok,,49497cfda6bfdba59737f684a24270c8be6f8ad644bcf51dec40b4838ad14662,25b0a0f5d485033cedbf219f96baa68fcf7b81c43bbf4a64be732d14c4fba43b,3210cb687fb8f79b581fabaa6153fd3c36e7c7220385fc225b946d9c11b88ea8,2026-08-09T11:54:48.063225+00:00
jyb:/rmtzgjyb/202601/t20260110_2111435605,深刻把握教育面临的新使命新挑战,60.0,3,internal_positive,A,生产基线,2,90,Alibaba,deepseek/deepseek-v4-flash,False,message.content,90,90,,,gen-1786276493-TdWTNo8jO9I2brOMIgS7,stop,5.174281697720289,1,ok,,49497cfda6bfdba59737f684a24270c8be6f8ad644bcf51dec40b4838ad14662,25b0a0f5d485033cedbf219f96baa68fcf7b81c43bbf4a64be732d14c4fba43b,3210cb687fb8f79b581fabaa6153fd3c36e7c7220385fc225b946d9c11b88ea8,2026-08-09T11:54:57.185063+00:00
jyb:/rmtzgjyb/202601/t20260110_2111435605,深刻把握教育面临的新使命新挑战,60.0,3,internal_positive,A,生产基线,3,80,Alibaba,deepseek/deepseek-v4-flash,False,message.content,80,80,,,gen-1786276544-P9rQ2LwChhGf4OpzyEeu,stop,8.524172697216272,1,ok,,49497cfda6bfdba59737f684a24270c8be6f8ad644bcf51dec40b4838ad14662,25b0a0f5d485033cedbf219f96baa68fcf7b81c43bbf4a64be732d14c4fba43b,3210cb687fb8f79b581fabaa6153fd3c36e7c7220385fc225b946d9c11b88ea8,2026-08-09T11:55:51.945182+00:00
jyb:/rmtzgjyb/202601/t20260110_2111435605,深刻把握教育面临的新使命新挑战,60.0,3,internal_positive,D,固定 provider + 关闭 reasoning,1,95,Alibaba,deepseek/deepseek-v4-flash,False,message.content,95,95,,,gen-1786276522-pAMub7K2k2Tcos3osRf8,stop,2.068344596773386,1,ok,,49497cfda6bfdba59737f684a24270c8be6f8ad644bcf51dec40b4838ad14662,25b0a0f5d485033cedbf219f96baa68fcf7b81c43bbf4a64be732d14c4fba43b,7b1d1a8efd64b7082871e94f0f5823d050083f3983d70147956410dea7bdf6b8,2026-08-09T11:55:23.458990+00:00
jyb:/rmtzgjyb/202601/t20260110_2111435605,深刻把握教育面临的新使命新挑战,60.0,3,internal_positive,D,固定 provider + 关闭 reasoning,2,85,Alibaba,deepseek/deepseek-v4-flash,False,message.content,85,85,,,gen-1786276512-g9FvtRMIcmq6SBO7d6gJ,stop,1.9211219027638435,1,ok,,49497cfda6bfdba59737f684a24270c8be6f8ad644bcf51dec40b4838ad14662,25b0a0f5d485033cedbf219f96baa68fcf7b81c43bbf4a64be732d14c4fba43b,7b1d1a8efd64b7082871e94f0f5823d050083f3983d70147956410dea7bdf6b8,2026-08-09T11:55:13.389721+00:00
jyb:/rmtzgjyb/202601/t20260110_2111435605,深刻把握教育面临的新使命新挑战,60.0,3,internal_positive,D,固定 provider + 关闭 reasoning,3,85,Alibaba,deepseek/deepseek-v4-flash,False,message.content,85,85,,,gen-1786276531-KLjk3UzFM9d3QyQPo1jD,stop,1.7110208980739117,1,ok,,49497cfda6bfdba59737f684a24270c8be6f8ad644bcf51dec40b4838ad14662,25b0a0f5d485033cedbf219f96baa68fcf7b81c43bbf4a64be732d14c4fba43b,7b1d1a8efd64b7082871e94f0f5823d050083f3983d70147956410dea7bdf6b8,2026-08-09T11:55:31.792920+00:00
jyb:/rmtzgjyb/202606/t20260611_2111490047,多地增加高中学位供给——多元布局 特色赋能启新局,60.0,3,internal_positive,A,生产基线,1,60,Alibaba,deepseek/deepseek-v4-flash,False,message.content,60,60,,,gen-1786276657-peRJbI7cZNrMwR001C2m,stop,11.842763900756836,1,ok,,a8661e7a9c1619349a04ab49c7b99ca14f0dcf1c0007cc098377049ca681b367,8a6a42258771fafd7155f9abfc6d9a08e17f605616ed44a9783c9a8843bbb33c,74905edf6f8805bcf07e14a0973d4eeb0396badaf9cfffb989d6c9e3cfec3b88,2026-08-09T11:57:48.672765+00:00
jyb:/rmtzgjyb/202606/t20260611_2111490047,多地增加高中学位供给——多元布局 特色赋能启新局,60.0,3,internal_positive,A,生产基线,2,10,Alibaba,deepseek/deepseek-v4-flash,False,message.content,10,10,,,gen-1786276822-k8Wa9WxoZW8arfYO0Vl7,stop,5.574612699449062,1,ok,,a8661e7a9c1619349a04ab49c7b99ca14f0dcf1c0007cc098377049ca681b367,8a6a42258771fafd7155f9abfc6d9a08e17f605616ed44a9783c9a8843bbb33c,74905edf6f8805bcf07e14a0973d4eeb0396badaf9cfffb989d6c9e3cfec3b88,2026-08-09T12:00:26.026494+00:00
jyb:/rmtzgjyb/202606/t20260611_2111490047,多地增加高中学位供给——多元布局 特色赋能启新局,60.0,3,internal_positive,A,生产基线,3,62,Alibaba,deepseek/deepseek-v4-flash,False,message.content,62,62,,,gen-1786276813-XbfSnSUEizC924ySoBLE,stop,13.470459498465061,1,ok,,a8661e7a9c1619349a04ab49c7b99ca14f0dcf1c0007cc098377049ca681b367,8a6a42258771fafd7155f9abfc6d9a08e17f605616ed44a9783c9a8843bbb33c,74905edf6f8805bcf07e14a0973d4eeb0396badaf9cfffb989d6c9e3cfec3b88,2026-08-09T12:00:25.794317+00:00
jyb:/rmtzgjyb/202606/t20260611_2111490047,多地增加高中学位供给——多元布局 特色赋能启新局,60.0,3,internal_positive,D,固定 provider + 关闭 reasoning,1,65,Alibaba,deepseek/deepseek-v4-flash,False,message.content,65,65,,,gen-1786276660-mrmOU2HGbrldY5ZGTBOA,stop,1.950330600142479,1,ok,,a8661e7a9c1619349a04ab49c7b99ca14f0dcf1c0007cc098377049ca681b367,8a6a42258771fafd7155f9abfc6d9a08e17f605616ed44a9783c9a8843bbb33c,90be3c564011f26dbc3c8cf7258b7fc9b0bc08d8beb6d98f33c21845fe4633ca,2026-08-09T11:57:41.560000+00:00
jyb:/rmtzgjyb/202606/t20260611_2111490047,多地增加高中学位供给——多元布局 特色赋能启新局,60.0,3,internal_positive,D,固定 provider + 关闭 reasoning,2,75,Alibaba,deepseek/deepseek-v4-flash,False,message.content,75,75,,,gen-1786276845-EyfOsC6lNOgwBGpdnlFj,stop,1.9644349999725819,1,ok,,a8661e7a9c1619349a04ab49c7b99ca14f0dcf1c0007cc098377049ca681b367,8a6a42258771fafd7155f9abfc6d9a08e17f605616ed44a9783c9a8843bbb33c,90be3c564011f26dbc3c8cf7258b7fc9b0bc08d8beb6d98f33c21845fe4633ca,2026-08-09T12:00:45.826171+00:00
jyb:/rmtzgjyb/202606/t20260611_2111490047,多地增加高中学位供给——多元布局 特色赋能启新局,60.0,3,internal_positive,D,固定 provider + 关闭 reasoning,3,65,Alibaba,deepseek/deepseek-v4-flash,False,message.content,65,65,,,gen-1786276685-IoQLZxYpBkycna9AzPCp,stop,1.823718599975109,1,ok,,a8661e7a9c1619349a04ab49c7b99ca14f0dcf1c0007cc098377049ca681b367,8a6a42258771fafd7155f9abfc6d9a08e17f605616ed44a9783c9a8843bbb33c,90be3c564011f26dbc3c8cf7258b7fc9b0bc08d8beb6d98f33c21845fe4633ca,2026-08-09T11:58:06.383535+00:00
jyb:/talents/202604/t20260421_2111469764,北京：怀柔区释放“雁栖十条”政策效能，打造青年人才创新创业生态区,85.0,4,internal_positive,A,生产基线,1,45,Alibaba,deepseek/deepseek-v4-flash,False,message.content,45,45,,,gen-1786276825-MRertVPUEYbRMQbU7jdG,stop,11.188594400882721,1,ok,,86877eba539cd4b5729b14b6303b4f90694785d86675abb2524446a2aea55deb,2673ca746421b07ac477a035a30b2fa6ca48d6e0c90f535dc57a7aedc8a8e8ed,855972423cb40bdd1874e40ca4cbb58d8dff324a6dd8fb0a9a9cf48360aabfe7,2026-08-09T12:00:35.371225+00:00
jyb:/talents/202604/t20260421_2111469764,北京：怀柔区释放“雁栖十条”政策效能，打造青年人才创新创业生态区,85.0,4,internal_positive,A,生产基线,2,40,Alibaba,deepseek/deepseek-v4-flash,False,message.content,40,40,,,gen-1786276855-EeDjOlY1jGUVcNArlnG8,stop,16.566317699849606,1,ok,,86877eba539cd4b5729b14b6303b4f90694785d86675abb2524446a2aea55deb,2673ca746421b07ac477a035a30b2fa6ca48d6e0c90f535dc57a7aedc8a8e8ed,855972423cb40bdd1874e40ca4cbb58d8dff324a6dd8fb0a9a9cf48360aabfe7,2026-08-09T12:01:10.468814+00:00
jyb:/talents/202604/t20260421_2111469764,北京：怀柔区释放“雁栖十条”政策效能，打造青年人才创新创业生态区,85.0,4,internal_positive,A,生产基线,3,45,Baidu,deepseek/deepseek-v4-flash,False,message.content,45,45,,,gen-1786276878-pRsuFR0Gr9dGxW3Edl9x,stop,25.637912899255753,1,ok,,86877eba539cd4b5729b14b6303b4f90694785d86675abb2524446a2aea55deb,2673ca746421b07ac477a035a30b2fa6ca48d6e0c90f535dc57a7aedc8a8e8ed,855972423cb40bdd1874e40ca4cbb58d8dff324a6dd8fb0a9a9cf48360aabfe7,2026-08-09T12:01:42.999473+00:00
jyb:/talents/202604/t20260421_2111469764,北京：怀柔区释放“雁栖十条”政策效能，打造青年人才创新创业生态区,85.0,4,internal_positive,D,固定 provider + 关闭 reasoning,1,75,Alibaba,deepseek/deepseek-v4-flash,False,message.content,75,75,,,gen-1786276848-q3JUe5XJ9SoEaDBSXDzk,stop,1.9439307004213333,1,ok,,86877eba539cd4b5729b14b6303b4f90694785d86675abb2524446a2aea55deb,2673ca746421b07ac477a035a30b2fa6ca48d6e0c90f535dc57a7aedc8a8e8ed,d011613f2898f0f8c248ef9eff2c0fe3d6c0968a44aab41244ca57b6fcb61178,2026-08-09T12:00:48.839012+00:00
jyb:/talents/202604/t20260421_2111469764,北京：怀柔区释放“雁栖十条”政策效能，打造青年人才创新创业生态区,85.0,4,internal_positive,D,固定 provider + 关闭 reasoning,2,75,Alibaba,deepseek/deepseek-v4-flash,False,message.content,75,75,,,gen-1786276847-eDTwBdzV7RC14Be0v9sq,stop,3.0863078013062477,1,ok,,86877eba539cd4b5729b14b6303b4f90694785d86675abb2524446a2aea55deb,2673ca746421b07ac477a035a30b2fa6ca48d6e0c90f535dc57a7aedc8a8e8ed,d011613f2898f0f8c248ef9eff2c0fe3d6c0968a44aab41244ca57b6fcb61178,2026-08-09T12:00:49.421783+00:00
jyb:/talents/202604/t20260421_2111469764,北京：怀柔区释放“雁栖十条”政策效能，打造青年人才创新创业生态区,85.0,4,internal_positive,D,固定 provider + 关闭 reasoning,3,85,Alibaba,deepseek/deepseek-v4-flash,False,message.content,85,85,,,gen-1786276689-9W9SFz2qEtpdxdAE4Cbo,stop,1.5888805016875267,1,ok,,86877eba539cd4b5729b14b6303b4f90694785d86675abb2524446a2aea55deb,2673ca746421b07ac477a035a30b2fa6ca48d6e0c90f535dc57a7aedc8a8e8ed,d011613f2898f0f8c248ef9eff2c0fe3d6c0968a44aab41244ca57b6fcb61178,2026-08-09T11:58:09.798412+00:00
jyb:/talents/202605/t20260520_2111480859,北京：怀柔区“十五五”时期人才发展规划发布,85.0,4,internal_positive,A,生产基线,1,15,Alibaba,deepseek/deepseek-v4-flash,False,message.content,15,15,,,gen-1786276485-QgFsDuWaCMmr0inKshkw,stop,6.5348720997571945,1,ok,,fa9ac4659deca6022b3546a6caf274225cb6e2f7f567094ca417640c530c4453,cf8186cb71847133c72cd470475af208681604dd1cdd3ae5cc0b8a3d8bb591b0,86ac718704f4077c7b7f43caa57263e07a3ebeb2d1cdeff7a4d6f6d58f1778b7,2026-08-09T11:54:50.642987+00:00
jyb:/talents/202605/t20260520_2111480859,北京：怀柔区“十五五”时期人才发展规划发布,85.0,4,internal_positive,A,生产基线,2,10,Alibaba,deepseek/deepseek-v4-flash,False,message.content,10,10,,,gen-1786276511-kN8jkKQld39wSnyaX51G,stop,6.485677000135183,1,ok,,fa9ac4659deca6022b3546a6caf274225cb6e2f7f567094ca417640c530c4453,cf8186cb71847133c72cd470475af208681604dd1cdd3ae5cc0b8a3d8bb591b0,86ac718704f4077c7b7f43caa57263e07a3ebeb2d1cdeff7a4d6f6d58f1778b7,2026-08-09T11:55:17.104204+00:00
jyb:/talents/202605/t20260520_2111480859,北京：怀柔区“十五五”时期人才发展规划发布,85.0,4,internal_positive,A,生产基线,3,10,Baidu,deepseek/deepseek-v4-flash,False,message.content,10,10,,,gen-1786276527-HtyhvZhBWXxmQvbZusSF,stop,38.70528469979763,1,ok,,fa9ac4659deca6022b3546a6caf274225cb6e2f7f567094ca417640c530c4453,cf8186cb71847133c72cd470475af208681604dd1cdd3ae5cc0b8a3d8bb591b0,86ac718704f4077c7b7f43caa57263e07a3ebeb2d1cdeff7a4d6f6d58f1778b7,2026-08-09T11:56:04.856656+00:00
jyb:/talents/202605/t20260520_2111480859,北京：怀柔区“十五五”时期人才发展规划发布,85.0,4,internal_positive,D,固定 provider + 关闭 reasoning,1,20,Alibaba,deepseek/deepseek-v4-flash,False,message.content,20,20,,,gen-1786276507-GhH8uhmfiAJ17pDi7s2p,stop,1.696509100496769,1,ok,,fa9ac4659deca6022b3546a6caf274225cb6e2f7f567094ca417640c530c4453,cf8186cb71847133c72cd470475af208681604dd1cdd3ae5cc0b8a3d8bb591b0,d94ca3dc2bb5c04ab15ac90d4e87f5425a80998a19b6bb634c9c9fe25bd0d566,2026-08-09T11:55:08.294483+00:00
jyb:/talents/202605/t20260520_2111480859,北京：怀柔区“十五五”时期人才发展规划发布,85.0,4,internal_positive,D,固定 provider + 关闭 reasoning,2,20,Alibaba,deepseek/deepseek-v4-flash,False,message.content,20,20,,,gen-1786276532-YalfpfHInXaszDiO2VKW,stop,1.6618055999279022,1,ok,,fa9ac4659deca6022b3546a6caf274225cb6e2f7f567094ca417640c530c4453,cf8186cb71847133c72cd470475af208681604dd1cdd3ae5cc0b8a3d8bb591b0,d94ca3dc2bb5c04ab15ac90d4e87f5425a80998a19b6bb634c9c9fe25bd0d566,2026-08-09T11:55:33.456118+00:00
jyb:/talents/202605/t20260520_2111480859,北京：怀柔区“十五五”时期人才发展规划发布,85.0,4,internal_positive,D,固定 provider + 关闭 reasoning,3,15,Alibaba,deepseek/deepseek-v4-flash,False,message.content,15,15,,,gen-1786276479-rZ4DncNnW6LUrpIt3Nmu,stop,3.066446900367737,1,ok,,fa9ac4659deca6022b3546a6caf274225cb6e2f7f567094ca417640c530c4453,cf8186cb71847133c72cd470475af208681604dd1cdd3ae5cc0b8a3d8bb591b0,d94ca3dc2bb5c04ab15ac90d4e87f5425a80998a19b6bb634c9c9fe25bd0d566,2026-08-09T11:54:40.646654+00:00
qianlong:2026/0424/8659072,科创扩围 聚链兴产,85.0,4,internal_positive,A,生产基线,1,5,Alibaba,deepseek/deepseek-v4-flash,False,message.content,5,5,,,gen-1786276827-lqCBRw0dywxrbY3FW078,stop,4.311515796929598,1,ok,,cf2a084eb500cdbfad0f69c9d13730896e21e497dc4a5341a76ebd21811ebe80,ae12747d24f579831ad6af4f0fd8730b7096ab1f34117b9aac575e72b5f0ff7e,49e44cdcb9600879c70381cd50ee9621adc13ba1eee895628d0c9f3d338e8246,2026-08-09T12:00:30.339676+00:00
qianlong:2026/0424/8659072,科创扩围 聚链兴产,85.0,4,internal_positive,A,生产基线,2,0,Alibaba,deepseek/deepseek-v4-flash,False,message.content,0,0,,,gen-1786276709-76BmAjZmMeuRUvqCdAY6,stop,5.344488598406315,1,ok,,cf2a084eb500cdbfad0f69c9d13730896e21e497dc4a5341a76ebd21811ebe80,ae12747d24f579831ad6af4f0fd8730b7096ab1f34117b9aac575e72b5f0ff7e,49e44cdcb9600879c70381cd50ee9621adc13ba1eee895628d0c9f3d338e8246,2026-08-09T11:58:33.529037+00:00
qianlong:2026/0424/8659072,科创扩围 聚链兴产,85.0,4,internal_positive,A,生产基线,3,10,Alibaba,deepseek/deepseek-v4-flash,False,message.content,10,10,,,gen-1786276868-P7I8x9w9qVm6oROKV8hr,stop,6.471742901951075,1,ok,,cf2a084eb500cdbfad0f69c9d13730896e21e497dc4a5341a76ebd21811ebe80,ae12747d24f579831ad6af4f0fd8730b7096ab1f34117b9aac575e72b5f0ff7e,49e44cdcb9600879c70381cd50ee9621adc13ba1eee895628d0c9f3d338e8246,2026-08-09T12:01:14.207138+00:00
qianlong:2026/0424/8659072,科创扩围 聚链兴产,85.0,4,internal_positive,D,固定 provider + 关闭 reasoning,1,0,Alibaba,deepseek/deepseek-v4-flash,False,message.content,0,0,,,gen-1786276879-gEP2EyHTDbnvkScZnruG,stop,1.8403264991939068,1,ok,,cf2a084eb500cdbfad0f69c9d13730896e21e497dc4a5341a76ebd21811ebe80,ae12747d24f579831ad6af4f0fd8730b7096ab1f34117b9aac575e72b5f0ff7e,d3daa403cd7d852c0757468f9e967d158dccb16f6b5ca3269eae9079f4190c3d,2026-08-09T12:01:19.998224+00:00
qianlong:2026/0424/8659072,科创扩围 聚链兴产,85.0,4,internal_positive,D,固定 provider + 关闭 reasoning,2,15,Alibaba,deepseek/deepseek-v4-flash,False,message.content,15,15,,,gen-1786276683-nZwFR5fPxUxsqaJ1brKs,stop,2.1820275001227856,1,ok,,cf2a084eb500cdbfad0f69c9d13730896e21e497dc4a5341a76ebd21811ebe80,ae12747d24f579831ad6af4f0fd8730b7096ab1f34117b9aac575e72b5f0ff7e,d3daa403cd7d852c0757468f9e967d158dccb16f6b5ca3269eae9079f4190c3d,2026-08-09T11:58:04.274360+00:00
qianlong:2026/0424/8659072,科创扩围 聚链兴产,85.0,4,internal_positive,D,固定 provider + 关闭 reasoning,3,0,Alibaba,deepseek/deepseek-v4-flash,False,message.content,0,0,,,gen-1786276804-jkxvBhPsQLgF6CAIWkgu,stop,1.72221340239048,1,ok,,cf2a084eb500cdbfad0f69c9d13730896e21e497dc4a5341a76ebd21811ebe80,ae12747d24f579831ad6af4f0fd8730b7096ab1f34117b9aac575e72b5f0ff7e,d3daa403cd7d852c0757468f9e967d158dccb16f6b5ca3269eae9079f4190c3d,2026-08-09T12:00:05.369531+00:00
qianlong:2026/0627/8689051,北京公园树下“千足虫”横行，市民该如何防护？专家科普,20.0,1,internal_positive,A,生产基线,1,5,Alibaba,deepseek/deepseek-v4-flash,False,message.content,5,5,,,gen-1786276885-cvybKRGkbOVewpyrnyTo,stop,7.230882301926613,1,ok,,4d61dbacebe787b97ca42e6a8013b5558da5a42151eb7dc9b796807f594800d5,51d2f040efefc6a2b261573bfcf6ccd6036c21baeabe8710c9b404de623a585f,d7c81ac935ad0e1e77c28668e3e1dd9c2d7cc2dad6f6b46eed13e9a462786012,2026-08-09T12:01:31.771133+00:00
qianlong:2026/0627/8689051,北京公园树下“千足虫”横行，市民该如何防护？专家科普,20.0,1,internal_positive,A,生产基线,2,35,Alibaba,deepseek/deepseek-v4-flash,False,message.content,35,35,,,gen-1786276713-J3BTG9vCBdu3haLBkJQC,stop,7.634027402848005,1,ok,,4d61dbacebe787b97ca42e6a8013b5558da5a42151eb7dc9b796807f594800d5,51d2f040efefc6a2b261573bfcf6ccd6036c21baeabe8710c9b404de623a585f,d7c81ac935ad0e1e77c28668e3e1dd9c2d7cc2dad6f6b46eed13e9a462786012,2026-08-09T11:58:40.308190+00:00
qianlong:2026/0627/8689051,北京公园树下“千足虫”横行，市民该如何防护？专家科普,20.0,1,internal_positive,A,生产基线,3,0,Alibaba,deepseek/deepseek-v4-flash,False,message.content,0,0,,,gen-1786276817-OAiiDKYaxxPJjmTZJ11L,stop,4.101072497665882,1,ok,,4d61dbacebe787b97ca42e6a8013b5558da5a42151eb7dc9b796807f594800d5,51d2f040efefc6a2b261573bfcf6ccd6036c21baeabe8710c9b404de623a585f,d7c81ac935ad0e1e77c28668e3e1dd9c2d7cc2dad6f6b46eed13e9a462786012,2026-08-09T12:00:20.450523+00:00
qianlong:2026/0627/8689051,北京公园树下“千足虫”横行，市民该如何防护？专家科普,20.0,1,internal_positive,D,固定 provider + 关闭 reasoning,1,0,Alibaba,deepseek/deepseek-v4-flash,False,message.content,0,0,,,gen-1786276718-sutFAmNvuTJ4E8TNkSlN,stop,1.768197100609541,1,ok,,4d61dbacebe787b97ca42e6a8013b5558da5a42151eb7dc9b796807f594800d5,51d2f040efefc6a2b261573bfcf6ccd6036c21baeabe8710c9b404de623a585f,983305507810a010924a17d0397c939932a60c1480e02cfa8168395e369f5379,2026-08-09T11:58:39.503577+00:00
qianlong:2026/0627/8689051,北京公园树下“千足虫”横行，市民该如何防护？专家科普,20.0,1,internal_positive,D,固定 provider + 关闭 reasoning,2,0,Alibaba,deepseek/deepseek-v4-flash,False,message.content,0,0,,,gen-1786276772-2JajTUD12fNRY9x5mzIs,stop,1.598745297640562,1,ok,,4d61dbacebe787b97ca42e6a8013b5558da5a42151eb7dc9b796807f594800d5,51d2f040efefc6a2b261573bfcf6ccd6036c21baeabe8710c9b404de623a585f,983305507810a010924a17d0397c939932a60c1480e02cfa8168395e369f5379,2026-08-09T11:59:32.516482+00:00
qianlong:2026/0627/8689051,北京公园树下“千足虫”横行，市民该如何防护？专家科普,20.0,1,internal_positive,D,固定 provider + 关闭 reasoning,3,0,Alibaba,deepseek/deepseek-v4-flash,False,message.content,0,0,,,gen-1786276838-3bLGzNHOOA3UQ2k04kNi,stop,1.7866318002343178,1,ok,,4d61dbacebe787b97ca42e6a8013b5558da5a42151eb7dc9b796807f594800d5,51d2f040efefc6a2b261573bfcf6ccd6036c21baeabe8710c9b404de623a585f,983305507810a010924a17d0397c939932a60c1480e02cfa8168395e369f5379,2026-08-09T12:00:39.090309+00:00
tencent:20251229A05NJH00,聚焦北大荒｜庆丰分公司：厚植丰产丰收新底气,0.0,0,external_positive,A,生产基线,1,0,Alibaba,deepseek/deepseek-v4-flash,False,message.content,0,0,,,gen-1786276667-uZKF3KAhlLvfuBTSHlfL,stop,2.919080998748541,1,ok,,c2c82aacda6755246dde955e5d2134c118628cff9234ad295ac0df4fcb4f9eef,6f0553d26b8d3cabc5496fdf494c312e6f1fb2b5c7400250b0b977d92840ea9c,f315a6e574ea68561a99b4eadfce7ecb92b47b637e4ed6c08c9236f65773f0a8,2026-08-09T11:57:49.164739+00:00
tencent:20251229A05NJH00,聚焦北大荒｜庆丰分公司：厚植丰产丰收新底气,0.0,0,external_positive,A,生产基线,2,5,Alibaba,deepseek/deepseek-v4-flash,False,message.content,5,5,,,gen-1786276699-KsuC91CeUGOMvTCp3kDq,stop,3.9984355978667736,1,ok,,c2c82aacda6755246dde955e5d2134c118628cff9234ad295ac0df4fcb4f9eef,6f0553d26b8d3cabc5496fdf494c312e6f1fb2b5c7400250b0b977d92840ea9c,f315a6e574ea68561a99b4eadfce7ecb92b47b637e4ed6c08c9236f65773f0a8,2026-08-09T11:58:22.370164+00:00
tencent:20251229A05NJH00,聚焦北大荒｜庆丰分公司：厚植丰产丰收新底气,0.0,0,external_positive,A,生产基线,3,5,Alibaba,deepseek/deepseek-v4-flash,False,message.content,5,5,,,gen-1786276865-r9alNfpQ5DsUELNW3ddh,stop,3.8658168986439705,1,ok,,c2c82aacda6755246dde955e5d2134c118628cff9234ad295ac0df4fcb4f9eef,6f0553d26b8d3cabc5496fdf494c312e6f1fb2b5c7400250b0b977d92840ea9c,f315a6e574ea68561a99b4eadfce7ecb92b47b637e4ed6c08c9236f65773f0a8,2026-08-09T12:01:07.862872+00:00
tencent:20251229A05NJH00,聚焦北大荒｜庆丰分公司：厚植丰产丰收新底气,0.0,0,external_positive,D,固定 provider + 关闭 reasoning,1,0,Alibaba,deepseek/deepseek-v4-flash,False,message.content,0,0,,,gen-1786276860-OHTRlm8kveTdpGusiTfl,stop,2.719523798674345,1,ok,,c2c82aacda6755246dde955e5d2134c118628cff9234ad295ac0df4fcb4f9eef,6f0553d26b8d3cabc5496fdf494c312e6f1fb2b5c7400250b0b977d92840ea9c,4ade59ef7eeafbbe159384e6ff066a245e1f5640d9a8484bf585e4fb877e41b4,2026-08-09T12:01:01.424829+00:00
tencent:20251229A05NJH00,聚焦北大荒｜庆丰分公司：厚植丰产丰收新底气,0.0,0,external_positive,D,固定 provider + 关闭 reasoning,2,0,Alibaba,deepseek/deepseek-v4-flash,False,message.content,0,0,,,gen-1786276680-FhnJZPG2v6V95Z23EkPs,stop,1.5897862017154694,1,ok,,c2c82aacda6755246dde955e5d2134c118628cff9234ad295ac0df4fcb4f9eef,6f0553d26b8d3cabc5496fdf494c312e6f1fb2b5c7400250b0b977d92840ea9c,4ade59ef7eeafbbe159384e6ff066a245e1f5640d9a8484bf585e4fb877e41b4,2026-08-09T11:58:00.499698+00:00
tencent:20251229A05NJH00,聚焦北大荒｜庆丰分公司：厚植丰产丰收新底气,0.0,0,external_positive,D,固定 provider + 关闭 reasoning,3,0,Alibaba,deepseek/deepseek-v4-flash,False,message.content,0,0,,,gen-1786276781-BZHqJwTCqxsZfleqgDbM,stop,1.8812061995267868,1,ok,,c2c82aacda6755246dde955e5d2134c118628cff9234ad295ac0df4fcb4f9eef,6f0553d26b8d3cabc5496fdf494c312e6f1fb2b5c7400250b0b977d92840ea9c,4ade59ef7eeafbbe159384e6ff066a245e1f5640d9a8484bf585e4fb877e41b4,2026-08-09T11:59:41.981508+00:00
tencent:20260105A0763700,“勇敢出发，别留遗憾！”“长城诵读女孩”陈欣妍首次回应走红,0.0,0,internal_positive,A,生产基线,1,20,Baidu,deepseek/deepseek-v4-flash,False,message.content,20,20,,,gen-1786276793-sEPqcb03TtrYgxZvVaDB,stop,3.2938569001853466,1,ok,,e8b3445b588c2b87180368fa0382882196828fe908ded547a69f973dca59bb52,75f003938f9eac5c9033f84be495d386562597f4a78a00f6310a1cdaf6570c0d,81dc741b9424757f3d3cbe6259ae156ff8c4e6fa1b1a8bb0525af8bffe798446,2026-08-09T11:59:55.356252+00:00
tencent:20260105A0763700,“勇敢出发，别留遗憾！”“长城诵读女孩”陈欣妍首次回应走红,0.0,0,internal_positive,A,生产基线,2,0,Alibaba,deepseek/deepseek-v4-flash,False,message.content,0,0,,,gen-1786276672-bteHEbcdd09a7iDJccSd,stop,5.156573601067066,1,ok,,e8b3445b588c2b87180368fa0382882196828fe908ded547a69f973dca59bb52,75f003938f9eac5c9033f84be495d386562597f4a78a00f6310a1cdaf6570c0d,81dc741b9424757f3d3cbe6259ae156ff8c4e6fa1b1a8bb0525af8bffe798446,2026-08-09T11:57:56.218120+00:00
tencent:20260105A0763700,“勇敢出发，别留遗憾！”“长城诵读女孩”陈欣妍首次回应走红,0.0,0,internal_positive,A,生产基线,3,5,Alibaba,deepseek/deepseek-v4-flash,False,message.content,5,5,,,gen-1786276913-JVpXGU3kczxIASiZPIyv,stop,4.641633402556181,1,ok,,e8b3445b588c2b87180368fa0382882196828fe908ded547a69f973dca59bb52,75f003938f9eac5c9033f84be495d386562597f4a78a00f6310a1cdaf6570c0d,81dc741b9424757f3d3cbe6259ae156ff8c4e6fa1b1a8bb0525af8bffe798446,2026-08-09T12:01:57.045385+00:00
tencent:20260105A0763700,“勇敢出发，别留遗憾！”“长城诵读女孩”陈欣妍首次回应走红,0.0,0,internal_positive,D,固定 provider + 关闭 reasoning,1,0,Alibaba,deepseek/deepseek-v4-flash,False,message.content,0,0,,,gen-1786276746-phAeHIH1tZ0JJw0eb1I3,stop,1.712372399866581,1,ok,,e8b3445b588c2b87180368fa0382882196828fe908ded547a69f973dca59bb52,75f003938f9eac5c9033f84be495d386562597f4a78a00f6310a1cdaf6570c0d,64596cd9a710a4e84cd4ad3263a5050fd7e65e655546c3f51bbadd91a01eebfd,2026-08-09T11:59:06.814032+00:00
tencent:20260105A0763700,“勇敢出发，别留遗憾！”“长城诵读女孩”陈欣妍首次回应走红,0.0,0,internal_positive,D,固定 provider + 关闭 reasoning,2,0,Alibaba,deepseek/deepseek-v4-flash,False,message.content,0,0,,,gen-1786276715-mVcIq4GFAEuvPCscJs1a,stop,1.7087331973016262,1,ok,,e8b3445b588c2b87180368fa0382882196828fe908ded547a69f973dca59bb52,75f003938f9eac5c9033f84be495d386562597f4a78a00f6310a1cdaf6570c0d,64596cd9a710a4e84cd4ad3263a5050fd7e65e655546c3f51bbadd91a01eebfd,2026-08-09T11:58:35.925409+00:00
tencent:20260105A0763700,“勇敢出发，别留遗憾！”“长城诵读女孩”陈欣妍首次回应走红,0.0,0,internal_positive,D,固定 provider + 关闭 reasoning,3,0,Alibaba,deepseek/deepseek-v4-flash,False,message.content,0,0,,,gen-1786276740-Vf5lUZW6pHaC98nGl4bw,stop,1.522230003029108,1,ok,,e8b3445b588c2b87180368fa0382882196828fe908ded547a69f973dca59bb52,75f003938f9eac5c9033f84be495d386562597f4a78a00f6310a1cdaf6570c0d,64596cd9a710a4e84cd4ad3263a5050fd7e65e655546c3f51bbadd91a01eebfd,2026-08-09T11:59:00.472745+00:00
tencent:20260225A07OO100,广东全民终身学习平台正式上线 构建“人人皆学、处处能学、时时可学”学习生态,85.0,4,external_positive,A,生产基线,1,85,Alibaba,deepseek/deepseek-v4-flash,False,message.content,85,85,,,gen-1786276868-hA7w5ItwwM7STBFqWaSP,stop,13.312452398240566,1,ok,,f3bd71855fe68980ba044f0ae3e7b4a2641415f880ad4a620c3d1f7cd0bb28f8,6da4aa86ab7149078b3420fba41594c81aa04c5f2ee7668e1d0f12da64ff8047,cff58f2410c1d005ac747cfe1afebd3aa7a04cbcda5ca3683d486aec2ad6481c,2026-08-09T12:01:20.460406+00:00
tencent:20260225A07OO100,广东全民终身学习平台正式上线 构建“人人皆学、处处能学、时时可学”学习生态,85.0,4,external_positive,A,生产基线,2,85,Alibaba,deepseek/deepseek-v4-flash,False,message.content,85,85,,,gen-1786276837-01PRzcFyZe1Lb8RcOB92,stop,4.040385499596596,1,ok,,f3bd71855fe68980ba044f0ae3e7b4a2641415f880ad4a620c3d1f7cd0bb28f8,6da4aa86ab7149078b3420fba41594c81aa04c5f2ee7668e1d0f12da64ff8047,cff58f2410c1d005ac747cfe1afebd3aa7a04cbcda5ca3683d486aec2ad6481c,2026-08-09T12:00:40.150127+00:00
tencent:20260225A07OO100,广东全民终身学习平台正式上线 构建“人人皆学、处处能学、时时可学”学习生态,85.0,4,external_positive,A,生产基线,3,85,Alibaba,deepseek/deepseek-v4-flash,False,message.content,85,85,,,gen-1786276876-aurihiPlOOdGPO3HNLMN,stop,9.401870798319578,1,ok,,f3bd71855fe68980ba044f0ae3e7b4a2641415f880ad4a620c3d1f7cd0bb28f8,6da4aa86ab7149078b3420fba41594c81aa04c5f2ee7668e1d0f12da64ff8047,cff58f2410c1d005ac747cfe1afebd3aa7a04cbcda5ca3683d486aec2ad6481c,2026-08-09T12:01:24.586740+00:00
tencent:20260225A07OO100,广东全民终身学习平台正式上线 构建“人人皆学、处处能学、时时可学”学习生态,85.0,4,external_positive,D,固定 provider + 关闭 reasoning,1,75,Alibaba,deepseek/deepseek-v4-flash,False,message.content,75,75,,,gen-1786276727-KEYXjmrpbKgHVr5K1QBo,stop,1.771424699574709,1,ok,,f3bd71855fe68980ba044f0ae3e7b4a2641415f880ad4a620c3d1f7cd0bb28f8,6da4aa86ab7149078b3420fba41594c81aa04c5f2ee7668e1d0f12da64ff8047,d5e2ec2e9f6cac5654676ad1f8693d5d3f37e5f194ce72d9340de5dfa4992731,2026-08-09T11:58:48.274658+00:00
tencent:20260225A07OO100,广东全民终身学习平台正式上线 构建“人人皆学、处处能学、时时可学”学习生态,85.0,4,external_positive,D,固定 provider + 关闭 reasoning,2,75,Alibaba,deepseek/deepseek-v4-flash,False,message.content,75,75,,,gen-1786276674-cMX8JK6KLJjEfF39kJzs,stop,1.6320507004857063,1,ok,,f3bd71855fe68980ba044f0ae3e7b4a2641415f880ad4a620c3d1f7cd0bb28f8,6da4aa86ab7149078b3420fba41594c81aa04c5f2ee7668e1d0f12da64ff8047,d5e2ec2e9f6cac5654676ad1f8693d5d3f37e5f194ce72d9340de5dfa4992731,2026-08-09T11:57:54.744616+00:00
tencent:20260225A07OO100,广东全民终身学习平台正式上线 构建“人人皆学、处处能学、时时可学”学习生态,85.0,4,external_positive,D,固定 provider + 关闭 reasoning,3,75,Alibaba,deepseek/deepseek-v4-flash,False,message.content,75,75,,,gen-1786276819-TAHGjH6mu6HPumDQTtr8,stop,1.9206628017127514,1,ok,,f3bd71855fe68980ba044f0ae3e7b4a2641415f880ad4a620c3d1f7cd0bb28f8,6da4aa86ab7149078b3420fba41594c81aa04c5f2ee7668e1d0f12da64ff8047,d5e2ec2e9f6cac5654676ad1f8693d5d3f37e5f194ce72d9340de5dfa4992731,2026-08-09T12:00:20.246942+00:00
tencent:20260226A01R5M00,春节假期，辽博接待观众14.67万人次,25.0,1,internal_positive,A,生产基线,1,0,Alibaba,deepseek/deepseek-v4-flash,False,message.content,0,0,,,gen-1786276836-pwSLNkrsajtN8TYavm0x,stop,3.1745111010968685,1,ok,,b51a653b5fc387c5c653224debc7cadd15947f84e4d154d064ae4c2bdad46186,318150ce741c493b51f3b75afd66569ccac526cf915c8641002ae2fd7885b262,50307e375d13f3ecbe7188e64d995c0826f77fe5a821405f0f046edbbd3f741f,2026-08-09T12:00:38.638253+00:00
tencent:20260226A01R5M00,春节假期，辽博接待观众14.67万人次,25.0,1,internal_positive,A,生产基线,2,0,Alibaba,deepseek/deepseek-v4-flash,False,message.content,0,0,,,gen-1786276850-FXEPMvVR2GNkYz2xfJAA,stop,4.7431420013308525,1,ok,,b51a653b5fc387c5c653224debc7cadd15947f84e4d154d064ae4c2bdad46186,318150ce741c493b51f3b75afd66569ccac526cf915c8641002ae2fd7885b262,50307e375d13f3ecbe7188e64d995c0826f77fe5a821405f0f046edbbd3f741f,2026-08-09T12:00:53.583437+00:00
tencent:20260226A01R5M00,春节假期，辽博接待观众14.67万人次,25.0,1,internal_positive,A,生产基线,3,0,Alibaba,deepseek/deepseek-v4-flash,False,message.content,0,0,,,gen-1786276846-YED93ve1F3my6ohR1zit,stop,4.205523502081633,1,ok,,b51a653b5fc387c5c653224debc7cadd15947f84e4d154d064ae4c2bdad46186,318150ce741c493b51f3b75afd66569ccac526cf915c8641002ae2fd7885b262,50307e375d13f3ecbe7188e64d995c0826f77fe5a821405f0f046edbbd3f741f,2026-08-09T12:00:50.033175+00:00
tencent:20260226A01R5M00,春节假期，辽博接待观众14.67万人次,25.0,1,internal_positive,D,固定 provider + 关闭 reasoning,1,0,Alibaba,deepseek/deepseek-v4-flash,False,message.content,0,0,,,gen-1786276823-8pmUIjMlx17UpBAj1Hur,stop,1.759213201701641,1,ok,,b51a653b5fc387c5c653224debc7cadd15947f84e4d154d064ae4c2bdad46186,318150ce741c493b51f3b75afd66569ccac526cf915c8641002ae2fd7885b262,4d339c0c9feff50e427c3284640843809a91534d84d4d1748380038e7635db15,2026-08-09T12:00:23.827571+00:00
tencent:20260226A01R5M00,春节假期，辽博接待观众14.67万人次,25.0,1,internal_positive,D,固定 provider + 关闭 reasoning,2,0,Alibaba,deepseek/deepseek-v4-flash,False,message.content,0,0,,,gen-1786276675-M8lT5Uxhjo4cXqVItcQr,stop,2.073335997760296,1,ok,,b51a653b5fc387c5c653224debc7cadd15947f84e4d154d064ae4c2bdad46186,318150ce741c493b51f3b75afd66569ccac526cf915c8641002ae2fd7885b262,4d339c0c9feff50e427c3284640843809a91534d84d4d1748380038e7635db15,2026-08-09T11:57:56.526151+00:00
tencent:20260226A01R5M00,春节假期，辽博接待观众14.67万人次,25.0,1,internal_positive,D,固定 provider + 关闭 reasoning,3,0,Alibaba,deepseek/deepseek-v4-flash,False,message.content,0,0,,,gen-1786276741-TLKDYKbhBTdgzDVqBKwU,stop,2.1321876011788845,1,ok,,b51a653b5fc387c5c653224debc7cadd15947f84e4d154d064ae4c2bdad46186,318150ce741c493b51f3b75afd66569ccac526cf915c8641002ae2fd7885b262,4d339c0c9feff50e427c3284640843809a91534d84d4d1748380038e7635db15,2026-08-09T11:59:02.877571+00:00
tencent:20260310A02U9700,姜耀东委员：建立企业“人工智能+”激励机制，为高质量就业破局赋能,60.0,3,internal_positive,A,生产基线,1,40,Alibaba,deepseek/deepseek-v4-flash,False,message.content,40,40,,,gen-1786276716-aP3kU458T17odE5M6iM0,stop,6.039519101381302,1,ok,,4fae152dbb7d9c6f047a1dd886c155ed974b60ab6aefcf6010ee3a63bade317e,e46c08a0635ae032ce5f1bc01f2e91004a3cbc8aa0cedc9d69e2033b87c1074e,00539cbe2b78dd68d811c8a2e479db2df401af42d2c0fa28dcc7db2c2476df49,2026-08-09T11:58:41.351976+00:00
tencent:20260310A02U9700,姜耀东委员：建立企业“人工智能+”激励机制，为高质量就业破局赋能,60.0,3,internal_positive,A,生产基线,2,10,Alibaba,deepseek/deepseek-v4-flash,False,message.content,10,10,,,gen-1786276783-3BFcSMljMexJ8sF8wqE4,stop,7.620222199708223,1,ok,,4fae152dbb7d9c6f047a1dd886c155ed974b60ab6aefcf6010ee3a63bade317e,e46c08a0635ae032ce5f1bc01f2e91004a3cbc8aa0cedc9d69e2033b87c1074e,00539cbe2b78dd68d811c8a2e479db2df401af42d2c0fa28dcc7db2c2476df49,2026-08-09T11:59:49.652438+00:00
tencent:20260310A02U9700,姜耀东委员：建立企业“人工智能+”激励机制，为高质量就业破局赋能,60.0,3,internal_positive,A,生产基线,3,10,Alibaba,deepseek/deepseek-v4-flash,False,message.content,10,10,,,gen-1786276734-29jN1Y5879SsiMBMEuTb,stop,5.16147680208087,1,ok,,4fae152dbb7d9c6f047a1dd886c155ed974b60ab6aefcf6010ee3a63bade317e,e46c08a0635ae032ce5f1bc01f2e91004a3cbc8aa0cedc9d69e2033b87c1074e,00539cbe2b78dd68d811c8a2e479db2df401af42d2c0fa28dcc7db2c2476df49,2026-08-09T11:58:57.978435+00:00
tencent:20260310A02U9700,姜耀东委员：建立企业“人工智能+”激励机制，为高质量就业破局赋能,60.0,3,internal_positive,D,固定 provider + 关闭 reasoning,1,15,Alibaba,deepseek/deepseek-v4-flash,False,message.content,15,15,,,gen-1786276815-KCLWjMI9fkc4wdpumn0Z,stop,2.2237730994820595,1,ok,,4fae152dbb7d9c6f047a1dd886c155ed974b60ab6aefcf6010ee3a63bade317e,e46c08a0635ae032ce5f1bc01f2e91004a3cbc8aa0cedc9d69e2033b87c1074e,f0bd3d7d40ca95e86e714d3f274627ea1eccea634eb467ea83139056fd23340c,2026-08-09T12:00:16.348112+00:00
tencent:20260310A02U9700,姜耀东委员：建立企业“人工智能+”激励机制，为高质量就业破局赋能,60.0,3,internal_positive,D,固定 provider + 关闭 reasoning,2,15,Alibaba,deepseek/deepseek-v4-flash,False,message.content,15,15,,,gen-1786276739-EHVzAKaE9wvZP5GxpHl3,stop,1.8477807007730007,1,ok,,4fae152dbb7d9c6f047a1dd886c155ed974b60ab6aefcf6010ee3a63bade317e,e46c08a0635ae032ce5f1bc01f2e91004a3cbc8aa0cedc9d69e2033b87c1074e,f0bd3d7d40ca95e86e714d3f274627ea1eccea634eb467ea83139056fd23340c,2026-08-09T11:58:59.924745+00:00
tencent:20260310A02U9700,姜耀东委员：建立企业“人工智能+”激励机制，为高质量就业破局赋能,60.0,3,internal_positive,D,固定 provider + 关闭 reasoning,3,15,Alibaba,deepseek/deepseek-v4-flash,False,message.content,15,15,,,gen-1786276645-dDIO2fWJQNrPeKcVX459,stop,1.9170886017382145,1,ok,,4fae152dbb7d9c6f047a1dd886c155ed974b60ab6aefcf6010ee3a63bade317e,e46c08a0635ae032ce5f1bc01f2e91004a3cbc8aa0cedc9d69e2033b87c1074e,f0bd3d7d40ca95e86e714d3f274627ea1eccea634eb467ea83139056fd23340c,2026-08-09T11:57:26.472814+00:00
tencent:20260321A02RQQ00,北京部署乡村全面振兴重点工作,95.0,4,internal_positive,A,生产基线,1,88,Baidu,deepseek/deepseek-v4-flash,False,message.content,88,88,,,gen-1786276791-rfFvf3fs6BOcbkm1eIWo,stop,5.37513279914856,1,ok,,c16c1ddae80dec8869253871513d9c6e7a026d05ffa2770722da9564bc05e188,544a541f88a4fbaff453fc7cd04db9095185d0bf37aade21f1cb8bf3b16997ce,4d867fa1c5e57947e9b84c3560134eef05fc493d9921289dde4d4ae4c5083a28,2026-08-09T11:59:56.210329+00:00
tencent:20260321A02RQQ00,北京部署乡村全面振兴重点工作,95.0,4,internal_positive,A,生产基线,2,88,Alibaba,deepseek/deepseek-v4-flash,False,message.content,88,88,,,gen-1786276728-WXNH2RGgijnmkHUv07vX,stop,5.834716796875,1,ok,,c16c1ddae80dec8869253871513d9c6e7a026d05ffa2770722da9564bc05e188,544a541f88a4fbaff453fc7cd04db9095185d0bf37aade21f1cb8bf3b16997ce,4d867fa1c5e57947e9b84c3560134eef05fc493d9921289dde4d4ae4c5083a28,2026-08-09T11:58:53.287831+00:00
tencent:20260321A02RQQ00,北京部署乡村全面振兴重点工作,95.0,4,internal_positive,A,生产基线,3,90,Alibaba,deepseek/deepseek-v4-flash,False,message.content,90,90,,,gen-1786276665-kCv7msgHajtcpnJt1ImZ,stop,6.182739898562431,1,ok,,c16c1ddae80dec8869253871513d9c6e7a026d05ffa2770722da9564bc05e188,544a541f88a4fbaff453fc7cd04db9095185d0bf37aade21f1cb8bf3b16997ce,4d867fa1c5e57947e9b84c3560134eef05fc493d9921289dde4d4ae4c5083a28,2026-08-09T11:57:50.371819+00:00
tencent:20260321A02RQQ00,北京部署乡村全面振兴重点工作,95.0,4,internal_positive,D,固定 provider + 关闭 reasoning,1,85,Alibaba,deepseek/deepseek-v4-flash,False,message.content,85,85,,,gen-1786276695-D2QQxTOHnYkfjsnGlRBl,stop,1.774744901806116,1,ok,,c16c1ddae80dec8869253871513d9c6e7a026d05ffa2770722da9564bc05e188,544a541f88a4fbaff453fc7cd04db9095185d0bf37aade21f1cb8bf3b16997ce,d23e72022c316457c6103d2bd346cb275b747a00fe0ff4dedb67c96665487fba,2026-08-09T11:58:15.668959+00:00
tencent:20260321A02RQQ00,北京部署乡村全面振兴重点工作,95.0,4,internal_positive,D,固定 provider + 关闭 reasoning,2,85,Alibaba,deepseek/deepseek-v4-flash,False,message.content,85,85,,,gen-1786276859-ldB4C2ftiUsYmvxrSVor,stop,1.6272126995027065,1,ok,,c16c1ddae80dec8869253871513d9c6e7a026d05ffa2770722da9564bc05e188,544a541f88a4fbaff453fc7cd04db9095185d0bf37aade21f1cb8bf3b16997ce,d23e72022c316457c6103d2bd346cb275b747a00fe0ff4dedb67c96665487fba,2026-08-09T12:00:59.748760+00:00
tencent:20260321A02RQQ00,北京部署乡村全面振兴重点工作,95.0,4,internal_positive,D,固定 provider + 关闭 reasoning,3,85,Alibaba,deepseek/deepseek-v4-flash,False,message.content,85,85,,,gen-1786276881-xB8seRcSJxZwP4dXw49Q,stop,1.7327580973505974,1,ok,,c16c1ddae80dec8869253871513d9c6e7a026d05ffa2770722da9564bc05e188,544a541f88a4fbaff453fc7cd04db9095185d0bf37aade21f1cb8bf3b16997ce,d23e72022c316457c6103d2bd346cb275b747a00fe0ff4dedb67c96665487fba,2026-08-09T12:01:21.732385+00:00
tencent:20260328A06CVQ00,华为诺亚方舟实验室“90后”主任，王云鹤宣布离职,10.0,0,internal_positive,A,生产基线,1,0,Alibaba,deepseek/deepseek-v4-flash,False,message.content,0,0,,,gen-1786276675-DGg2yJ203PtLmRTJwhzq,stop,3.599320501089096,1,ok,,310a59e4c2b6e7762ee1de8d967deeda69e7b73e72779ef9952721e73150454f,a0b88db74276610fadb592c53ccbf627a186f1ec203df41bb02e612d042cd7b4,d6645d8a0a957b847f610f9bf432253d374b2283695c2c4333ca3e62bf2bd319,2026-08-09T11:57:57.469004+00:00
tencent:20260328A06CVQ00,华为诺亚方舟实验室“90后”主任，王云鹤宣布离职,10.0,0,internal_positive,A,生产基线,2,0,Alibaba,deepseek/deepseek-v4-flash,False,message.content,0,0,,,gen-1786276826-ZQqWVC3ysrN8Zu9wa2jR,stop,3.774568099528551,1,ok,,310a59e4c2b6e7762ee1de8d967deeda69e7b73e72779ef9952721e73150454f,a0b88db74276610fadb592c53ccbf627a186f1ec203df41bb02e612d042cd7b4,d6645d8a0a957b847f610f9bf432253d374b2283695c2c4333ca3e62bf2bd319,2026-08-09T12:00:29.570309+00:00
tencent:20260328A06CVQ00,华为诺亚方舟实验室“90后”主任，王云鹤宣布离职,10.0,0,internal_positive,A,生产基线,3,0,Alibaba,deepseek/deepseek-v4-flash,False,message.content,0,0,,,gen-1786276900-prUZRmq4jtyuKN9sEgEL,stop,4.130143500864506,1,ok,,310a59e4c2b6e7762ee1de8d967deeda69e7b73e72779ef9952721e73150454f,a0b88db74276610fadb592c53ccbf627a186f1ec203df41bb02e612d042cd7b4,d6645d8a0a957b847f610f9bf432253d374b2283695c2c4333ca3e62bf2bd319,2026-08-09T12:01:43.598285+00:00
tencent:20260328A06CVQ00,华为诺亚方舟实验室“90后”主任，王云鹤宣布离职,10.0,0,internal_positive,D,固定 provider + 关闭 reasoning,1,0,Alibaba,deepseek/deepseek-v4-flash,False,message.content,0,0,,,gen-1786276783-BuYckYkej9PQ3rrAnNV0,stop,1.5853721015155315,1,ok,,310a59e4c2b6e7762ee1de8d967deeda69e7b73e72779ef9952721e73150454f,a0b88db74276610fadb592c53ccbf627a186f1ec203df41bb02e612d042cd7b4,2691809257ee3332b682e358ef1d094c8ede14e8190a641ce07586cafe25493d,2026-08-09T11:59:44.245102+00:00
tencent:20260328A06CVQ00,华为诺亚方舟实验室“90后”主任，王云鹤宣布离职,10.0,0,internal_positive,D,固定 provider + 关闭 reasoning,2,0,Alibaba,deepseek/deepseek-v4-flash,False,message.content,0,0,,,gen-1786276885-D37lQabCuagrBXht9Cu4,stop,2.102269198745489,1,ok,,310a59e4c2b6e7762ee1de8d967deeda69e7b73e72779ef9952721e73150454f,a0b88db74276610fadb592c53ccbf627a186f1ec203df41bb02e612d042cd7b4,2691809257ee3332b682e358ef1d094c8ede14e8190a641ce07586cafe25493d,2026-08-09T12:01:26.723300+00:00
tencent:20260328A06CVQ00,华为诺亚方舟实验室“90后”主任，王云鹤宣布离职,10.0,0,internal_positive,D,固定 provider + 关闭 reasoning,3,0,Alibaba,deepseek/deepseek-v4-flash,False,message.content,0,0,,,gen-1786276876-GqIHi6ymEuIh1cQCpttt,stop,1.8619204014539719,1,ok,,310a59e4c2b6e7762ee1de8d967deeda69e7b73e72779ef9952721e73150454f,a0b88db74276610fadb592c53ccbf627a186f1ec203df41bb02e612d042cd7b4,2691809257ee3332b682e358ef1d094c8ede14e8190a641ce07586cafe25493d,2026-08-09T12:01:17.360127+00:00
tencent:20260403A000S800,他已在湖北去世，遗嘱公开：不发讣告、不收财物、不留骨灰……,0.0,0,external_positive,A,生产基线,1,0,Alibaba,deepseek/deepseek-v4-flash,False,message.content,0,0,,,gen-1786276822-7S3TJeQjhYQsJ42KZKp5,stop,3.1114358007907867,1,ok,,2ef89b5c112f08c4040c501685d1d25a67bba277eddfec78be88b4d23ac7ebf4,919345fa0d15255e0af12cfc9603ca1c482b455810b94494f6a193b0ec448643,69139f4a32722eb3815d7e9bfd8b218714ba5bb8c9875272e33156d572656be3,2026-08-09T12:00:24.181289+00:00
tencent:20260403A000S800,他已在湖北去世，遗嘱公开：不发讣告、不收财物、不留骨灰……,0.0,0,external_positive,A,生产基线,2,0,Alibaba,deepseek/deepseek-v4-flash,False,message.content,0,0,,,gen-1786276920-fZGdlchLK6lTokACT9Fy,stop,4.114123299717903,1,ok,,2ef89b5c112f08c4040c501685d1d25a67bba277eddfec78be88b4d23ac7ebf4,919345fa0d15255e0af12cfc9603ca1c482b455810b94494f6a193b0ec448643,69139f4a32722eb3815d7e9bfd8b218714ba5bb8c9875272e33156d572656be3,2026-08-09T12:02:03.188974+00:00
tencent:20260403A000S800,他已在湖北去世，遗嘱公开：不发讣告、不收财物、不留骨灰……,0.0,0,external_positive,A,生产基线,3,0,Alibaba,deepseek/deepseek-v4-flash,False,message.content,0,0,,,gen-1786276730-NwfS0n2NstIZXT7d71bJ,stop,3.5573853999376297,1,ok,,2ef89b5c112f08c4040c501685d1d25a67bba277eddfec78be88b4d23ac7ebf4,919345fa0d15255e0af12cfc9603ca1c482b455810b94494f6a193b0ec448643,69139f4a32722eb3815d7e9bfd8b218714ba5bb8c9875272e33156d572656be3,2026-08-09T11:58:52.532739+00:00
tencent:20260403A000S800,他已在湖北去世，遗嘱公开：不发讣告、不收财物、不留骨灰……,0.0,0,external_positive,D,固定 provider + 关闭 reasoning,1,0,Alibaba,deepseek/deepseek-v4-flash,False,message.content,0,0,,,gen-1786276725-TzKhAykBEblKKfoM3Mb5,stop,1.4583683013916016,1,ok,,2ef89b5c112f08c4040c501685d1d25a67bba277eddfec78be88b4d23ac7ebf4,919345fa0d15255e0af12cfc9603ca1c482b455810b94494f6a193b0ec448643,0b1757ae0cff0603e8cd71e608a6765df3f260de7bbe879b38193e4bf4552304,2026-08-09T11:58:45.216451+00:00
tencent:20260403A000S800,他已在湖北去世，遗嘱公开：不发讣告、不收财物、不留骨灰……,0.0,0,external_positive,D,固定 provider + 关闭 reasoning,2,0,Alibaba,deepseek/deepseek-v4-flash,False,message.content,0,0,,,gen-1786276745-7YUmMV61ru7WnzJcZEqc,stop,1.6341088004410267,1,ok,,2ef89b5c112f08c4040c501685d1d25a67bba277eddfec78be88b4d23ac7ebf4,919345fa0d15255e0af12cfc9603ca1c482b455810b94494f6a193b0ec448643,0b1757ae0cff0603e8cd71e608a6765df3f260de7bbe879b38193e4bf4552304,2026-08-09T11:59:05.736395+00:00
tencent:20260403A000S800,他已在湖北去世，遗嘱公开：不发讣告、不收财物、不留骨灰……,0.0,0,external_positive,D,固定 provider + 关闭 reasoning,3,0,Alibaba,deepseek/deepseek-v4-flash,False,message.content,0,0,,,gen-1786276673-YIII8nPIvpafBy8ImdnN,stop,1.6692810021340847,1,ok,,2ef89b5c112f08c4040c501685d1d25a67bba277eddfec78be88b4d23ac7ebf4,919345fa0d15255e0af12cfc9603ca1c482b455810b94494f6a193b0ec448643,0b1757ae0cff0603e8cd71e608a6765df3f260de7bbe879b38193e4bf4552304,2026-08-09T11:57:54.309953+00:00
tencent:20260418A02OY200,广东深圳一小学老师批改作业崩溃大哭：不怪孩子学得慢，只是心里太着急，“情绪只是一时的，爱没有减少”,30.0,1,external_positive,A,生产基线,1,10,Alibaba,deepseek/deepseek-v4-flash,False,message.content,10,10,,,gen-1786276497-h3yssK6eizS33wKdYwrA,stop,3.958846900612116,1,ok,,535978dce04f8c3752be2b23467b0e1208a31c507791d9b149a35650f079755b,992a9390885afe00d290fb181b47fcd49fca52c35c2d680ab8f73c4c27598b37,43605d2a475899e2ef79dbcad16647b044309bd69315450283e225697e97090a,2026-08-09T11:54:59.745278+00:00
tencent:20260418A02OY200,广东深圳一小学老师批改作业崩溃大哭：不怪孩子学得慢，只是心里太着急，“情绪只是一时的，爱没有减少”,30.0,1,external_positive,A,生产基线,2,10,Alibaba,deepseek/deepseek-v4-flash,False,message.content,10,10,,,gen-1786276481-iJRFWNqKiZn7sR2X0QWj,stop,3.5367227979004383,1,ok,,535978dce04f8c3752be2b23467b0e1208a31c507791d9b149a35650f079755b,992a9390885afe00d290fb181b47fcd49fca52c35c2d680ab8f73c4c27598b37,43605d2a475899e2ef79dbcad16647b044309bd69315450283e225697e97090a,2026-08-09T11:54:44.106686+00:00
tencent:20260418A02OY200,广东深圳一小学老师批改作业崩溃大哭：不怪孩子学得慢，只是心里太着急，“情绪只是一时的，爱没有减少”,30.0,1,external_positive,A,生产基线,3,15,Alibaba,deepseek/deepseek-v4-flash,False,message.content,15,15,,,gen-1786276487-heqCgfcUKgbYE28go3q2,stop,2.974671099334955,1,ok,,535978dce04f8c3752be2b23467b0e1208a31c507791d9b149a35650f079755b,992a9390885afe00d290fb181b47fcd49fca52c35c2d680ab8f73c4c27598b37,43605d2a475899e2ef79dbcad16647b044309bd69315450283e225697e97090a,2026-08-09T11:54:49.718019+00:00
tencent:20260418A02OY200,广东深圳一小学老师批改作业崩溃大哭：不怪孩子学得慢，只是心里太着急，“情绪只是一时的，爱没有减少”,30.0,1,external_positive,D,固定 provider + 关闭 reasoning,1,0,Alibaba,deepseek/deepseek-v4-flash,False,message.content,0,0,,,gen-1786276479-m6jUrfphxztonmR3YPrx,stop,3.2088899984955788,1,ok,,535978dce04f8c3752be2b23467b0e1208a31c507791d9b149a35650f079755b,992a9390885afe00d290fb181b47fcd49fca52c35c2d680ab8f73c4c27598b37,889e3f20bc910faa2728a501e54b40cb1ac6abfedd558275a0e663c1ebf93a66,2026-08-09T11:54:40.790745+00:00
tencent:20260418A02OY200,广东深圳一小学老师批改作业崩溃大哭：不怪孩子学得慢，只是心里太着急，“情绪只是一时的，爱没有减少”,30.0,1,external_positive,D,固定 provider + 关闭 reasoning,2,0,Alibaba,deepseek/deepseek-v4-flash,False,message.content,0,0,,,gen-1786276523-DbLon9O1wqYsC85YF0HC,stop,1.9198934994637966,1,ok,,535978dce04f8c3752be2b23467b0e1208a31c507791d9b149a35650f079755b,992a9390885afe00d290fb181b47fcd49fca52c35c2d680ab8f73c4c27598b37,889e3f20bc910faa2728a501e54b40cb1ac6abfedd558275a0e663c1ebf93a66,2026-08-09T11:55:24.388665+00:00
tencent:20260418A02OY200,广东深圳一小学老师批改作业崩溃大哭：不怪孩子学得慢，只是心里太着急，“情绪只是一时的，爱没有减少”,30.0,1,external_positive,D,固定 provider + 关闭 reasoning,3,0,Alibaba,deepseek/deepseek-v4-flash,False,message.content,0,0,,,gen-1786276542-YBfVnLePtzxGvHBRkH0U,stop,2.06397769972682,1,ok,,535978dce04f8c3752be2b23467b0e1208a31c507791d9b149a35650f079755b,992a9390885afe00d290fb181b47fcd49fca52c35c2d680ab8f73c4c27598b37,889e3f20bc910faa2728a501e54b40cb1ac6abfedd558275a0e663c1ebf93a66,2026-08-09T11:55:43.419041+00:00
tencent:20260419A00TVJ00,泽普县科技馆建设进入收尾阶段,40.0,2,external_positive,A,生产基线,1,0,Alibaba,deepseek/deepseek-v4-flash,False,message.content,0,0,,,gen-1786276809-jvduPNPDzP13pcFBYzXr,stop,3.7467670999467373,1,ok,,358534ac994af2947b72423624a7e2f4869ac3b311d3d5a3579edb288dfe71f7,604c9778d97b2e8615916c01adaaf4b084464449ac2724c637347009a0e2f6ab,3fb78f37b9cb172caf4dc84cdd40f690210271b9a60e2057b666042f822687f6,2026-08-09T12:00:12.322480+00:00
tencent:20260419A00TVJ00,泽普县科技馆建设进入收尾阶段,40.0,2,external_positive,A,生产基线,2,5,Alibaba,deepseek/deepseek-v4-flash,False,message.content,5,5,,,gen-1786276669-rd1zpoOS3uiEXKUycM2h,stop,3.964988801628351,1,ok,,358534ac994af2947b72423624a7e2f4869ac3b311d3d5a3579edb288dfe71f7,604c9778d97b2e8615916c01adaaf4b084464449ac2724c637347009a0e2f6ab,3fb78f37b9cb172caf4dc84cdd40f690210271b9a60e2057b666042f822687f6,2026-08-09T11:57:52.639286+00:00
tencent:20260419A00TVJ00,泽普县科技馆建设进入收尾阶段,40.0,2,external_positive,A,生产基线,3,0,Alibaba,deepseek/deepseek-v4-flash,False,message.content,0,0,,,gen-1786276767-1Lbrn3GzeZgfxVo7ilUu,stop,4.482950698584318,1,ok,,358534ac994af2947b72423624a7e2f4869ac3b311d3d5a3579edb288dfe71f7,604c9778d97b2e8615916c01adaaf4b084464449ac2724c637347009a0e2f6ab,3fb78f37b9cb172caf4dc84cdd40f690210271b9a60e2057b666042f822687f6,2026-08-09T11:59:30.275107+00:00
tencent:20260419A00TVJ00,泽普县科技馆建设进入收尾阶段,40.0,2,external_positive,D,固定 provider + 关闭 reasoning,1,15,Alibaba,deepseek/deepseek-v4-flash,False,message.content,15,15,,,gen-1786276858-HG9sTaNa0sE2wsKzgd6h,stop,1.6529152989387512,1,ok,,358534ac994af2947b72423624a7e2f4869ac3b311d3d5a3579edb288dfe71f7,604c9778d97b2e8615916c01adaaf4b084464449ac2724c637347009a0e2f6ab,278d5385a7d77a4ac887a11f3415deeddae1d6aea17bdadd1edb834a3d84d1e6,2026-08-09T12:00:58.682458+00:00
tencent:20260419A00TVJ00,泽普县科技馆建设进入收尾阶段,40.0,2,external_positive,D,固定 provider + 关闭 reasoning,2,15,Alibaba,deepseek/deepseek-v4-flash,False,message.content,15,15,,,gen-1786276894-TgQPB9WpjJTUIPh8z0Q3,stop,2.12364250048995,1,ok,,358534ac994af2947b72423624a7e2f4869ac3b311d3d5a3579edb288dfe71f7,604c9778d97b2e8615916c01adaaf4b084464449ac2724c637347009a0e2f6ab,278d5385a7d77a4ac887a11f3415deeddae1d6aea17bdadd1edb834a3d84d1e6,2026-08-09T12:01:35.406402+00:00
tencent:20260419A00TVJ00,泽普县科技馆建设进入收尾阶段,40.0,2,external_positive,D,固定 provider + 关闭 reasoning,3,0,Alibaba,deepseek/deepseek-v4-flash,False,message.content,0,0,,,gen-1786276857-7K0bv39ZQ91dykrzBFWf,stop,1.5805518999695778,1,ok,,358534ac994af2947b72423624a7e2f4869ac3b311d3d5a3579edb288dfe71f7,604c9778d97b2e8615916c01adaaf4b084464449ac2724c637347009a0e2f6ab,278d5385a7d77a4ac887a11f3415deeddae1d6aea17bdadd1edb834a3d84d1e6,2026-08-09T12:00:58.120201+00:00
tencent:20260508A06PH400,盐城大丰：微笑传递温暖 快乐点亮童心,0.0,0,external_positive,A,生产基线,1,10,Alibaba,deepseek/deepseek-v4-flash,False,message.content,10,10,,,gen-1786276664-wJ3q9DusaZNyyWNBusyx,stop,3.046650502830744,1,ok,,9d8d55a3c058176b83c411c7331ff7c131370e082b0d74ae971c6e8e427e8f24,3948df5fd098dc36a463732d5bf17bac5d6b2bedf21785b312b21444e28c6e0e,c73a5ed78ea041fb63c912d883c813029f240e2b2d518614fb90659411ffeff3,2026-08-09T11:57:46.518564+00:00
tencent:20260508A06PH400,盐城大丰：微笑传递温暖 快乐点亮童心,0.0,0,external_positive,A,生产基线,2,12,Alibaba,deepseek/deepseek-v4-flash,False,message.content,12,12,,,gen-1786276706-DFwGa7IvfaGOwcBrrClg,stop,2.673523899167776,1,ok,,9d8d55a3c058176b83c411c7331ff7c131370e082b0d74ae971c6e8e427e8f24,3948df5fd098dc36a463732d5bf17bac5d6b2bedf21785b312b21444e28c6e0e,c73a5ed78ea041fb63c912d883c813029f240e2b2d518614fb90659411ffeff3,2026-08-09T11:58:28.183147+00:00
tencent:20260508A06PH400,盐城大丰：微笑传递温暖 快乐点亮童心,0.0,0,external_positive,A,生产基线,3,10,Alibaba,deepseek/deepseek-v4-flash,False,message.content,10,10,,,gen-1786276880-XsGXfC97E6s5IAKP65NU,stop,3.74415959790349,1,ok,,9d8d55a3c058176b83c411c7331ff7c131370e082b0d74ae971c6e8e427e8f24,3948df5fd098dc36a463732d5bf17bac5d6b2bedf21785b312b21444e28c6e0e,c73a5ed78ea041fb63c912d883c813029f240e2b2d518614fb90659411ffeff3,2026-08-09T12:01:23.074656+00:00
tencent:20260508A06PH400,盐城大丰：微笑传递温暖 快乐点亮童心,0.0,0,external_positive,D,固定 provider + 关闭 reasoning,1,15,Alibaba,deepseek/deepseek-v4-flash,False,message.content,15,15,,,gen-1786276641-6UIBIHIJyRqLtd5dPNXo,stop,2.6141173020005226,1,ok,,9d8d55a3c058176b83c411c7331ff7c131370e082b0d74ae971c6e8e427e8f24,3948df5fd098dc36a463732d5bf17bac5d6b2bedf21785b312b21444e28c6e0e,67be7245ecc00d0c7783f22c3ec12f1a6cb4f39f7f688f5fc6e22ccd9782e406,2026-08-09T11:57:22.330763+00:00
tencent:20260508A06PH400,盐城大丰：微笑传递温暖 快乐点亮童心,0.0,0,external_positive,D,固定 provider + 关闭 reasoning,2,15,Alibaba,deepseek/deepseek-v4-flash,False,message.content,15,15,,,gen-1786276840-E4VFMb3KZGJg8XzCdlM7,stop,1.8807961009442806,1,ok,,9d8d55a3c058176b83c411c7331ff7c131370e082b0d74ae971c6e8e427e8f24,3948df5fd098dc36a463732d5bf17bac5d6b2bedf21785b312b21444e28c6e0e,67be7245ecc00d0c7783f22c3ec12f1a6cb4f39f7f688f5fc6e22ccd9782e406,2026-08-09T12:00:40.973257+00:00
tencent:20260508A06PH400,盐城大丰：微笑传递温暖 快乐点亮童心,0.0,0,external_positive,D,固定 provider + 关闭 reasoning,3,15,Alibaba,deepseek/deepseek-v4-flash,False,message.content,15,15,,,gen-1786276861-7nadRkfkKsrYVW8csMPs,stop,2.000009600073099,1,ok,,9d8d55a3c058176b83c411c7331ff7c131370e082b0d74ae971c6e8e427e8f24,3948df5fd098dc36a463732d5bf17bac5d6b2bedf21785b312b21444e28c6e0e,67be7245ecc00d0c7783f22c3ec12f1a6cb4f39f7f688f5fc6e22ccd9782e406,2026-08-09T12:01:02.518890+00:00
tencent:20260517A070LP00,如果手握10亿美元，顶尖临床专家为何不选择投向AI,50.0,2,internal_positive,A,生产基线,1,0,Alibaba,deepseek/deepseek-v4-flash,False,message.content,0,0,,,gen-1786276854-7spn5Hqg66lvkTlBkj6L,stop,5.118948899209499,1,ok,,5daffb351d8d1bf946a01730af0d3431588008ffdb40c1c1cad50e709f69a2ae,903bc8440172c424b98ba4bff89aa096b67e3a4dfb6a64c1e0c8e611f9e313f2,c2a033a1484044c1d713c202f9389e48078cc58d8c93c7f0bdf79f5c52700d48,2026-08-09T12:00:58.703790+00:00
tencent:20260517A070LP00,如果手握10亿美元，顶尖临床专家为何不选择投向AI,50.0,2,internal_positive,A,生产基线,2,0,Alibaba,deepseek/deepseek-v4-flash,False,message.content,0,0,,,gen-1786276679-FnAtJtWCNZbuFoYD8NWa,stop,3.984655298292637,1,ok,,5daffb351d8d1bf946a01730af0d3431588008ffdb40c1c1cad50e709f69a2ae,903bc8440172c424b98ba4bff89aa096b67e3a4dfb6a64c1e0c8e611f9e313f2,c2a033a1484044c1d713c202f9389e48078cc58d8c93c7f0bdf79f5c52700d48,2026-08-09T11:58:02.567768+00:00
tencent:20260517A070LP00,如果手握10亿美元，顶尖临床专家为何不选择投向AI,50.0,2,internal_positive,A,生产基线,3,5,Alibaba,deepseek/deepseek-v4-flash,False,message.content,5,5,,,gen-1786276920-o2gtI2w9AGgGL7TvQlg8,stop,6.233607299625874,1,ok,,5daffb351d8d1bf946a01730af0d3431588008ffdb40c1c1cad50e709f69a2ae,903bc8440172c424b98ba4bff89aa096b67e3a4dfb6a64c1e0c8e611f9e313f2,c2a033a1484044c1d713c202f9389e48078cc58d8c93c7f0bdf79f5c52700d48,2026-08-09T12:02:06.062396+00:00
tencent:20260517A070LP00,如果手握10亿美元，顶尖临床专家为何不选择投向AI,50.0,2,internal_positive,D,固定 provider + 关闭 reasoning,1,0,Alibaba,deepseek/deepseek-v4-flash,False,message.content,0,0,,,gen-1786276771-DR7wRYOvU799rpgZzQ6x,stop,1.4923739023506641,1,ok,,5daffb351d8d1bf946a01730af0d3431588008ffdb40c1c1cad50e709f69a2ae,903bc8440172c424b98ba4bff89aa096b67e3a4dfb6a64c1e0c8e611f9e313f2,33b54ee8bc2405d8c5127292f1044209464d332f2257c450e0df105cb9d257c9,2026-08-09T11:59:31.768862+00:00
tencent:20260517A070LP00,如果手握10亿美元，顶尖临床专家为何不选择投向AI,50.0,2,internal_positive,D,固定 provider + 关闭 reasoning,2,0,Alibaba,deepseek/deepseek-v4-flash,False,message.content,0,0,,,gen-1786276805-ZtDN610h6ThFmlNwzAAS,stop,3.746571898460388,1,ok,,5daffb351d8d1bf946a01730af0d3431588008ffdb40c1c1cad50e709f69a2ae,903bc8440172c424b98ba4bff89aa096b67e3a4dfb6a64c1e0c8e611f9e313f2,33b54ee8bc2405d8c5127292f1044209464d332f2257c450e0df105cb9d257c9,2026-08-09T12:00:06.133402+00:00
tencent:20260517A070LP00,如果手握10亿美元，顶尖临床专家为何不选择投向AI,50.0,2,internal_positive,D,固定 provider + 关闭 reasoning,3,0,Alibaba,deepseek/deepseek-v4-flash,False,message.content,0,0,,,gen-1786276867-ynWBoWrwZTGBK7QTh07Y,stop,1.7996692024171352,1,ok,,5daffb351d8d1bf946a01730af0d3431588008ffdb40c1c1cad50e709f69a2ae,903bc8440172c424b98ba4bff89aa096b67e3a4dfb6a64c1e0c8e611f9e313f2,33b54ee8bc2405d8c5127292f1044209464d332f2257c450e0df105cb9d257c9,2026-08-09T12:01:07.734036+00:00
tencent:20260530A001DZ00,鄂托克旗：促绒“黑科技”送到牧民家,0.0,0,external_positive,A,生产基线,1,0,Alibaba,deepseek/deepseek-v4-flash,False,message.content,0,0,,,gen-1786276898-uWItX7FTuudUtTCCwUjB,stop,4.952854100614786,1,ok,,8d9e0a8b54ab0f1c1eab85dc5b601dbc3e671a206211756471848ee5b9f3a954,40923aa02497f2d601e9375c388d67a12f1793b4f19c47570531b7b380d41c2a,0309674f542b67233cd9fa276bba47cff660fe08194cd8420ea18a902bca5ac1,2026-08-09T12:01:42.477940+00:00
tencent:20260530A001DZ00,鄂托克旗：促绒“黑科技”送到牧民家,0.0,0,external_positive,A,生产基线,2,0,Alibaba,deepseek/deepseek-v4-flash,False,message.content,0,0,,,gen-1786276641-lU6Vi8r8PEyJXeM6dDya,stop,4.821026600897312,1,ok,,8d9e0a8b54ab0f1c1eab85dc5b601dbc3e671a206211756471848ee5b9f3a954,40923aa02497f2d601e9375c388d67a12f1793b4f19c47570531b7b380d41c2a,0309674f542b67233cd9fa276bba47cff660fe08194cd8420ea18a902bca5ac1,2026-08-09T11:57:24.535824+00:00
tencent:20260530A001DZ00,鄂托克旗：促绒“黑科技”送到牧民家,0.0,0,external_positive,A,生产基线,3,13,Alibaba,deepseek/deepseek-v4-flash,False,message.content,13,13,,,gen-1786276685-pcSj6XBqTvaOpaeiOB15,stop,3.558542098850012,1,ok,,8d9e0a8b54ab0f1c1eab85dc5b601dbc3e671a206211756471848ee5b9f3a954,40923aa02497f2d601e9375c388d67a12f1793b4f19c47570531b7b380d41c2a,0309674f542b67233cd9fa276bba47cff660fe08194cd8420ea18a902bca5ac1,2026-08-09T11:58:08.208041+00:00
tencent:20260530A001DZ00,鄂托克旗：促绒“黑科技”送到牧民家,0.0,0,external_positive,D,固定 provider + 关闭 reasoning,1,0,Alibaba,deepseek/deepseek-v4-flash,False,message.content,0,0,,,gen-1786276737-GsD5GRLnZuCr5nCzB5JS,stop,1.9270624034106731,1,ok,,8d9e0a8b54ab0f1c1eab85dc5b601dbc3e671a206211756471848ee5b9f3a954,40923aa02497f2d601e9375c388d67a12f1793b4f19c47570531b7b380d41c2a,dc8f3362055be8a6837d8651d82360296be2a5eb2634d5bfc2ed6ca909fe60cb,2026-08-09T11:58:58.075613+00:00
tencent:20260530A001DZ00,鄂托克旗：促绒“黑科技”送到牧民家,0.0,0,external_positive,D,固定 provider + 关闭 reasoning,2,0,Alibaba,deepseek/deepseek-v4-flash,False,message.content,0,0,,,gen-1786276715-fcCiVkpMRSLPdt2OqW1r,stop,1.6601262018084526,1,ok,,8d9e0a8b54ab0f1c1eab85dc5b601dbc3e671a206211756471848ee5b9f3a954,40923aa02497f2d601e9375c388d67a12f1793b4f19c47570531b7b380d41c2a,dc8f3362055be8a6837d8651d82360296be2a5eb2634d5bfc2ed6ca909fe60cb,2026-08-09T11:58:36.095181+00:00
tencent:20260530A001DZ00,鄂托克旗：促绒“黑科技”送到牧民家,0.0,0,external_positive,D,固定 provider + 关闭 reasoning,3,0,Alibaba,deepseek/deepseek-v4-flash,False,message.content,0,0,,,gen-1786276842-vqNSmi9QwBP6fnaD8961,stop,2.0377494022250175,1,ok,,8d9e0a8b54ab0f1c1eab85dc5b601dbc3e671a206211756471848ee5b9f3a954,40923aa02497f2d601e9375c388d67a12f1793b4f19c47570531b7b380d41c2a,dc8f3362055be8a6837d8651d82360296be2a5eb2634d5bfc2ed6ca909fe60cb,2026-08-09T12:00:43.012299+00:00
tencent:20260604A09MJP00,甘肃省第二届职业技能大赛在兰州开幕 75个竞赛项目点亮“技能照亮前程”,55.0,2,external_positive,A,生产基线,1,5,Alibaba,deepseek/deepseek-v4-flash,False,message.content,5,5,,,gen-1786276869-RwmRtcoPLWg7TMJmasRx,stop,5.210235498845577,1,ok,,452e7a9169d021ee1e1be966a54eeed818f5a804fa1464ac4166bf275d52bdd8,66b0342e745d23b6deb5d76e4f985fc0edb3dd9e61eb6bee49d2eaeac66c7a71,2343518ca36b571608d70fbbf3c1af625c703dc0b0a93f42d1177efb8b34e85d,2026-08-09T12:01:13.236463+00:00
tencent:20260604A09MJP00,甘肃省第二届职业技能大赛在兰州开幕 75个竞赛项目点亮“技能照亮前程”,55.0,2,external_positive,A,生产基线,2,0,Alibaba,deepseek/deepseek-v4-flash,False,message.content,0,0,,,gen-1786276662-UkLOxxslqknGVQSiy7zj,stop,3.1344705000519753,1,ok,,452e7a9169d021ee1e1be966a54eeed818f5a804fa1464ac4166bf275d52bdd8,66b0342e745d23b6deb5d76e4f985fc0edb3dd9e61eb6bee49d2eaeac66c7a71,2343518ca36b571608d70fbbf3c1af625c703dc0b0a93f42d1177efb8b34e85d,2026-08-09T11:57:44.383917+00:00
tencent:20260604A09MJP00,甘肃省第二届职业技能大赛在兰州开幕 75个竞赛项目点亮“技能照亮前程”,55.0,2,external_positive,A,生产基线,3,5,Alibaba,deepseek/deepseek-v4-flash,False,message.content,5,5,,,gen-1786276905-PyAofqaHjx1nwRS9wCUc,stop,3.332099501043558,1,ok,,452e7a9169d021ee1e1be966a54eeed818f5a804fa1464ac4166bf275d52bdd8,66b0342e745d23b6deb5d76e4f985fc0edb3dd9e61eb6bee49d2eaeac66c7a71,2343518ca36b571608d70fbbf3c1af625c703dc0b0a93f42d1177efb8b34e85d,2026-08-09T12:01:47.114924+00:00
tencent:20260604A09MJP00,甘肃省第二届职业技能大赛在兰州开幕 75个竞赛项目点亮“技能照亮前程”,55.0,2,external_positive,D,固定 provider + 关闭 reasoning,1,15,Alibaba,deepseek/deepseek-v4-flash,False,message.content,15,15,,,gen-1786276799-duuzyYJx5lh2SWIwrQKw,stop,1.7570253014564514,1,ok,,452e7a9169d021ee1e1be966a54eeed818f5a804fa1464ac4166bf275d52bdd8,66b0342e745d23b6deb5d76e4f985fc0edb3dd9e61eb6bee49d2eaeac66c7a71,7587b794d0bbcf43b2406ed4a8b5f7ef484980b6e5638416f2267b893e79715c,2026-08-09T11:59:59.828286+00:00
tencent:20260604A09MJP00,甘肃省第二届职业技能大赛在兰州开幕 75个竞赛项目点亮“技能照亮前程”,55.0,2,external_positive,D,固定 provider + 关闭 reasoning,2,15,Alibaba,deepseek/deepseek-v4-flash,False,message.content,15,15,,,gen-1786276759-moyMwynjlC9JXOLbSOjo,stop,1.6584822982549667,1,ok,,452e7a9169d021ee1e1be966a54eeed818f5a804fa1464ac4166bf275d52bdd8,66b0342e745d23b6deb5d76e4f985fc0edb3dd9e61eb6bee49d2eaeac66c7a71,7587b794d0bbcf43b2406ed4a8b5f7ef484980b6e5638416f2267b893e79715c,2026-08-09T11:59:19.590300+00:00
tencent:20260604A09MJP00,甘肃省第二届职业技能大赛在兰州开幕 75个竞赛项目点亮“技能照亮前程”,55.0,2,external_positive,D,固定 provider + 关闭 reasoning,3,0,Alibaba,deepseek/deepseek-v4-flash,False,message.content,0,0,,,gen-1786276692-ouwGwwhgWgUo85urbuYG,stop,1.8093280009925365,1,ok,,452e7a9169d021ee1e1be966a54eeed818f5a804fa1464ac4166bf275d52bdd8,66b0342e745d23b6deb5d76e4f985fc0edb3dd9e61eb6bee49d2eaeac66c7a71,7587b794d0bbcf43b2406ed4a8b5f7ef484980b6e5638416f2267b893e79715c,2026-08-09T11:58:12.605021+00:00
tencent:20260607A02IBY00,海南省7.8万余名学生逐梦高考,20.0,1,external_positive,A,生产基线,1,45,Alibaba,deepseek/deepseek-v4-flash,False,message.content,45,45,,,gen-1786276790-ICej3iVrO8rf7nREBBIJ,stop,9.428472101688385,1,ok,,efa5166b68efa356936fab3444847746da579fffbd14c8cb46709092d40f55b8,545e815e5ea27011de99f1d803e25fc1b1e114e68f5c300017dbde694fd6cb3a,be9b8a8c2a5dc7fd6ff3001ad53e2d730560d51bd78263825908f81d758ad20c,2026-08-09T11:59:59.082156+00:00
tencent:20260607A02IBY00,海南省7.8万余名学生逐梦高考,20.0,1,external_positive,A,生产基线,2,20,Alibaba,deepseek/deepseek-v4-flash,False,message.content,20,20,,,gen-1786276841-ctbnlScsQGTI5l6CXura,stop,4.192247800529003,1,ok,,efa5166b68efa356936fab3444847746da579fffbd14c8cb46709092d40f55b8,545e815e5ea27011de99f1d803e25fc1b1e114e68f5c300017dbde694fd6cb3a,be9b8a8c2a5dc7fd6ff3001ad53e2d730560d51bd78263825908f81d758ad20c,2026-08-09T12:00:44.645952+00:00
tencent:20260607A02IBY00,海南省7.8万余名学生逐梦高考,20.0,1,external_positive,A,生产基线,3,15,Alibaba,deepseek/deepseek-v4-flash,False,message.content,15,15,,,gen-1786276884-5beYSGWHqIunhIPRu3ni,stop,4.008164100348949,1,ok,,efa5166b68efa356936fab3444847746da579fffbd14c8cb46709092d40f55b8,545e815e5ea27011de99f1d803e25fc1b1e114e68f5c300017dbde694fd6cb3a,be9b8a8c2a5dc7fd6ff3001ad53e2d730560d51bd78263825908f81d758ad20c,2026-08-09T12:01:27.739438+00:00
tencent:20260607A02IBY00,海南省7.8万余名学生逐梦高考,20.0,1,external_positive,D,固定 provider + 关闭 reasoning,1,15,Alibaba,deepseek/deepseek-v4-flash,False,message.content,15,15,,,gen-1786276722-xDg7ifADEg22da3ifcB4,stop,2.0904300026595592,1,ok,,efa5166b68efa356936fab3444847746da579fffbd14c8cb46709092d40f55b8,545e815e5ea27011de99f1d803e25fc1b1e114e68f5c300017dbde694fd6cb3a,d39062378ea5fc9717e1e283aad53dc9f173a3bcf3059ba0d6d48028cb0e7aa2,2026-08-09T11:58:43.651448+00:00
tencent:20260607A02IBY00,海南省7.8万余名学生逐梦高考,20.0,1,external_positive,D,固定 provider + 关闭 reasoning,2,15,Alibaba,deepseek/deepseek-v4-flash,False,message.content,15,15,,,gen-1786276860-BBojff1ulLKWIWQw2m3C,stop,1.6791679002344608,1,ok,,efa5166b68efa356936fab3444847746da579fffbd14c8cb46709092d40f55b8,545e815e5ea27011de99f1d803e25fc1b1e114e68f5c300017dbde694fd6cb3a,d39062378ea5fc9717e1e283aad53dc9f173a3bcf3059ba0d6d48028cb0e7aa2,2026-08-09T12:01:00.772586+00:00
tencent:20260607A02IBY00,海南省7.8万余名学生逐梦高考,20.0,1,external_positive,D,固定 provider + 关闭 reasoning,3,15,Alibaba,deepseek/deepseek-v4-flash,False,message.content,15,15,,,gen-1786276707-v4NorL6BHrAx4dKt9EJ9,stop,1.8583680987358093,1,ok,,efa5166b68efa356936fab3444847746da579fffbd14c8cb46709092d40f55b8,545e815e5ea27011de99f1d803e25fc1b1e114e68f5c300017dbde694fd6cb3a,d39062378ea5fc9717e1e283aad53dc9f173a3bcf3059ba0d6d48028cb0e7aa2,2026-08-09T11:58:28.257133+00:00
tencent:20260618A04KRO00,2027QS世界大学排名发布：港大11名，北大13名，清华14名，浙大47名,60.0,3,internal_positive,D,固定 provider + 关闭 reasoning,1,85,Alibaba,deepseek/deepseek-v4-flash,False,message.content,85,85,,,gen-1786276839-FfZUb6wUxxAnQJheUBrC,stop,1.8126497007906437,1,ok,,58814496658d44245c60a7015730a1d547b3211adf17c505dac5cc3369ff12dd,86dda9f352deae8287886d652a454340f9bdd505f61e1a24289ad0401cedb46f,541c04e6b85f49fa4c1de9437973827a9a3c13406d9850bf8e5003f5f513f51a,2026-08-09T12:00:40.452288+00:00
tencent:20260618A04KRO00,2027QS世界大学排名发布：港大11名，北大13名，清华14名，浙大47名,60.0,3,internal_positive,D,固定 provider + 关闭 reasoning,2,75,Alibaba,deepseek/deepseek-v4-flash,False,message.content,75,75,,,gen-1786276806-e7AjL1xPDUzLVh5d8jZ7,stop,1.6296005994081497,1,ok,,58814496658d44245c60a7015730a1d547b3211adf17c505dac5cc3369ff12dd,86dda9f352deae8287886d652a454340f9bdd505f61e1a24289ad0401cedb46f,541c04e6b85f49fa4c1de9437973827a9a3c13406d9850bf8e5003f5f513f51a,2026-08-09T12:00:07.000501+00:00
tencent:20260618A04KRO00,2027QS世界大学排名发布：港大11名，北大13名，清华14名，浙大47名,60.0,3,internal_positive,D,固定 provider + 关闭 reasoning,3,19,Alibaba,deepseek/deepseek-v4-flash,False,message.content,19,19,,,gen-1786276813-DfGSOPxPrcA0Xs5bhP6k,stop,1.898377101868391,1,ok,,58814496658d44245c60a7015730a1d547b3211adf17c505dac5cc3369ff12dd,86dda9f352deae8287886d652a454340f9bdd505f61e1a24289ad0401cedb46f,541c04e6b85f49fa4c1de9437973827a9a3c13406d9850bf8e5003f5f513f51a,2026-08-09T12:00:14.361470+00:00
tencent:20260618A04KRO00,2027QS世界大学排名发布：港大11名，北大13名，清华14名，浙大47名,60.0,3,internal_positive,D,固定 provider + 关闭 reasoning,4,0,Alibaba,deepseek/deepseek-v4-flash,False,message.content,0,0,,,gen-1786276739-AYgrtCDv1H5eP1yz1sgA,stop,1.8070061020553112,1,ok,,58814496658d44245c60a7015730a1d547b3211adf17c505dac5cc3369ff12dd,86dda9f352deae8287886d652a454340f9bdd505f61e1a24289ad0401cedb46f,541c04e6b85f49fa4c1de9437973827a9a3c13406d9850bf8e5003f5f513f51a,2026-08-09T11:58:59.786863+00:00
tencent:20260618A04KRO00,2027QS世界大学排名发布：港大11名，北大13名，清华14名，浙大47名,60.0,3,internal_positive,D,固定 provider + 关闭 reasoning,5,15,Alibaba,deepseek/deepseek-v4-flash,False,message.content,15,15,,,gen-1786276810-mHh4ro21bfaq1DoAJd4C,stop,1.9116617999970913,1,ok,,58814496658d44245c60a7015730a1d547b3211adf17c505dac5cc3369ff12dd,86dda9f352deae8287886d652a454340f9bdd505f61e1a24289ad0401cedb46f,541c04e6b85f49fa4c1de9437973827a9a3c13406d9850bf8e5003f5f513f51a,2026-08-09T12:00:10.683713+00:00
tencent:20260707A08BLT00,北京：中考志愿7月13日起填报 指标分配招生设8个志愿 统一招生设12个志愿,80.0,4,internal_positive,A,生产基线,1,75,Alibaba,deepseek/deepseek-v4-flash,False,message.content,75,75,,,gen-1786276904-kc2jKt7HT32XxxGquGSQ,stop,8.80262690037489,1,ok,,c221b7e4d1301e56580a23fd19ab4ec88df5a79ae690fb1363323ba9355161c0,d57dc583c260d1ac743ba929cdd2268ab2293b19fc548f3961278eef1043fc1e,2344829291f130121bbfb7a68efb683ffe1415bd583ddbb02f3d4d9347bf2344,2026-08-09T12:01:52.402326+00:00
tencent:20260707A08BLT00,北京：中考志愿7月13日起填报 指标分配招生设8个志愿 统一招生设12个志愿,80.0,4,internal_positive,A,生产基线,2,75,Alibaba,deepseek/deepseek-v4-flash,False,message.content,75,75,,,gen-1786276660-nJZvZ3G8aDPHJnmd96ia,stop,8.622369099408388,1,ok,,c221b7e4d1301e56580a23fd19ab4ec88df5a79ae690fb1363323ba9355161c0,d57dc583c260d1ac743ba929cdd2268ab2293b19fc548f3961278eef1043fc1e,2344829291f130121bbfb7a68efb683ffe1415bd583ddbb02f3d4d9347bf2344,2026-08-09T11:57:47.879257+00:00
tencent:20260707A08BLT00,北京：中考志愿7月13日起填报 指标分配招生设8个志愿 统一招生设12个志愿,80.0,4,internal_positive,A,生产基线,3,78,Alibaba,deepseek/deepseek-v4-flash,False,message.content,78,78,,,gen-1786276862-l71yycPCWETNSZDCy3bk,stop,5.158928200602531,1,ok,,c221b7e4d1301e56580a23fd19ab4ec88df5a79ae690fb1363323ba9355161c0,d57dc583c260d1ac743ba929cdd2268ab2293b19fc548f3961278eef1043fc1e,2344829291f130121bbfb7a68efb683ffe1415bd583ddbb02f3d4d9347bf2344,2026-08-09T12:01:05.932964+00:00
tencent:20260707A08BLT00,北京：中考志愿7月13日起填报 指标分配招生设8个志愿 统一招生设12个志愿,80.0,4,internal_positive,D,固定 provider + 关闭 reasoning,1,85,Alibaba,deepseek/deepseek-v4-flash,False,message.content,85,85,,,gen-1786276800-XSMRaOXcvPaTMZUpBnZP,stop,1.5200034007430077,1,ok,,c221b7e4d1301e56580a23fd19ab4ec88df5a79ae690fb1363323ba9355161c0,d57dc583c260d1ac743ba929cdd2268ab2293b19fc548f3961278eef1043fc1e,7b6e5c20b9d8a5e6eca2217c9de436c7735682794c9f91f0776caccf4694e297,2026-08-09T12:00:00.603515+00:00
tencent:20260707A08BLT00,北京：中考志愿7月13日起填报 指标分配招生设8个志愿 统一招生设12个志愿,80.0,4,internal_positive,D,固定 provider + 关闭 reasoning,2,85,Alibaba,deepseek/deepseek-v4-flash,False,message.content,85,85,,,gen-1786276903-vWVjJTx1zEGht787hypN,stop,2.2309413999319077,1,ok,,c221b7e4d1301e56580a23fd19ab4ec88df5a79ae690fb1363323ba9355161c0,d57dc583c260d1ac743ba929cdd2268ab2293b19fc548f3961278eef1043fc1e,7b6e5c20b9d8a5e6eca2217c9de436c7735682794c9f91f0776caccf4694e297,2026-08-09T12:01:44.742852+00:00
tencent:20260707A08BLT00,北京：中考志愿7月13日起填报 指标分配招生设8个志愿 统一招生设12个志愿,80.0,4,internal_positive,D,固定 provider + 关闭 reasoning,3,85,Alibaba,deepseek/deepseek-v4-flash,False,message.content,85,85,,,gen-1786276802-AADeDYkDPKI3R8af6cH5,stop,2.099955800920725,1,ok,,c221b7e4d1301e56580a23fd19ab4ec88df5a79ae690fb1363323ba9355161c0,d57dc583c260d1ac743ba929cdd2268ab2293b19fc548f3961278eef1043fc1e,7b6e5c20b9d8a5e6eca2217c9de436c7735682794c9f91f0776caccf4694e297,2026-08-09T12:00:03.645966+00:00
tencent:20260710A08E3D00,2026年“中国科学院—香港青年实习计划”在京启动,40.0,2,internal_positive,A,生产基线,1,42,Baidu,deepseek/deepseek-v4-flash,False,message.content,42,42,,,gen-1786276593-v2X0Ahv9g3TiMhKdhrk5,stop,66.07065140083432,2,ok,,214ed2b6d43d92764cba4c5883d9b3771f9bc5ea305c95c592d0d91d5666aa0d,a93815a54e6cf271fb8d08a4ab3a4f3fd4aaf1599beb6d99d446b3e78f0f8566,1eb5e96de4d7038be67ef1245e81d51517d9cfd34aa3a9ec67b1d77d97700093,2026-08-09T11:56:45.583686+00:00
tencent:20260710A08E3D00,2026年“中国科学院—香港青年实习计划”在京启动,40.0,2,internal_positive,A,生产基线,2,40,Baidu,deepseek/deepseek-v4-flash,False,message.content,40,40,,,gen-1786276542-g941vYRX6MJvkCW0Gool,stop,30.207832999527454,1,ok,,214ed2b6d43d92764cba4c5883d9b3771f9bc5ea305c95c592d0d91d5666aa0d,a93815a54e6cf271fb8d08a4ab3a4f3fd4aaf1599beb6d99d446b3e78f0f8566,1eb5e96de4d7038be67ef1245e81d51517d9cfd34aa3a9ec67b1d77d97700093,2026-08-09T11:56:11.150330+00:00
tencent:20260710A08E3D00,2026年“中国科学院—香港青年实习计划”在京启动,40.0,2,internal_positive,A,生产基线,3,25,Alibaba,deepseek/deepseek-v4-flash,False,message.content,25,25,,,gen-1786276551-Co9hRFikZdQUivuPmG69,stop,15.532468400895596,1,ok,,214ed2b6d43d92764cba4c5883d9b3771f9bc5ea305c95c592d0d91d5666aa0d,a93815a54e6cf271fb8d08a4ab3a4f3fd4aaf1599beb6d99d446b3e78f0f8566,1eb5e96de4d7038be67ef1245e81d51517d9cfd34aa3a9ec67b1d77d97700093,2026-08-09T11:56:06.450561+00:00
tencent:20260710A08E3D00,2026年“中国科学院—香港青年实习计划”在京启动,40.0,2,internal_positive,D,固定 provider + 关闭 reasoning,1,75,Alibaba,deepseek/deepseek-v4-flash,False,message.content,75,75,,,gen-1786276501-BCmqSutQxM1vuIAnTwig,stop,1.8115646988153458,1,ok,,214ed2b6d43d92764cba4c5883d9b3771f9bc5ea305c95c592d0d91d5666aa0d,a93815a54e6cf271fb8d08a4ab3a4f3fd4aaf1599beb6d99d446b3e78f0f8566,761fd849cf8d61cae7956e5f08488cde1f7e056a227468028e10cd2f816606f9,2026-08-09T11:55:02.697729+00:00
tencent:20260710A08E3D00,2026年“中国科学院—香港青年实习计划”在京启动,40.0,2,internal_positive,D,固定 provider + 关闭 reasoning,2,75,Alibaba,deepseek/deepseek-v4-flash,False,message.content,75,75,,,gen-1786276537-gODVacSS2iC5evNIkx2y,stop,1.9340867027640343,1,ok,,214ed2b6d43d92764cba4c5883d9b3771f9bc5ea305c95c592d0d91d5666aa0d,a93815a54e6cf271fb8d08a4ab3a4f3fd4aaf1599beb6d99d446b3e78f0f8566,761fd849cf8d61cae7956e5f08488cde1f7e056a227468028e10cd2f816606f9,2026-08-09T11:55:38.145144+00:00
tencent:20260710A08E3D00,2026年“中国科学院—香港青年实习计划”在京启动,40.0,2,internal_positive,D,固定 provider + 关闭 reasoning,3,75,Alibaba,deepseek/deepseek-v4-flash,False,message.content,75,75,,,gen-1786276498-FiQNFniHStLefnYjWKDt,stop,1.6710221990942955,1,ok,,214ed2b6d43d92764cba4c5883d9b3771f9bc5ea305c95c592d0d91d5666aa0d,a93815a54e6cf271fb8d08a4ab3a4f3fd4aaf1599beb6d99d446b3e78f0f8566,761fd849cf8d61cae7956e5f08488cde1f7e056a227468028e10cd2f816606f9,2026-08-09T11:54:59.189150+00:00
