article_id,title,stored_score,score_band,category,config_name,config_label,repetition,parsed_score,response_provider,response_model,message_content_empty,fallback_source,raw_output,message_content,message_reasoning,choice_reasoning_content,response_id,finish_reason,latency_seconds,http_attempts,status,error,prompt_sha256,common_payload_sha256,request_payload_sha256,completed_at
7575107124934689315,喝红酒能软化血管？冬季心血管疾病高发，这些说法不可信,20.0,1,internal_positive,A,生产基线,1,0,Alibaba,deepseek/deepseek-v4-flash,False,message.content,0,0,,,gen-1786274041-fOpfnoqyEPXdWNejkozl,stop,3.891744300723076,1,ok,,b395c5cbcf9dae6d0f3a353a864b125cf34b0e260fe0656538cb88aad54b4b8a,65b10e53bee72eb65cf0b8b2cb0b22abf068992b13efbae45a6ef7a96562cd1a,8af9960a3065f12b9d91b36879a34dc254193e0ce4b20355b8fb11aec392ec3e,2026-08-09T11:14:04.740628+00:00
7575107124934689315,喝红酒能软化血管？冬季心血管疾病高发，这些说法不可信,20.0,1,internal_positive,A,生产基线,2,0,Alibaba,deepseek/deepseek-v4-flash,False,message.content,0,0,,,gen-1786274056-q4p4pPsfMYm2cb62CrJ5,stop,3.34573620185256,1,ok,,b395c5cbcf9dae6d0f3a353a864b125cf34b0e260fe0656538cb88aad54b4b8a,65b10e53bee72eb65cf0b8b2cb0b22abf068992b13efbae45a6ef7a96562cd1a,8af9960a3065f12b9d91b36879a34dc254193e0ce4b20355b8fb11aec392ec3e,2026-08-09T11:14:18.392699+00:00
7575107124934689315,喝红酒能软化血管？冬季心血管疾病高发，这些说法不可信,20.0,1,internal_positive,A,生产基线,3,0,Alibaba,deepseek/deepseek-v4-flash,False,message.content,0,0,,,gen-1786274045-4afYzg5gLG1nnjWb7ceD,stop,3.2729739993810654,1,ok,,b395c5cbcf9dae6d0f3a353a864b125cf34b0e260fe0656538cb88aad54b4b8a,65b10e53bee72eb65cf0b8b2cb0b22abf068992b13efbae45a6ef7a96562cd1a,8af9960a3065f12b9d91b36879a34dc254193e0ce4b20355b8fb11aec392ec3e,2026-08-09T11:14:07.283348+00:00
7575107124934689315,喝红酒能软化血管？冬季心血管疾病高发，这些说法不可信,20.0,1,internal_positive,A,生产基线,4,0,Alibaba,deepseek/deepseek-v4-flash,False,message.content,0,0,,,gen-1786274094-zioaXlgM7S1Ib3kIPCed,stop,3.2636070996522903,1,ok,,b395c5cbcf9dae6d0f3a353a864b125cf34b0e260fe0656538cb88aad54b4b8a,65b10e53bee72eb65cf0b8b2cb0b22abf068992b13efbae45a6ef7a96562cd1a,8af9960a3065f12b9d91b36879a34dc254193e0ce4b20355b8fb11aec392ec3e,2026-08-09T11:14:57.046421+00:00
7575107124934689315,喝红酒能软化血管？冬季心血管疾病高发，这些说法不可信,20.0,1,internal_positive,A,生产基线,5,0,Alibaba,deepseek/deepseek-v4-flash,False,message.content,0,0,,,gen-1786274071-pMK7mChNavvKm9vs4oyz,stop,3.996707197278738,1,ok,,b395c5cbcf9dae6d0f3a353a864b125cf34b0e260fe0656538cb88aad54b4b8a,65b10e53bee72eb65cf0b8b2cb0b22abf068992b13efbae45a6ef7a96562cd1a,8af9960a3065f12b9d91b36879a34dc254193e0ce4b20355b8fb11aec392ec3e,2026-08-09T11:14:34.103550+00:00
7575107124934689315,喝红酒能软化血管？冬季心血管疾病高发，这些说法不可信,20.0,1,internal_positive,D,固定 provider + 关闭 reasoning,1,0,Alibaba,deepseek/deepseek-v4-flash,False,message.content,0,0,,,gen-1786273426-BzyYhGTBdFK91YcXQRWV,stop,2.463155098259449,1,ok,,b395c5cbcf9dae6d0f3a353a864b125cf34b0e260fe0656538cb88aad54b4b8a,65b10e53bee72eb65cf0b8b2cb0b22abf068992b13efbae45a6ef7a96562cd1a,f8501e908b8c5ceba1efb34329c568fc1ff2536977d4b21085332547f03819b3,2026-08-09T11:03:46.770211+00:00
7575107124934689315,喝红酒能软化血管？冬季心血管疾病高发，这些说法不可信,20.0,1,internal_positive,D,固定 provider + 关闭 reasoning,2,0,Alibaba,deepseek/deepseek-v4-flash,False,message.content,0,0,,,gen-1786273440-OEMNekpDekZHhhOougJ8,stop,2.462688598781824,1,ok,,b395c5cbcf9dae6d0f3a353a864b125cf34b0e260fe0656538cb88aad54b4b8a,65b10e53bee72eb65cf0b8b2cb0b22abf068992b13efbae45a6ef7a96562cd1a,f8501e908b8c5ceba1efb34329c568fc1ff2536977d4b21085332547f03819b3,2026-08-09T11:04:00.905267+00:00
7575107124934689315,喝红酒能软化血管？冬季心血管疾病高发，这些说法不可信,20.0,1,internal_positive,D,固定 provider + 关闭 reasoning,3,0,Alibaba,deepseek/deepseek-v4-flash,False,message.content,0,0,,,gen-1786273428-GuUs4pBoFFsOMxt0bzNf,stop,2.4696431010961533,1,ok,,b395c5cbcf9dae6d0f3a353a864b125cf34b0e260fe0656538cb88aad54b4b8a,65b10e53bee72eb65cf0b8b2cb0b22abf068992b13efbae45a6ef7a96562cd1a,f8501e908b8c5ceba1efb34329c568fc1ff2536977d4b21085332547f03819b3,2026-08-09T11:03:49.297760+00:00
7575107124934689315,喝红酒能软化血管？冬季心血管疾病高发，这些说法不可信,20.0,1,internal_positive,D,固定 provider + 关闭 reasoning,4,0,Alibaba,deepseek/deepseek-v4-flash,False,message.content,0,0,,,gen-1786273428-DFhK5uEoBUjdWYew4oq0,stop,2.2495102994143963,1,ok,,b395c5cbcf9dae6d0f3a353a864b125cf34b0e260fe0656538cb88aad54b4b8a,65b10e53bee72eb65cf0b8b2cb0b22abf068992b13efbae45a6ef7a96562cd1a,f8501e908b8c5ceba1efb34329c568fc1ff2536977d4b21085332547f03819b3,2026-08-09T11:03:49.237689+00:00
7575107124934689315,喝红酒能软化血管？冬季心血管疾病高发，这些说法不可信,20.0,1,internal_positive,D,固定 provider + 关闭 reasoning,5,0,Alibaba,deepseek/deepseek-v4-flash,False,message.content,0,0,,,gen-1786273452-Foq4lhsRqwe4jtT0vV9G,stop,1.788977600634098,1,ok,,b395c5cbcf9dae6d0f3a353a864b125cf34b0e260fe0656538cb88aad54b4b8a,65b10e53bee72eb65cf0b8b2cb0b22abf068992b13efbae45a6ef7a96562cd1a,f8501e908b8c5ceba1efb34329c568fc1ff2536977d4b21085332547f03819b3,2026-08-09T11:04:13.318998+00:00
7575141576054211087,河南两部门联合发文！事关学校餐饮具清洗消毒,40.0,2,external_positive,A,生产基线,1,85,GMICloud,deepseek/deepseek-v4-flash,False,message.content,85,85,,,gen-1786274005-ofZKmzhfxuPQ09PVBIqF,stop,18.28685710206628,1,ok,,c7744255e23a0d897ee678af4d7f00e339d7eebeb5b5ce1bf649fb416ce90f92,861e52981319d2a593f18b131f57dda4a51ac19e7cfdd15c9c927081dd5e3377,c3a09efd5c76125f19a0b53b00d6d105b01524bbc4e8da4a328169eac806c349,2026-08-09T11:13:42.455497+00:00
7575141576054211087,河南两部门联合发文！事关学校餐饮具清洗消毒,40.0,2,external_positive,A,生产基线,2,55,Baidu,deepseek/deepseek-v4-flash,False,message.content,55,55,,,gen-1786273999-jCsgzqokVr7UAJ0UwOqp,stop,8.431587602943182,1,ok,,c7744255e23a0d897ee678af4d7f00e339d7eebeb5b5ce1bf649fb416ce90f92,861e52981319d2a593f18b131f57dda4a51ac19e7cfdd15c9c927081dd5e3377,c3a09efd5c76125f19a0b53b00d6d105b01524bbc4e8da4a328169eac806c349,2026-08-09T11:13:26.598774+00:00
7575141576054211087,河南两部门联合发文！事关学校餐饮具清洗消毒,40.0,2,external_positive,A,生产基线,3,82,CoreWeave,deepseek/deepseek-v4-flash,False,message.content,82,82,,,gen-1786274054-HWwoufXoalJy8zotw6N2,stop,6.7021099999547005,1,ok,,c7744255e23a0d897ee678af4d7f00e339d7eebeb5b5ce1bf649fb416ce90f92,861e52981319d2a593f18b131f57dda4a51ac19e7cfdd15c9c927081dd5e3377,c3a09efd5c76125f19a0b53b00d6d105b01524bbc4e8da4a328169eac806c349,2026-08-09T11:14:19.965613+00:00
7575141576054211087,河南两部门联合发文！事关学校餐饮具清洗消毒,40.0,2,external_positive,A,生产基线,4,65,Baidu,deepseek/deepseek-v4-flash,False,message.content,65,65,,,gen-1786274025-RkKslx8FsaVeUMNZxWp0,stop,47.84045710042119,1,ok,,c7744255e23a0d897ee678af4d7f00e339d7eebeb5b5ce1bf649fb416ce90f92,861e52981319d2a593f18b131f57dda4a51ac19e7cfdd15c9c927081dd5e3377,c3a09efd5c76125f19a0b53b00d6d105b01524bbc4e8da4a328169eac806c349,2026-08-09T11:14:32.106847+00:00
7575141576054211087,河南两部门联合发文！事关学校餐饮具清洗消毒,40.0,2,external_positive,A,生产基线,5,50,CoreWeave,deepseek/deepseek-v4-flash,False,message.content,50,50,,,gen-1786274023-OuvJDciSQs4sKK9mEMA6,stop,23.353405099362135,1,ok,,c7744255e23a0d897ee678af4d7f00e339d7eebeb5b5ce1bf649fb416ce90f92,861e52981319d2a593f18b131f57dda4a51ac19e7cfdd15c9c927081dd5e3377,c3a09efd5c76125f19a0b53b00d6d105b01524bbc4e8da4a328169eac806c349,2026-08-09T11:14:05.657064+00:00
7575141576054211087,河南两部门联合发文！事关学校餐饮具清洗消毒,40.0,2,external_positive,D,固定 provider + 关闭 reasoning,1,28,Alibaba,deepseek/deepseek-v4-flash,False,message.content,28,28,,,gen-1786273433-B204cZthmvpeNAo0Jiur,stop,2.0528976023197174,1,ok,,c7744255e23a0d897ee678af4d7f00e339d7eebeb5b5ce1bf649fb416ce90f92,861e52981319d2a593f18b131f57dda4a51ac19e7cfdd15c9c927081dd5e3377,5f71d666f2a215871ce05ba9d9cbab1da49a5b65c7e3e8cde51c7e7565078558,2026-08-09T11:03:53.767355+00:00
7575141576054211087,河南两部门联合发文！事关学校餐饮具清洗消毒,40.0,2,external_positive,D,固定 provider + 关闭 reasoning,2,75,Alibaba,deepseek/deepseek-v4-flash,False,message.content,75,75,,,gen-1786273431-7XEwTw69c6cbnRbrZin3,stop,2.249040298163891,1,ok,,c7744255e23a0d897ee678af4d7f00e339d7eebeb5b5ce1bf649fb416ce90f92,861e52981319d2a593f18b131f57dda4a51ac19e7cfdd15c9c927081dd5e3377,5f71d666f2a215871ce05ba9d9cbab1da49a5b65c7e3e8cde51c7e7565078558,2026-08-09T11:03:51.561637+00:00
7575141576054211087,河南两部门联合发文！事关学校餐饮具清洗消毒,40.0,2,external_positive,D,固定 provider + 关闭 reasoning,3,28,Alibaba,deepseek/deepseek-v4-flash,False,message.content,28,28,,,gen-1786273442-qwRLyIuFomqQesuIFjkU,stop,1.8514628000557423,1,ok,,c7744255e23a0d897ee678af4d7f00e339d7eebeb5b5ce1bf649fb416ce90f92,861e52981319d2a593f18b131f57dda4a51ac19e7cfdd15c9c927081dd5e3377,5f71d666f2a215871ce05ba9d9cbab1da49a5b65c7e3e8cde51c7e7565078558,2026-08-09T11:04:03.121071+00:00
7575141576054211087,河南两部门联合发文！事关学校餐饮具清洗消毒,40.0,2,external_positive,D,固定 provider + 关闭 reasoning,4,75,Alibaba,deepseek/deepseek-v4-flash,False,message.content,75,75,,,gen-1786273457-sJUJ80GzAkLw2qTr1Zg7,stop,1.8199138976633549,1,ok,,c7744255e23a0d897ee678af4d7f00e339d7eebeb5b5ce1bf649fb416ce90f92,861e52981319d2a593f18b131f57dda4a51ac19e7cfdd15c9c927081dd5e3377,5f71d666f2a215871ce05ba9d9cbab1da49a5b65c7e3e8cde51c7e7565078558,2026-08-09T11:04:18.359084+00:00
7575141576054211087,河南两部门联合发文！事关学校餐饮具清洗消毒,40.0,2,external_positive,D,固定 provider + 关闭 reasoning,5,75,Alibaba,deepseek/deepseek-v4-flash,False,message.content,75,75,,,gen-1786273432-v7G0auSjlBzJUnMwuK1Q,stop,1.927767101675272,1,ok,,c7744255e23a0d897ee678af4d7f00e339d7eebeb5b5ce1bf649fb416ce90f92,861e52981319d2a593f18b131f57dda4a51ac19e7cfdd15c9c927081dd5e3377,5f71d666f2a215871ce05ba9d9cbab1da49a5b65c7e3e8cde51c7e7565078558,2026-08-09T11:03:53.382552+00:00
7581807128730534452,中国技术为攻克艾滋病开新路，国产“抗艾”疫苗已在路上,0.0,0,internal_positive,A,生产基线,1,0,Alibaba,deepseek/deepseek-v4-flash,False,message.content,0,0,,,gen-1786274142-dbz1NLkYkN4J2XXLJEu3,stop,6.585352599620819,1,ok,,1856893384662d4fb9020979850292dadb2aa1a2565a3fd3a2de406d9435f9c8,58f9c775d210ec9befcdac6fedd228fd56d7a783eb7a0be4816c516a75b5845f,d234921ab289d9f9aaa69b40d4a8dbe0acdeefcf130b34fdea2601dae7a4fbda,2026-08-09T11:15:47.682095+00:00
7581807128730534452,中国技术为攻克艾滋病开新路，国产“抗艾”疫苗已在路上,0.0,0,internal_positive,A,生产基线,2,5,Alibaba,deepseek/deepseek-v4-flash,False,message.content,5,5,,,gen-1786274143-fZuSdsr8vGwQxyv1oj2v,stop,6.949186898767948,1,ok,,1856893384662d4fb9020979850292dadb2aa1a2565a3fd3a2de406d9435f9c8,58f9c775d210ec9befcdac6fedd228fd56d7a783eb7a0be4816c516a75b5845f,d234921ab289d9f9aaa69b40d4a8dbe0acdeefcf130b34fdea2601dae7a4fbda,2026-08-09T11:15:49.276386+00:00
7581807128730534452,中国技术为攻克艾滋病开新路，国产“抗艾”疫苗已在路上,0.0,0,internal_positive,A,生产基线,3,5,Alibaba,deepseek/deepseek-v4-flash,False,message.content,5,5,,,gen-1786274058-x0mV0xp92swJ5JWt2Gmx,stop,3.2268715985119343,1,ok,,1856893384662d4fb9020979850292dadb2aa1a2565a3fd3a2de406d9435f9c8,58f9c775d210ec9befcdac6fedd228fd56d7a783eb7a0be4816c516a75b5845f,d234921ab289d9f9aaa69b40d4a8dbe0acdeefcf130b34fdea2601dae7a4fbda,2026-08-09T11:14:20.765189+00:00
7581807128730534452,中国技术为攻克艾滋病开新路，国产“抗艾”疫苗已在路上,0.0,0,internal_positive,A,生产基线,4,5,Alibaba,deepseek/deepseek-v4-flash,False,message.content,5,5,,,gen-1786274027-PcU5gk7hbntIK1atF7Ji,stop,3.627624299377203,1,ok,,1856893384662d4fb9020979850292dadb2aa1a2565a3fd3a2de406d9435f9c8,58f9c775d210ec9befcdac6fedd228fd56d7a783eb7a0be4816c516a75b5845f,d234921ab289d9f9aaa69b40d4a8dbe0acdeefcf130b34fdea2601dae7a4fbda,2026-08-09T11:13:49.926500+00:00
7581807128730534452,中国技术为攻克艾滋病开新路，国产“抗艾”疫苗已在路上,0.0,0,internal_positive,A,生产基线,5,0,Alibaba,deepseek/deepseek-v4-flash,False,message.content,0,0,,,gen-1786274023-fFc1WoD25XAcpUEH25Nb,stop,3.8405102975666523,1,ok,,1856893384662d4fb9020979850292dadb2aa1a2565a3fd3a2de406d9435f9c8,58f9c775d210ec9befcdac6fedd228fd56d7a783eb7a0be4816c516a75b5845f,d234921ab289d9f9aaa69b40d4a8dbe0acdeefcf130b34fdea2601dae7a4fbda,2026-08-09T11:13:46.297411+00:00
7581807128730534452,中国技术为攻克艾滋病开新路，国产“抗艾”疫苗已在路上,0.0,0,internal_positive,D,固定 provider + 关闭 reasoning,1,0,Alibaba,deepseek/deepseek-v4-flash,False,message.content,0,0,,,gen-1786273456-1BpAvWFvhgYe9WTDu9bx,stop,1.6063221022486687,1,ok,,1856893384662d4fb9020979850292dadb2aa1a2565a3fd3a2de406d9435f9c8,58f9c775d210ec9befcdac6fedd228fd56d7a783eb7a0be4816c516a75b5845f,65a7926191667751565e35702001ff3a9837849faab9880bf69f09767448a9a0,2026-08-09T11:04:17.016805+00:00
7581807128730534452,中国技术为攻克艾滋病开新路，国产“抗艾”疫苗已在路上,0.0,0,internal_positive,D,固定 provider + 关闭 reasoning,2,0,Alibaba,deepseek/deepseek-v4-flash,False,message.content,0,0,,,gen-1786273445-fxbObodC0D05C0ladbEd,stop,1.664631199091673,1,ok,,1856893384662d4fb9020979850292dadb2aa1a2565a3fd3a2de406d9435f9c8,58f9c775d210ec9befcdac6fedd228fd56d7a783eb7a0be4816c516a75b5845f,65a7926191667751565e35702001ff3a9837849faab9880bf69f09767448a9a0,2026-08-09T11:04:06.306790+00:00
7581807128730534452,中国技术为攻克艾滋病开新路，国产“抗艾”疫苗已在路上,0.0,0,internal_positive,D,固定 provider + 关闭 reasoning,3,0,Alibaba,deepseek/deepseek-v4-flash,False,message.content,0,0,,,gen-1786273434-O03Ip6CspX33nfZwVj9J,stop,1.8515314981341362,1,ok,,1856893384662d4fb9020979850292dadb2aa1a2565a3fd3a2de406d9435f9c8,58f9c775d210ec9befcdac6fedd228fd56d7a783eb7a0be4816c516a75b5845f,65a7926191667751565e35702001ff3a9837849faab9880bf69f09767448a9a0,2026-08-09T11:03:55.235563+00:00
7581807128730534452,中国技术为攻克艾滋病开新路，国产“抗艾”疫苗已在路上,0.0,0,internal_positive,D,固定 provider + 关闭 reasoning,4,0,Alibaba,deepseek/deepseek-v4-flash,False,message.content,0,0,,,gen-1786273428-0AgT9q4mUz8DOiyR8IzH,stop,2.5816099010407925,1,ok,,1856893384662d4fb9020979850292dadb2aa1a2565a3fd3a2de406d9435f9c8,58f9c775d210ec9befcdac6fedd228fd56d7a783eb7a0be4816c516a75b5845f,65a7926191667751565e35702001ff3a9837849faab9880bf69f09767448a9a0,2026-08-09T11:03:49.516242+00:00
7581807128730534452,中国技术为攻克艾滋病开新路，国产“抗艾”疫苗已在路上,0.0,0,internal_positive,D,固定 provider + 关闭 reasoning,5,0,Alibaba,deepseek/deepseek-v4-flash,False,message.content,0,0,,,gen-1786273437-ONa2jbNzeA8sipaVic6e,stop,2.022751599550247,1,ok,,1856893384662d4fb9020979850292dadb2aa1a2565a3fd3a2de406d9435f9c8,58f9c775d210ec9befcdac6fedd228fd56d7a783eb7a0be4816c516a75b5845f,65a7926191667751565e35702001ff3a9837849faab9880bf69f09767448a9a0,2026-08-09T11:03:58.280244+00:00
7584276121978405412,马鞍山雨山区：产业“造血”让落星村“和美蝶变”,10.0,0,external_positive,A,生产基线,1,5,StreamLake,deepseek/deepseek-v4-flash,False,message.content,5,5,,,gen-1786274064-kO6VHu4PZQJmAuzygTeZ,stop,7.063305199146271,1,ok,,d7b7ae80cdaf5e8e7fe19deadc81ae06151c854617e150c3a73f5bcd4644feca,621644cbf7033d31755be69f68b064bfdb7f5b7ac984bc1943a9700994286c85,3c0752be2581e3d45bfe2f75ca41df04c2b9ed86d8ae9af5432b9e6385dca633,2026-08-09T11:14:30.220842+00:00
7584276121978405412,马鞍山雨山区：产业“造血”让落星村“和美蝶变”,10.0,0,external_positive,A,生产基线,2,5,Parasail,deepseek/deepseek-v4-flash,False,message.content,5,5,,,gen-1786274039-tUWWj9bJQ9PpmnEy65Gt,stop,3.5510376021265984,1,ok,,d7b7ae80cdaf5e8e7fe19deadc81ae06151c854617e150c3a73f5bcd4644feca,621644cbf7033d31755be69f68b064bfdb7f5b7ac984bc1943a9700994286c85,3c0752be2581e3d45bfe2f75ca41df04c2b9ed86d8ae9af5432b9e6385dca633,2026-08-09T11:14:02.340042+00:00
7584276121978405412,马鞍山雨山区：产业“造血”让落星村“和美蝶变”,10.0,0,external_positive,A,生产基线,3,5,StreamLake,deepseek/deepseek-v4-flash,False,message.content,5,5,,,gen-1786274087-QN9w6hyYfawcGQMfQwP6,stop,6.965663101524115,1,ok,,d7b7ae80cdaf5e8e7fe19deadc81ae06151c854617e150c3a73f5bcd4644feca,621644cbf7033d31755be69f68b064bfdb7f5b7ac984bc1943a9700994286c85,3c0752be2581e3d45bfe2f75ca41df04c2b9ed86d8ae9af5432b9e6385dca633,2026-08-09T11:14:53.781542+00:00
7584276121978405412,马鞍山雨山区：产业“造血”让落星村“和美蝶变”,10.0,0,external_positive,A,生产基线,4,5,StreamLake,deepseek/deepseek-v4-flash,False,message.content,5,5,,,gen-1786274009-HpnC7Lrl84m3GYR67UEh,stop,7.901012599468231,1,ok,,d7b7ae80cdaf5e8e7fe19deadc81ae06151c854617e150c3a73f5bcd4644feca,621644cbf7033d31755be69f68b064bfdb7f5b7ac984bc1943a9700994286c85,3c0752be2581e3d45bfe2f75ca41df04c2b9ed86d8ae9af5432b9e6385dca633,2026-08-09T11:13:36.152516+00:00
7584276121978405412,马鞍山雨山区：产业“造血”让落星村“和美蝶变”,10.0,0,external_positive,A,生产基线,5,5,Alibaba,deepseek/deepseek-v4-flash,False,message.content,5,5,,,gen-1786274134-Ba1qhE1Cbpd3cb4qhrZt,stop,17.920599900186062,1,ok,,d7b7ae80cdaf5e8e7fe19deadc81ae06151c854617e150c3a73f5bcd4644feca,621644cbf7033d31755be69f68b064bfdb7f5b7ac984bc1943a9700994286c85,3c0752be2581e3d45bfe2f75ca41df04c2b9ed86d8ae9af5432b9e6385dca633,2026-08-09T11:15:51.690573+00:00
7584276121978405412,马鞍山雨山区：产业“造血”让落星村“和美蝶变”,10.0,0,external_positive,D,固定 provider + 关闭 reasoning,1,19,Alibaba,deepseek/deepseek-v4-flash,False,message.content,19,19,,,gen-1786273436-F4Ynw9nr6HSbrkNE3k6q,stop,1.9714302010834217,1,ok,,d7b7ae80cdaf5e8e7fe19deadc81ae06151c854617e150c3a73f5bcd4644feca,621644cbf7033d31755be69f68b064bfdb7f5b7ac984bc1943a9700994286c85,c08b226b8edb3011e57b55534757823532a61dd52d7f2527ca539cf219ce2326,2026-08-09T11:03:57.208370+00:00
7584276121978405412,马鞍山雨山区：产业“造血”让落星村“和美蝶变”,10.0,0,external_positive,D,固定 provider + 关闭 reasoning,2,19,Alibaba,deepseek/deepseek-v4-flash,False,message.content,19,19,,,gen-1786273437-9S9AoyUnMR4jPqA6EuGv,stop,1.9853883013129234,1,ok,,d7b7ae80cdaf5e8e7fe19deadc81ae06151c854617e150c3a73f5bcd4644feca,621644cbf7033d31755be69f68b064bfdb7f5b7ac984bc1943a9700994286c85,c08b226b8edb3011e57b55534757823532a61dd52d7f2527ca539cf219ce2326,2026-08-09T11:03:58.244902+00:00
7584276121978405412,马鞍山雨山区：产业“造血”让落星村“和美蝶变”,10.0,0,external_positive,D,固定 provider + 关闭 reasoning,3,19,Alibaba,deepseek/deepseek-v4-flash,False,message.content,19,19,,,gen-1786273454-iSaK0GR0dkPzXGMzmryP,stop,2.725833896547556,1,ok,,d7b7ae80cdaf5e8e7fe19deadc81ae06151c854617e150c3a73f5bcd4644feca,621644cbf7033d31755be69f68b064bfdb7f5b7ac984bc1943a9700994286c85,c08b226b8edb3011e57b55534757823532a61dd52d7f2527ca539cf219ce2326,2026-08-09T11:04:15.409079+00:00
7584276121978405412,马鞍山雨山区：产业“造血”让落星村“和美蝶变”,10.0,0,external_positive,D,固定 provider + 关闭 reasoning,4,19,Alibaba,deepseek/deepseek-v4-flash,False,message.content,19,19,,,gen-1786273458-M7CAsy9pvjfYUtVEHm96,stop,1.740359403192997,1,ok,,d7b7ae80cdaf5e8e7fe19deadc81ae06151c854617e150c3a73f5bcd4644feca,621644cbf7033d31755be69f68b064bfdb7f5b7ac984bc1943a9700994286c85,c08b226b8edb3011e57b55534757823532a61dd52d7f2527ca539cf219ce2326,2026-08-09T11:04:18.758533+00:00
7584276121978405412,马鞍山雨山区：产业“造血”让落星村“和美蝶变”,10.0,0,external_positive,D,固定 provider + 关闭 reasoning,5,19,Alibaba,deepseek/deepseek-v4-flash,False,message.content,19,19,,,gen-1786273442-QItK74bWcPwmjidIy58A,stop,2.0168947987258434,1,ok,,d7b7ae80cdaf5e8e7fe19deadc81ae06151c854617e150c3a73f5bcd4644feca,621644cbf7033d31755be69f68b064bfdb7f5b7ac984bc1943a9700994286c85,c08b226b8edb3011e57b55534757823532a61dd52d7f2527ca539cf219ce2326,2026-08-09T11:04:02.704704+00:00
7610991657323987498,怕冷的玉米，有了“保暖又管饱”的新方案,70.0,3,internal_positive,A,生产基线,1,55,Alibaba,deepseek/deepseek-v4-flash,False,message.content,55,55,,,gen-1786274125-ofVDYZKBUsYwQms95bZt,stop,12.339723899960518,1,ok,,c522cedf00021e6bb2ebe1c746a126114c26fea438b565ff84af964408b247cb,d201851548a22e558441bcd42a77170b95c68929df871ed4ec6c52dafda9735c,d0a7e2d5f776dd1558ad3f054454c92b6243efc873bd8d10923ef972bab43a2b,2026-08-09T11:15:36.312874+00:00
7610991657323987498,怕冷的玉米，有了“保暖又管饱”的新方案,70.0,3,internal_positive,A,生产基线,2,60,Alibaba,deepseek/deepseek-v4-flash,False,message.content,60,60,,,gen-1786274036-Q0yxsIJdFf8H7PR9Et8M,stop,3.7825599014759064,1,ok,,c522cedf00021e6bb2ebe1c746a126114c26fea438b565ff84af964408b247cb,d201851548a22e558441bcd42a77170b95c68929df871ed4ec6c52dafda9735c,d0a7e2d5f776dd1558ad3f054454c92b6243efc873bd8d10923ef972bab43a2b,2026-08-09T11:13:58.787548+00:00
7610991657323987498,怕冷的玉米，有了“保暖又管饱”的新方案,70.0,3,internal_positive,A,生产基线,3,60,Alibaba,deepseek/deepseek-v4-flash,False,message.content,60,60,,,gen-1786274117-XICEc80AakRizLy2mkB7,stop,6.267939198762178,1,ok,,c522cedf00021e6bb2ebe1c746a126114c26fea438b565ff84af964408b247cb,d201851548a22e558441bcd42a77170b95c68929df871ed4ec6c52dafda9735c,d0a7e2d5f776dd1558ad3f054454c92b6243efc873bd8d10923ef972bab43a2b,2026-08-09T11:15:22.837835+00:00
7610991657323987498,怕冷的玉米，有了“保暖又管饱”的新方案,70.0,3,internal_positive,A,生产基线,4,60,Alibaba,deepseek/deepseek-v4-flash,False,message.content,60,60,,,gen-1786274064-uW8J5eOx1bKC36SfxtBI,stop,7.159161500632763,1,ok,,c522cedf00021e6bb2ebe1c746a126114c26fea438b565ff84af964408b247cb,d201851548a22e558441bcd42a77170b95c68929df871ed4ec6c52dafda9735c,d0a7e2d5f776dd1558ad3f054454c92b6243efc873bd8d10923ef972bab43a2b,2026-08-09T11:14:30.255368+00:00
7610991657323987498,怕冷的玉米，有了“保暖又管饱”的新方案,70.0,3,internal_positive,A,生产基线,5,62,Alibaba,deepseek/deepseek-v4-flash,False,message.content,62,62,,,gen-1786274139-JL1cNZ9DP3t442TzyZ9y,stop,7.719525899738073,1,ok,,c522cedf00021e6bb2ebe1c746a126114c26fea438b565ff84af964408b247cb,d201851548a22e558441bcd42a77170b95c68929df871ed4ec6c52dafda9735c,d0a7e2d5f776dd1558ad3f054454c92b6243efc873bd8d10923ef972bab43a2b,2026-08-09T11:15:45.902373+00:00
7610991657323987498,怕冷的玉米，有了“保暖又管饱”的新方案,70.0,3,internal_positive,D,固定 provider + 关闭 reasoning,1,0,Alibaba,deepseek/deepseek-v4-flash,False,message.content,0,0,,,gen-1786273421-YyQrpgvqlMPjElk109X5,stop,2.6671938970685005,1,ok,,c522cedf00021e6bb2ebe1c746a126114c26fea438b565ff84af964408b247cb,d201851548a22e558441bcd42a77170b95c68929df871ed4ec6c52dafda9735c,ee51363f1af4ec6adaf46a55f444a4da6b44a39ce044bdc8c0ffdafe7e10d960,2026-08-09T11:03:42.125673+00:00
7610991657323987498,怕冷的玉米，有了“保暖又管饱”的新方案,70.0,3,internal_positive,D,固定 provider + 关闭 reasoning,2,0,Alibaba,deepseek/deepseek-v4-flash,False,message.content,0,0,,,gen-1786273444-Ul8laCRZYxIeeo31T1dG,stop,2.2170405983924866,1,ok,,c522cedf00021e6bb2ebe1c746a126114c26fea438b565ff84af964408b247cb,d201851548a22e558441bcd42a77170b95c68929df871ed4ec6c52dafda9735c,ee51363f1af4ec6adaf46a55f444a4da6b44a39ce044bdc8c0ffdafe7e10d960,2026-08-09T11:04:04.923121+00:00
7610991657323987498,怕冷的玉米，有了“保暖又管饱”的新方案,70.0,3,internal_positive,D,固定 provider + 关闭 reasoning,3,0,Alibaba,deepseek/deepseek-v4-flash,False,message.content,0,0,,,gen-1786273455-HABmat0RU3Y8Qusrm30e,stop,2.1495143994688988,1,ok,,c522cedf00021e6bb2ebe1c746a126114c26fea438b565ff84af964408b247cb,d201851548a22e558441bcd42a77170b95c68929df871ed4ec6c52dafda9735c,ee51363f1af4ec6adaf46a55f444a4da6b44a39ce044bdc8c0ffdafe7e10d960,2026-08-09T11:04:15.858066+00:00
7610991657323987498,怕冷的玉米，有了“保暖又管饱”的新方案,70.0,3,internal_positive,D,固定 provider + 关闭 reasoning,4,0,Alibaba,deepseek/deepseek-v4-flash,False,message.content,0,0,,,gen-1786273454-GUVCXhgu6uxuYeB7VgZs,stop,1.9289158023893833,1,ok,,c522cedf00021e6bb2ebe1c746a126114c26fea438b565ff84af964408b247cb,d201851548a22e558441bcd42a77170b95c68929df871ed4ec6c52dafda9735c,ee51363f1af4ec6adaf46a55f444a4da6b44a39ce044bdc8c0ffdafe7e10d960,2026-08-09T11:04:15.249767+00:00
7610991657323987498,怕冷的玉米，有了“保暖又管饱”的新方案,70.0,3,internal_positive,D,固定 provider + 关闭 reasoning,5,0,Alibaba,deepseek/deepseek-v4-flash,False,message.content,0,0,,,gen-1786273449-FpkFn7R0GURERVCmInIM,stop,2.254103299230337,1,ok,,c522cedf00021e6bb2ebe1c746a126114c26fea438b565ff84af964408b247cb,d201851548a22e558441bcd42a77170b95c68929df871ed4ec6c52dafda9735c,ee51363f1af4ec6adaf46a55f444a4da6b44a39ce044bdc8c0ffdafe7e10d960,2026-08-09T11:04:10.265190+00:00
7612865761753580083,福建师范大学实地调研吴石故居及其红色旅游发展,60.0,3,external_positive,A,生产基线,1,5,Parasail,deepseek/deepseek-v4-flash,False,message.content,5,5,,,gen-1786274042-e7vevPzFlpTxX48qycdV,stop,4.960707500576973,1,ok,,4ad7b9db2b34844c04d89ee4dbb6afc481a8a219840a1d51f92756ba8a1efd59,9c30e817b8445ad4d1f3edff07aafa001b60e34c1a471c9c5cc2985add6068d4,b74e0de003e3ce988642677cab2e03c6fdc77e5939a117d1c8196a4a52f8f82c,2026-08-09T11:14:05.349824+00:00
7612865761753580083,福建师范大学实地调研吴石故居及其红色旅游发展,60.0,3,external_positive,A,生产基线,2,5,CoreWeave,deepseek/deepseek-v4-flash,False,message.content,5,5,,,gen-1786274140-WsjLZK7wqbY4s5M7RZyi,stop,3.321501899510622,1,ok,,4ad7b9db2b34844c04d89ee4dbb6afc481a8a219840a1d51f92756ba8a1efd59,9c30e817b8445ad4d1f3edff07aafa001b60e34c1a471c9c5cc2985add6068d4,b74e0de003e3ce988642677cab2e03c6fdc77e5939a117d1c8196a4a52f8f82c,2026-08-09T11:15:42.325865+00:00
7612865761753580083,福建师范大学实地调研吴石故居及其红色旅游发展,60.0,3,external_positive,A,生产基线,3,25,Baidu,deepseek/deepseek-v4-flash,False,message.content,25,25,,,gen-1786274003-h4Pn1wWaQVlxO9kSBykg,stop,22.474006697535515,1,ok,,4ad7b9db2b34844c04d89ee4dbb6afc481a8a219840a1d51f92756ba8a1efd59,9c30e817b8445ad4d1f3edff07aafa001b60e34c1a471c9c5cc2985add6068d4,b74e0de003e3ce988642677cab2e03c6fdc77e5939a117d1c8196a4a52f8f82c,2026-08-09T11:13:44.937013+00:00
7612865761753580083,福建师范大学实地调研吴石故居及其红色旅游发展,60.0,3,external_positive,A,生产基线,4,5,StreamLake,deepseek/deepseek-v4-flash,False,message.content,5,5,,,gen-1786274092-a2dDCA8NRSeepO9fXxBR,stop,6.708526197820902,1,ok,,4ad7b9db2b34844c04d89ee4dbb6afc481a8a219840a1d51f92756ba8a1efd59,9c30e817b8445ad4d1f3edff07aafa001b60e34c1a471c9c5cc2985add6068d4,b74e0de003e3ce988642677cab2e03c6fdc77e5939a117d1c8196a4a52f8f82c,2026-08-09T11:14:58.530510+00:00
7612865761753580083,福建师范大学实地调研吴石故居及其红色旅游发展,60.0,3,external_positive,A,生产基线,5,10,StreamLake,deepseek/deepseek-v4-flash,False,message.content,10,10,,,gen-1786274017-waM6BZbHLq7iTc2hTbLT,stop,5.319106299430132,1,ok,,4ad7b9db2b34844c04d89ee4dbb6afc481a8a219840a1d51f92756ba8a1efd59,9c30e817b8445ad4d1f3edff07aafa001b60e34c1a471c9c5cc2985add6068d4,b74e0de003e3ce988642677cab2e03c6fdc77e5939a117d1c8196a4a52f8f82c,2026-08-09T11:13:41.473011+00:00
7612865761753580083,福建师范大学实地调研吴石故居及其红色旅游发展,60.0,3,external_positive,D,固定 provider + 关闭 reasoning,1,15,Alibaba,deepseek/deepseek-v4-flash,False,message.content,15,15,,,gen-1786273455-3VN0yE4qjoefoA6xHSli,stop,1.8357198983430862,1,ok,,4ad7b9db2b34844c04d89ee4dbb6afc481a8a219840a1d51f92756ba8a1efd59,9c30e817b8445ad4d1f3edff07aafa001b60e34c1a471c9c5cc2985add6068d4,7a4ccf458594a7da5d57c06ffe712b11107282af403aa6ed6517482f2efb7911,2026-08-09T11:04:16.537634+00:00
7612865761753580083,福建师范大学实地调研吴石故居及其红色旅游发展,60.0,3,external_positive,D,固定 provider + 关闭 reasoning,2,0,Alibaba,deepseek/deepseek-v4-flash,False,message.content,0,0,,,gen-1786273439-JAsReQWAICzzwzTda1jW,stop,2.222172100096941,1,ok,,4ad7b9db2b34844c04d89ee4dbb6afc481a8a219840a1d51f92756ba8a1efd59,9c30e817b8445ad4d1f3edff07aafa001b60e34c1a471c9c5cc2985add6068d4,7a4ccf458594a7da5d57c06ffe712b11107282af403aa6ed6517482f2efb7911,2026-08-09T11:04:00.468431+00:00
7612865761753580083,福建师范大学实地调研吴石故居及其红色旅游发展,60.0,3,external_positive,D,固定 provider + 关闭 reasoning,3,19,Alibaba,deepseek/deepseek-v4-flash,False,message.content,19,19,,,gen-1786273423-12gCKIlIiT95fh43cnuV,stop,2.5286374986171722,1,ok,,4ad7b9db2b34844c04d89ee4dbb6afc481a8a219840a1d51f92756ba8a1efd59,9c30e817b8445ad4d1f3edff07aafa001b60e34c1a471c9c5cc2985add6068d4,7a4ccf458594a7da5d57c06ffe712b11107282af403aa6ed6517482f2efb7911,2026-08-09T11:03:44.514165+00:00
7612865761753580083,福建师范大学实地调研吴石故居及其红色旅游发展,60.0,3,external_positive,D,固定 provider + 关闭 reasoning,4,19,Alibaba,deepseek/deepseek-v4-flash,False,message.content,19,19,,,gen-1786273449-C0SIX6ixGoyqvPbhYGzi,stop,2.302251599729061,1,ok,,4ad7b9db2b34844c04d89ee4dbb6afc481a8a219840a1d51f92756ba8a1efd59,9c30e817b8445ad4d1f3edff07aafa001b60e34c1a471c9c5cc2985add6068d4,7a4ccf458594a7da5d57c06ffe712b11107282af403aa6ed6517482f2efb7911,2026-08-09T11:04:10.349938+00:00
7612865761753580083,福建师范大学实地调研吴石故居及其红色旅游发展,60.0,3,external_positive,D,固定 provider + 关闭 reasoning,5,19,Alibaba,deepseek/deepseek-v4-flash,False,message.content,19,19,,,gen-1786273451-ZitXeXeHvN1nW58e3wOk,stop,1.9638607986271381,1,ok,,4ad7b9db2b34844c04d89ee4dbb6afc481a8a219840a1d51f92756ba8a1efd59,9c30e817b8445ad4d1f3edff07aafa001b60e34c1a471c9c5cc2985add6068d4,7a4ccf458594a7da5d57c06ffe712b11107282af403aa6ed6517482f2efb7911,2026-08-09T11:04:11.930130+00:00
7621751307979768361,庐江县汤池镇中心小学数学教研组开展集体备课暨公开课研讨活动,30.0,1,external_positive,A,生产基线,1,15,Morph,deepseek/deepseek-v4-flash,False,message.content,15,15,,,gen-1786273986-5ZuPeE47dikdU054iaMP,stop,11.971666600555182,1,ok,,4df6c5509fd47ca647623fe203f2768d26eeaacb1f099a0652535abb253d736f,82c999f9bee18b770b3d919762b0d654933da7b59b4451966eda5aedd458031a,6a0e5d126758b9c15f1fdb48dd38f684907b43ba92c499e14ad258608918bd7b,2026-08-09T11:13:16.970610+00:00
7621751307979768361,庐江县汤池镇中心小学数学教研组开展集体备课暨公开课研讨活动,30.0,1,external_positive,A,生产基线,2,10,StreamLake,deepseek/deepseek-v4-flash,False,message.content,10,10,,,gen-1786274075-YGIT8wEqA29bCCrEuKcd,stop,6.741243600845337,1,ok,,4df6c5509fd47ca647623fe203f2768d26eeaacb1f099a0652535abb253d736f,82c999f9bee18b770b3d919762b0d654933da7b59b4451966eda5aedd458031a,6a0e5d126758b9c15f1fdb48dd38f684907b43ba92c499e14ad258608918bd7b,2026-08-09T11:14:40.740439+00:00
7621751307979768361,庐江县汤池镇中心小学数学教研组开展集体备课暨公开课研讨活动,30.0,1,external_positive,A,生产基线,3,10,StreamLake,deepseek/deepseek-v4-flash,False,message.content,10,10,,,gen-1786274082-WtnajQUFX2qnbdqSj8qm,stop,5.567104998975992,1,ok,,4df6c5509fd47ca647623fe203f2768d26eeaacb1f099a0652535abb253d736f,82c999f9bee18b770b3d919762b0d654933da7b59b4451966eda5aedd458031a,6a0e5d126758b9c15f1fdb48dd38f684907b43ba92c499e14ad258608918bd7b,2026-08-09T11:14:46.814415+00:00
7621751307979768361,庐江县汤池镇中心小学数学教研组开展集体备课暨公开课研讨活动,30.0,1,external_positive,A,生产基线,4,8,DigitalOcean,deepseek/deepseek-v4-flash,False,message.content,8,8,,,gen-1786273994-drazXUdmmq7ouynpLFEJ,stop,10.593967199325562,1,ok,,4df6c5509fd47ca647623fe203f2768d26eeaacb1f099a0652535abb253d736f,82c999f9bee18b770b3d919762b0d654933da7b59b4451966eda5aedd458031a,6a0e5d126758b9c15f1fdb48dd38f684907b43ba92c499e14ad258608918bd7b,2026-08-09T11:13:24.167339+00:00
7621751307979768361,庐江县汤池镇中心小学数学教研组开展集体备课暨公开课研讨活动,30.0,1,external_positive,A,生产基线,5,10,DigitalOcean,deepseek/deepseek-v4-flash,False,message.content,10,10,,,gen-1786273990-CiuSsQLq4J3fOvutaB1m,stop,12.335295800119638,1,ok,,4df6c5509fd47ca647623fe203f2768d26eeaacb1f099a0652535abb253d736f,82c999f9bee18b770b3d919762b0d654933da7b59b4451966eda5aedd458031a,6a0e5d126758b9c15f1fdb48dd38f684907b43ba92c499e14ad258608918bd7b,2026-08-09T11:13:22.026645+00:00
7621751307979768361,庐江县汤池镇中心小学数学教研组开展集体备课暨公开课研讨活动,30.0,1,external_positive,D,固定 provider + 关闭 reasoning,1,15,Alibaba,deepseek/deepseek-v4-flash,False,message.content,15,15,,,gen-1786273431-pzl7n5KozvnaShc0XtAt,stop,2.413593001663685,1,ok,,4df6c5509fd47ca647623fe203f2768d26eeaacb1f099a0652535abb253d736f,82c999f9bee18b770b3d919762b0d654933da7b59b4451966eda5aedd458031a,884b45b173e1b23920f4aed415e3598b3fcccf71c9eb714c69573f3204745a40,2026-08-09T11:03:51.713163+00:00
7621751307979768361,庐江县汤池镇中心小学数学教研组开展集体备课暨公开课研讨活动,30.0,1,external_positive,D,固定 provider + 关闭 reasoning,2,15,Alibaba,deepseek/deepseek-v4-flash,False,message.content,15,15,,,gen-1786273445-W0L17ezxUCKJt8rpBW3a,stop,1.6231685988605022,1,ok,,4df6c5509fd47ca647623fe203f2768d26eeaacb1f099a0652535abb253d736f,82c999f9bee18b770b3d919762b0d654933da7b59b4451966eda5aedd458031a,884b45b173e1b23920f4aed415e3598b3fcccf71c9eb714c69573f3204745a40,2026-08-09T11:04:05.943913+00:00
7621751307979768361,庐江县汤池镇中心小学数学教研组开展集体备课暨公开课研讨活动,30.0,1,external_positive,D,固定 provider + 关闭 reasoning,3,15,Alibaba,deepseek/deepseek-v4-flash,False,message.content,15,15,,,gen-1786273421-IqpjNXqCldlPyzd7z1Br,stop,2.747181598097086,1,ok,,4df6c5509fd47ca647623fe203f2768d26eeaacb1f099a0652535abb253d736f,82c999f9bee18b770b3d919762b0d654933da7b59b4451966eda5aedd458031a,884b45b173e1b23920f4aed415e3598b3fcccf71c9eb714c69573f3204745a40,2026-08-09T11:03:42.202209+00:00
7621751307979768361,庐江县汤池镇中心小学数学教研组开展集体备课暨公开课研讨活动,30.0,1,external_positive,D,固定 provider + 关闭 reasoning,4,15,Alibaba,deepseek/deepseek-v4-flash,False,message.content,15,15,,,gen-1786273452-KUHGli1HSAuZsMqnPemw,stop,1.892773099243641,1,ok,,4df6c5509fd47ca647623fe203f2768d26eeaacb1f099a0652535abb253d736f,82c999f9bee18b770b3d919762b0d654933da7b59b4451966eda5aedd458031a,884b45b173e1b23920f4aed415e3598b3fcccf71c9eb714c69573f3204745a40,2026-08-09T11:04:12.537241+00:00
7621751307979768361,庐江县汤池镇中心小学数学教研组开展集体备课暨公开课研讨活动,30.0,1,external_positive,D,固定 provider + 关闭 reasoning,5,15,Alibaba,deepseek/deepseek-v4-flash,False,message.content,15,15,,,gen-1786273428-lyorZZmDyVQGdVgXkQ8H,stop,2.4035613983869553,1,ok,,4df6c5509fd47ca647623fe203f2768d26eeaacb1f099a0652535abb253d736f,82c999f9bee18b770b3d919762b0d654933da7b59b4451966eda5aedd458031a,884b45b173e1b23920f4aed415e3598b3fcccf71c9eb714c69573f3204745a40,2026-08-09T11:03:49.332537+00:00
7621859959659053610,江油市厚坝镇小学召开2026年春季德育工作会,60.0,3,external_positive,A,生产基线,1,10,StreamLake,deepseek/deepseek-v4-flash,False,message.content,10,10,,,gen-1786274077-IMvGk6cN6OXKNAn5oiwd,stop,7.088271100074053,1,ok,,02a9225449e53859edb6baa155aa40e3e75d2b8ca7d68efb550b5e8c22b804a4,67481505696e5bb9563b30aa3b53b16f076f9c2a52b415c30021833670a2ab83,6a89406a58858112aefa7bb3a9b7267f741ba87701ef82a075497bc5cb6c8775,2026-08-09T11:14:43.314629+00:00
7621859959659053610,江油市厚坝镇小学召开2026年春季德育工作会,60.0,3,external_positive,A,生产基线,2,15,Parasail,deepseek/deepseek-v4-flash,False,message.content,15,15,,,gen-1786274040-6bvrZiSOuexqec0z54gc,stop,4.10974669829011,1,ok,,02a9225449e53859edb6baa155aa40e3e75d2b8ca7d68efb550b5e8c22b804a4,67481505696e5bb9563b30aa3b53b16f076f9c2a52b415c30021833670a2ab83,6a89406a58858112aefa7bb3a9b7267f741ba87701ef82a075497bc5cb6c8775,2026-08-09T11:14:04.008993+00:00
7621859959659053610,江油市厚坝镇小学召开2026年春季德育工作会,60.0,3,external_positive,A,生产基线,3,10,CoreWeave,deepseek/deepseek-v4-flash,False,message.content,10,10,,,gen-1786274050-idiWctuhC1rzAmYhV40p,stop,5.9316295981407166,1,ok,,02a9225449e53859edb6baa155aa40e3e75d2b8ca7d68efb550b5e8c22b804a4,67481505696e5bb9563b30aa3b53b16f076f9c2a52b415c30021833670a2ab83,6a89406a58858112aefa7bb3a9b7267f741ba87701ef82a075497bc5cb6c8775,2026-08-09T11:14:15.120202+00:00
7621859959659053610,江油市厚坝镇小学召开2026年春季德育工作会,60.0,3,external_positive,A,生产基线,4,10,CoreWeave,deepseek/deepseek-v4-flash,False,message.content,10,10,,,gen-1786274137-8xByTJMLTKkqU4Rk9oC5,stop,2.6879599019885063,1,ok,,02a9225449e53859edb6baa155aa40e3e75d2b8ca7d68efb550b5e8c22b804a4,67481505696e5bb9563b30aa3b53b16f076f9c2a52b415c30021833670a2ab83,6a89406a58858112aefa7bb3a9b7267f741ba87701ef82a075497bc5cb6c8775,2026-08-09T11:15:39.002936+00:00
7621859959659053610,江油市厚坝镇小学召开2026年春季德育工作会,60.0,3,external_positive,A,生产基线,5,10,Venice,deepseek/deepseek-v4-flash,False,message.content,10,10,,,gen-1786273981-X98ccetJbV2tTHtNYYc4,stop,9.652420401573181,1,ok,,02a9225449e53859edb6baa155aa40e3e75d2b8ca7d68efb550b5e8c22b804a4,67481505696e5bb9563b30aa3b53b16f076f9c2a52b415c30021833670a2ab83,6a89406a58858112aefa7bb3a9b7267f741ba87701ef82a075497bc5cb6c8775,2026-08-09T11:13:09.118605+00:00
7621859959659053610,江油市厚坝镇小学召开2026年春季德育工作会,60.0,3,external_positive,D,固定 provider + 关闭 reasoning,1,15,Alibaba,deepseek/deepseek-v4-flash,False,message.content,15,15,,,gen-1786273436-EVdkQ5nKpKJjm1rFjUG9,stop,1.702734600752592,1,ok,,02a9225449e53859edb6baa155aa40e3e75d2b8ca7d68efb550b5e8c22b804a4,67481505696e5bb9563b30aa3b53b16f076f9c2a52b415c30021833670a2ab83,e53cb8cecf55384973138129468319ba38a6bd570243601eaf09dec6aa31074c,2026-08-09T11:03:57.334040+00:00
7621859959659053610,江油市厚坝镇小学召开2026年春季德育工作会,60.0,3,external_positive,D,固定 provider + 关闭 reasoning,2,15,Alibaba,deepseek/deepseek-v4-flash,False,message.content,15,15,,,gen-1786273454-rAgWUQDJXDvZC1XHE1Vh,stop,1.8583659008145332,1,ok,,02a9225449e53859edb6baa155aa40e3e75d2b8ca7d68efb550b5e8c22b804a4,67481505696e5bb9563b30aa3b53b16f076f9c2a52b415c30021833670a2ab83,e53cb8cecf55384973138129468319ba38a6bd570243601eaf09dec6aa31074c,2026-08-09T11:04:15.172929+00:00
7621859959659053610,江油市厚坝镇小学召开2026年春季德育工作会,60.0,3,external_positive,D,固定 provider + 关闭 reasoning,3,15,Alibaba,deepseek/deepseek-v4-flash,False,message.content,15,15,,,gen-1786273433-TMx6R2j1vRd5CiS3PuDB,stop,2.4714283011853695,1,ok,,02a9225449e53859edb6baa155aa40e3e75d2b8ca7d68efb550b5e8c22b804a4,67481505696e5bb9563b30aa3b53b16f076f9c2a52b415c30021833670a2ab83,e53cb8cecf55384973138129468319ba38a6bd570243601eaf09dec6aa31074c,2026-08-09T11:03:54.481049+00:00
7621859959659053610,江油市厚坝镇小学召开2026年春季德育工作会,60.0,3,external_positive,D,固定 provider + 关闭 reasoning,4,15,Alibaba,deepseek/deepseek-v4-flash,False,message.content,15,15,,,gen-1786273421-WbDVNNH3AYTRQoTz1GLG,stop,2.5306703001260757,1,ok,,02a9225449e53859edb6baa155aa40e3e75d2b8ca7d68efb550b5e8c22b804a4,67481505696e5bb9563b30aa3b53b16f076f9c2a52b415c30021833670a2ab83,e53cb8cecf55384973138129468319ba38a6bd570243601eaf09dec6aa31074c,2026-08-09T11:03:41.984066+00:00
7621859959659053610,江油市厚坝镇小学召开2026年春季德育工作会,60.0,3,external_positive,D,固定 provider + 关闭 reasoning,5,15,Alibaba,deepseek/deepseek-v4-flash,False,message.content,15,15,,,gen-1786273447-eXaNPKAqeg9ezVRsYyCl,stop,1.7015914991497993,1,ok,,02a9225449e53859edb6baa155aa40e3e75d2b8ca7d68efb550b5e8c22b804a4,67481505696e5bb9563b30aa3b53b16f076f9c2a52b415c30021833670a2ab83,e53cb8cecf55384973138129468319ba38a6bd570243601eaf09dec6aa31074c,2026-08-09T11:04:08.009745+00:00
7624721540059333183,张雪因手掌太红被网友劝就医！医生提醒……,0.0,0,external_positive,A,生产基线,1,0,DigitalOcean,deepseek/deepseek-v4-flash,False,message.content,0,0,,,gen-1786273981-eEuogDsCirBwVSBbjnpv,stop,6.322017900645733,1,ok,,999911514626a48c8d1aabfb0216f46ea0354623f255d9228c21bf31d80d7859,855e8090e91357ef88fecc999be1554951cc44aaf5659e48d0a1814f74abf3d1,06789a8733a3cd394862406d0c1f2256c6c29169100081067639136ec9d8c169,2026-08-09T11:13:05.789874+00:00
7624721540059333183,张雪因手掌太红被网友劝就医！医生提醒……,0.0,0,external_positive,A,生产基线,2,0,StreamLake,deepseek/deepseek-v4-flash,False,message.content,0,0,,,gen-1786273993-t1SlChAeIuWj3NRYbHdm,stop,3.6805902011692524,1,ok,,999911514626a48c8d1aabfb0216f46ea0354623f255d9228c21bf31d80d7859,855e8090e91357ef88fecc999be1554951cc44aaf5659e48d0a1814f74abf3d1,06789a8733a3cd394862406d0c1f2256c6c29169100081067639136ec9d8c169,2026-08-09T11:13:15.916700+00:00
7624721540059333183,张雪因手掌太红被网友劝就医！医生提醒……,0.0,0,external_positive,A,生产基线,3,0,CoreWeave,deepseek/deepseek-v4-flash,False,message.content,0,0,,,gen-1786274143-BYGlymQYltqd0MsCTqqz,stop,3.4672512002289295,1,ok,,999911514626a48c8d1aabfb0216f46ea0354623f255d9228c21bf31d80d7859,855e8090e91357ef88fecc999be1554951cc44aaf5659e48d0a1814f74abf3d1,06789a8733a3cd394862406d0c1f2256c6c29169100081067639136ec9d8c169,2026-08-09T11:15:45.520153+00:00
7624721540059333183,张雪因手掌太红被网友劝就医！医生提醒……,0.0,0,external_positive,A,生产基线,4,0,StreamLake,deepseek/deepseek-v4-flash,False,message.content,0,0,,,gen-1786273990-7WQUKUMWGUCXj5qCpj9K,stop,18.714069198817015,1,ok,,999911514626a48c8d1aabfb0216f46ea0354623f255d9228c21bf31d80d7859,855e8090e91357ef88fecc999be1554951cc44aaf5659e48d0a1814f74abf3d1,06789a8733a3cd394862406d0c1f2256c6c29169100081067639136ec9d8c169,2026-08-09T11:13:27.834270+00:00
7624721540059333183,张雪因手掌太红被网友劝就医！医生提醒……,0.0,0,external_positive,A,生产基线,5,0,CoreWeave,deepseek/deepseek-v4-flash,False,message.content,0,0,,,gen-1786274046-l4csKvg7WJXqsqvUDI5q,stop,3.6397400982677937,1,ok,,999911514626a48c8d1aabfb0216f46ea0354623f255d9228c21bf31d80d7859,855e8090e91357ef88fecc999be1554951cc44aaf5659e48d0a1814f74abf3d1,06789a8733a3cd394862406d0c1f2256c6c29169100081067639136ec9d8c169,2026-08-09T11:14:08.722783+00:00
7624721540059333183,张雪因手掌太红被网友劝就医！医生提醒……,0.0,0,external_positive,D,固定 provider + 关闭 reasoning,1,0,Alibaba,deepseek/deepseek-v4-flash,False,message.content,0,0,,,gen-1786273450-782y8oRYhK74oEoytxw4,stop,1.8182188011705875,1,ok,,999911514626a48c8d1aabfb0216f46ea0354623f255d9228c21bf31d80d7859,855e8090e91357ef88fecc999be1554951cc44aaf5659e48d0a1814f74abf3d1,61e58d7be710990b0f3e132801189d8d2da76a2165c098ced0ffe23e670dbbac,2026-08-09T11:04:11.285122+00:00
7624721540059333183,张雪因手掌太红被网友劝就医！医生提醒……,0.0,0,external_positive,D,固定 provider + 关闭 reasoning,2,0,Alibaba,deepseek/deepseek-v4-flash,False,message.content,0,0,,,gen-1786273456-5nkCbirgLq5rADKVb3bi,stop,1.940140400081873,1,ok,,999911514626a48c8d1aabfb0216f46ea0354623f255d9228c21bf31d80d7859,855e8090e91357ef88fecc999be1554951cc44aaf5659e48d0a1814f74abf3d1,61e58d7be710990b0f3e132801189d8d2da76a2165c098ced0ffe23e670dbbac,2026-08-09T11:04:17.114320+00:00
7624721540059333183,张雪因手掌太红被网友劝就医！医生提醒……,0.0,0,external_positive,D,固定 provider + 关闭 reasoning,3,0,Alibaba,deepseek/deepseek-v4-flash,False,message.content,0,0,,,gen-1786273442-vjHpwoufZatK1cHglEMn,stop,1.9703420996665955,1,ok,,999911514626a48c8d1aabfb0216f46ea0354623f255d9228c21bf31d80d7859,855e8090e91357ef88fecc999be1554951cc44aaf5659e48d0a1814f74abf3d1,61e58d7be710990b0f3e132801189d8d2da76a2165c098ced0ffe23e670dbbac,2026-08-09T11:04:02.655219+00:00
7624721540059333183,张雪因手掌太红被网友劝就医！医生提醒……,0.0,0,external_positive,D,固定 provider + 关闭 reasoning,4,0,Alibaba,deepseek/deepseek-v4-flash,False,message.content,0,0,,,gen-1786273446-W0bbMJIS4MOEIHvzqn47,stop,2.1771593019366264,1,ok,,999911514626a48c8d1aabfb0216f46ea0354623f255d9228c21bf31d80d7859,855e8090e91357ef88fecc999be1554951cc44aaf5659e48d0a1814f74abf3d1,61e58d7be710990b0f3e132801189d8d2da76a2165c098ced0ffe23e670dbbac,2026-08-09T11:04:07.438742+00:00
7624721540059333183,张雪因手掌太红被网友劝就医！医生提醒……,0.0,0,external_positive,D,固定 provider + 关闭 reasoning,5,0,Alibaba,deepseek/deepseek-v4-flash,False,message.content,0,0,,,gen-1786273446-CWTiJS5H87053AADjFrm,stop,1.4730923026800156,1,ok,,999911514626a48c8d1aabfb0216f46ea0354623f255d9228c21bf31d80d7859,855e8090e91357ef88fecc999be1554951cc44aaf5659e48d0a1814f74abf3d1,61e58d7be710990b0f3e132801189d8d2da76a2165c098ced0ffe23e670dbbac,2026-08-09T11:04:06.397553+00:00
7631724657380557363,300余家国企招聘岗位上线,85.0,4,internal_positive,A,生产基线,1,5,Alibaba,deepseek/deepseek-v4-flash,False,message.content,5,5,,,gen-1786274006-9Tk1wrO5aLzALUQ10PBx,stop,12.859384801238775,1,ok,,5e20862702b01d6de33513de4d954034f71850291db85c0c2b7cf764e254b7ab,92fcefab0ab0520e89dbdce87a508d2952396712164456b0bd4e9a00c493f3a7,8eb0b24efd87c977f6c5f20013783884fffcead905fcc2b4487438aa1dd9cd62,2026-08-09T11:13:37.913133+00:00
7631724657380557363,300余家国企招聘岗位上线,85.0,4,internal_positive,A,生产基线,2,30,Alibaba,deepseek/deepseek-v4-flash,False,message.content,30,30,,,gen-1786274005-l8ntIn0skk6Tatlh5bNZ,stop,11.104009300470352,1,ok,,5e20862702b01d6de33513de4d954034f71850291db85c0c2b7cf764e254b7ab,92fcefab0ab0520e89dbdce87a508d2952396712164456b0bd4e9a00c493f3a7,8eb0b24efd87c977f6c5f20013783884fffcead905fcc2b4487438aa1dd9cd62,2026-08-09T11:13:35.177121+00:00
7631724657380557363,300余家国企招聘岗位上线,85.0,4,internal_positive,A,生产基线,3,30,Novita,deepseek/deepseek-v4-flash,False,message.content,30,30,,,gen-1786273981-nT4J9eYEedS6dZ8arYK1,stop,5.52437449991703,1,ok,,5e20862702b01d6de33513de4d954034f71850291db85c0c2b7cf764e254b7ab,92fcefab0ab0520e89dbdce87a508d2952396712164456b0bd4e9a00c493f3a7,8eb0b24efd87c977f6c5f20013783884fffcead905fcc2b4487438aa1dd9cd62,2026-08-09T11:13:04.997448+00:00
7631724657380557363,300余家国企招聘岗位上线,85.0,4,internal_positive,A,生产基线,4,10,StreamLake,deepseek/deepseek-v4-flash,False,message.content,10,10,,,gen-1786274016-PsZyENYbvaxA4ACFkM6i,stop,23.382815398275852,1,ok,,5e20862702b01d6de33513de4d954034f71850291db85c0c2b7cf764e254b7ab,92fcefab0ab0520e89dbdce87a508d2952396712164456b0bd4e9a00c493f3a7,8eb0b24efd87c977f6c5f20013783884fffcead905fcc2b4487438aa1dd9cd62,2026-08-09T11:13:58.638161+00:00
7631724657380557363,300余家国企招聘岗位上线,85.0,4,internal_positive,A,生产基线,5,25,Alibaba,deepseek/deepseek-v4-flash,False,message.content,25,25,,,gen-1786273998-RcKgC3tb1X7FOObQA86X,stop,7.099682901054621,1,ok,,5e20862702b01d6de33513de4d954034f71850291db85c0c2b7cf764e254b7ab,92fcefab0ab0520e89dbdce87a508d2952396712164456b0bd4e9a00c493f3a7,8eb0b24efd87c977f6c5f20013783884fffcead905fcc2b4487438aa1dd9cd62,2026-08-09T11:13:24.071693+00:00
7631724657380557363,300余家国企招聘岗位上线,85.0,4,internal_positive,D,固定 provider + 关闭 reasoning,1,0,Alibaba,deepseek/deepseek-v4-flash,False,message.content,0,0,,,gen-1786273437-hStIzSJDDwkxP8muZGYy,stop,2.264885298907757,1,ok,,5e20862702b01d6de33513de4d954034f71850291db85c0c2b7cf764e254b7ab,92fcefab0ab0520e89dbdce87a508d2952396712164456b0bd4e9a00c493f3a7,24ded3a53466420fe8f5815c81c6c291651c920e65759a81b1e516b8449cee7c,2026-08-09T11:03:57.856813+00:00
7631724657380557363,300余家国企招聘岗位上线,85.0,4,internal_positive,D,固定 provider + 关闭 reasoning,2,20,Alibaba,deepseek/deepseek-v4-flash,False,message.content,20,20,,,gen-1786273433-STWbB35bOH9kFMzy2iub,stop,1.8095837980508804,1,ok,,5e20862702b01d6de33513de4d954034f71850291db85c0c2b7cf764e254b7ab,92fcefab0ab0520e89dbdce87a508d2952396712164456b0bd4e9a00c493f3a7,24ded3a53466420fe8f5815c81c6c291651c920e65759a81b1e516b8449cee7c,2026-08-09T11:03:54.649497+00:00
7631724657380557363,300余家国企招聘岗位上线,85.0,4,internal_positive,D,固定 provider + 关闭 reasoning,3,20,Alibaba,deepseek/deepseek-v4-flash,False,message.content,20,20,,,gen-1786273424-nsiMcsw70rtFTMfBZJhY,stop,2.492282997816801,1,ok,,5e20862702b01d6de33513de4d954034f71850291db85c0c2b7cf764e254b7ab,92fcefab0ab0520e89dbdce87a508d2952396712164456b0bd4e9a00c493f3a7,24ded3a53466420fe8f5815c81c6c291651c920e65759a81b1e516b8449cee7c,2026-08-09T11:03:44.697632+00:00
7631724657380557363,300余家国企招聘岗位上线,85.0,4,internal_positive,D,固定 provider + 关闭 reasoning,4,20,Alibaba,deepseek/deepseek-v4-flash,False,message.content,20,20,,,gen-1786273426-csLuVHvAN26fF9229m5w,stop,2.309774797409773,1,ok,,5e20862702b01d6de33513de4d954034f71850291db85c0c2b7cf764e254b7ab,92fcefab0ab0520e89dbdce87a508d2952396712164456b0bd4e9a00c493f3a7,24ded3a53466420fe8f5815c81c6c291651c920e65759a81b1e516b8449cee7c,2026-08-09T11:03:46.927543+00:00
7631724657380557363,300余家国企招聘岗位上线,85.0,4,internal_positive,D,固定 provider + 关闭 reasoning,5,20,Alibaba,deepseek/deepseek-v4-flash,False,message.content,20,20,,,gen-1786273440-HjBZJsRgGBPQC5jr3Wa1,stop,1.9961796998977661,1,ok,,5e20862702b01d6de33513de4d954034f71850291db85c0c2b7cf764e254b7ab,92fcefab0ab0520e89dbdce87a508d2952396712164456b0bd4e9a00c493f3a7,24ded3a53466420fe8f5815c81c6c291651c920e65759a81b1e516b8449cee7c,2026-08-09T11:04:00.741533+00:00
7636619667569721908,生涯教育照亮学生成长路,20.0,1,internal_positive,A,生产基线,1,25,Baidu,deepseek/deepseek-v4-flash,False,message.content,25,25,,,gen-1786274116-mWd8mDDWFOParzSoXC9i,stop,43.730688601732254,1,ok,,26128d39140f5da2b764c3387424a9b58e9ff02a0333807be422cc3d8009d358,c85f1d44e1ee12ad1b6e9b3a923dbbf6b323800168a23ad0124a8456422cd024,fc90ce6cacdc39213ee79fbd6e7fa9551fa5942201baba14238599ecd6d0a528,2026-08-09T11:15:59.382573+00:00
7636619667569721908,生涯教育照亮学生成长路,20.0,1,internal_positive,A,生产基线,2,35,Alibaba,deepseek/deepseek-v4-flash,False,message.content,35,35,,,gen-1786273981-KCdlJf5o5zACR3dzrRWq,stop,14.202233299612999,1,ok,,26128d39140f5da2b764c3387424a9b58e9ff02a0333807be422cc3d8009d358,c85f1d44e1ee12ad1b6e9b3a923dbbf6b323800168a23ad0124a8456422cd024,fc90ce6cacdc39213ee79fbd6e7fa9551fa5942201baba14238599ecd6d0a528,2026-08-09T11:13:13.668845+00:00
7636619667569721908,生涯教育照亮学生成长路,20.0,1,internal_positive,A,生产基线,3,35,Alibaba,deepseek/deepseek-v4-flash,False,message.content,35,35,,,gen-1786274008-aXtA8o3FVmCOKNUhsm2y,stop,7.417886100709438,1,ok,,26128d39140f5da2b764c3387424a9b58e9ff02a0333807be422cc3d8009d358,c85f1d44e1ee12ad1b6e9b3a923dbbf6b323800168a23ad0124a8456422cd024,fc90ce6cacdc39213ee79fbd6e7fa9551fa5942201baba14238599ecd6d0a528,2026-08-09T11:13:35.253516+00:00
7636619667569721908,生涯教育照亮学生成长路,20.0,1,internal_positive,A,生产基线,4,40,Alibaba,deepseek/deepseek-v4-flash,False,message.content,40,40,,,gen-1786274122-kUGpDvzn8mbEZE4VJE0M,stop,16.606575399637222,1,ok,,26128d39140f5da2b764c3387424a9b58e9ff02a0333807be422cc3d8009d358,c85f1d44e1ee12ad1b6e9b3a923dbbf6b323800168a23ad0124a8456422cd024,fc90ce6cacdc39213ee79fbd6e7fa9551fa5942201baba14238599ecd6d0a528,2026-08-09T11:15:38.181486+00:00
7636619667569721908,生涯教育照亮学生成长路,20.0,1,internal_positive,A,生产基线,5,10,Alibaba,deepseek/deepseek-v4-flash,False,message.content,10,10,,,gen-1786274058-F1dG5WMRe5VRJ1uraAFR,stop,6.013219501823187,1,ok,,26128d39140f5da2b764c3387424a9b58e9ff02a0333807be422cc3d8009d358,c85f1d44e1ee12ad1b6e9b3a923dbbf6b323800168a23ad0124a8456422cd024,fc90ce6cacdc39213ee79fbd6e7fa9551fa5942201baba14238599ecd6d0a528,2026-08-09T11:14:23.156190+00:00
7636619667569721908,生涯教育照亮学生成长路,20.0,1,internal_positive,D,固定 provider + 关闭 reasoning,1,15,Alibaba,deepseek/deepseek-v4-flash,False,message.content,15,15,,,gen-1786273443-wTpV5h4pHA7HqcPs0MiX,stop,1.6011791974306107,1,ok,,26128d39140f5da2b764c3387424a9b58e9ff02a0333807be422cc3d8009d358,c85f1d44e1ee12ad1b6e9b3a923dbbf6b323800168a23ad0124a8456422cd024,aa565044a44265cc8d81f30cc924530d7b3219dc8a0d1d57a4d81fec9f807dd7,2026-08-09T11:04:03.545651+00:00
7636619667569721908,生涯教育照亮学生成长路,20.0,1,internal_positive,D,固定 provider + 关闭 reasoning,2,15,Alibaba,deepseek/deepseek-v4-flash,False,message.content,15,15,,,gen-1786273442-QNH3kbCUlkv8e68KH6Og,stop,2.0737561993300915,1,ok,,26128d39140f5da2b764c3387424a9b58e9ff02a0333807be422cc3d8009d358,c85f1d44e1ee12ad1b6e9b3a923dbbf6b323800168a23ad0124a8456422cd024,aa565044a44265cc8d81f30cc924530d7b3219dc8a0d1d57a4d81fec9f807dd7,2026-08-09T11:04:02.980382+00:00
7636619667569721908,生涯教育照亮学生成长路,20.0,1,internal_positive,D,固定 provider + 关闭 reasoning,3,15,Alibaba,deepseek/deepseek-v4-flash,False,message.content,15,15,,,gen-1786273438-CBjs3aoWagLiHNxquS5v,stop,1.5558055005967617,1,ok,,26128d39140f5da2b764c3387424a9b58e9ff02a0333807be422cc3d8009d358,c85f1d44e1ee12ad1b6e9b3a923dbbf6b323800168a23ad0124a8456422cd024,aa565044a44265cc8d81f30cc924530d7b3219dc8a0d1d57a4d81fec9f807dd7,2026-08-09T11:03:58.765542+00:00
7636619667569721908,生涯教育照亮学生成长路,20.0,1,internal_positive,D,固定 provider + 关闭 reasoning,4,20,Alibaba,deepseek/deepseek-v4-flash,False,message.content,20,20,,,gen-1786273439-Zq8lPp7Jg2RalA06MaKy,stop,1.7903943993151188,1,ok,,26128d39140f5da2b764c3387424a9b58e9ff02a0333807be422cc3d8009d358,c85f1d44e1ee12ad1b6e9b3a923dbbf6b323800168a23ad0124a8456422cd024,aa565044a44265cc8d81f30cc924530d7b3219dc8a0d1d57a4d81fec9f807dd7,2026-08-09T11:03:59.648577+00:00
7636619667569721908,生涯教育照亮学生成长路,20.0,1,internal_positive,D,固定 provider + 关闭 reasoning,5,15,Alibaba,deepseek/deepseek-v4-flash,False,message.content,15,15,,,gen-1786273431-rqbDoQI4o2mOAcpn821x,stop,2.715986702591181,1,ok,,26128d39140f5da2b764c3387424a9b58e9ff02a0333807be422cc3d8009d358,c85f1d44e1ee12ad1b6e9b3a923dbbf6b323800168a23ad0124a8456422cd024,aa565044a44265cc8d81f30cc924530d7b3219dc8a0d1d57a4d81fec9f807dd7,2026-08-09T11:03:52.234854+00:00
7641420357508940334,以稳健货币政策支持经济向新向好,75.0,3,internal_positive,A,生产基线,1,0,Alibaba,deepseek/deepseek-v4-flash,False,message.content,0,0,,,gen-1786274131-tzfJk6mp0EuJDmuP9ebw,stop,3.609402298927307,1,ok,,75ea3e592245a99e3fb9ea263a470c85f23fae6e47cb63ced210c2204be90c39,77cb45ccd081d92212a1e6b516d0c66f8a732efc89608f0684f499034367b1a7,6a278806e714bf41118340f35238ec6c647c9f9728c46e075090caa24345f0b3,2026-08-09T11:15:33.768585+00:00
7641420357508940334,以稳健货币政策支持经济向新向好,75.0,3,internal_positive,A,生产基线,2,0,Novita,deepseek/deepseek-v4-flash,False,message.content,0,0,,,gen-1786273991-xs95HDOSeXdy0B4W07lb,stop,3.3156689032912254,1,ok,,75ea3e592245a99e3fb9ea263a470c85f23fae6e47cb63ced210c2204be90c39,77cb45ccd081d92212a1e6b516d0c66f8a732efc89608f0684f499034367b1a7,6a278806e714bf41118340f35238ec6c647c9f9728c46e075090caa24345f0b3,2026-08-09T11:13:13.572005+00:00
7641420357508940334,以稳健货币政策支持经济向新向好,75.0,3,internal_positive,A,生产基线,3,0,Novita,deepseek/deepseek-v4-flash,False,message.content,0,0,,,gen-1786273987-KdzVESf0d4yWiYJ2PKwJ,stop,4.125607501715422,1,ok,,75ea3e592245a99e3fb9ea263a470c85f23fae6e47cb63ced210c2204be90c39,77cb45ccd081d92212a1e6b516d0c66f8a732efc89608f0684f499034367b1a7,6a278806e714bf41118340f35238ec6c647c9f9728c46e075090caa24345f0b3,2026-08-09T11:13:10.254896+00:00
7641420357508940334,以稳健货币政策支持经济向新向好,75.0,3,internal_positive,A,生产基线,4,0,Alibaba,deepseek/deepseek-v4-flash,False,message.content,0,0,,,gen-1786274039-X0ubMD7aAFNOnDiv636y,stop,3.159968499094248,1,ok,,75ea3e592245a99e3fb9ea263a470c85f23fae6e47cb63ced210c2204be90c39,77cb45ccd081d92212a1e6b516d0c66f8a732efc89608f0684f499034367b1a7,6a278806e714bf41118340f35238ec6c647c9f9728c46e075090caa24345f0b3,2026-08-09T11:14:01.799688+00:00
7641420357508940334,以稳健货币政策支持经济向新向好,75.0,3,internal_positive,A,生产基线,5,0,Alibaba,deepseek/deepseek-v4-flash,False,message.content,0,0,,,gen-1786274127-ozYBottoBcWMbEKsyhpP,stop,3.981231302022934,1,ok,,75ea3e592245a99e3fb9ea263a470c85f23fae6e47cb63ced210c2204be90c39,77cb45ccd081d92212a1e6b516d0c66f8a732efc89608f0684f499034367b1a7,6a278806e714bf41118340f35238ec6c647c9f9728c46e075090caa24345f0b3,2026-08-09T11:15:30.156829+00:00
7641420357508940334,以稳健货币政策支持经济向新向好,75.0,3,internal_positive,D,固定 provider + 关闭 reasoning,1,0,Alibaba,deepseek/deepseek-v4-flash,False,message.content,0,0,,,gen-1786273453-InteuHdCQGw5lWjTeQY1,stop,1.7756214998662472,1,ok,,75ea3e592245a99e3fb9ea263a470c85f23fae6e47cb63ced210c2204be90c39,77cb45ccd081d92212a1e6b516d0c66f8a732efc89608f0684f499034367b1a7,d22d042455a2489180eb986f1dfc71e5dfaa41ef0966c8f0477ac63f6dc26333,2026-08-09T11:04:13.707203+00:00
7641420357508940334,以稳健货币政策支持经济向新向好,75.0,3,internal_positive,D,固定 provider + 关闭 reasoning,2,0,Alibaba,deepseek/deepseek-v4-flash,False,message.content,0,0,,,gen-1786273444-YFfdMpQ9ktZKbayCHCSa,stop,2.237683802843094,1,ok,,75ea3e592245a99e3fb9ea263a470c85f23fae6e47cb63ced210c2204be90c39,77cb45ccd081d92212a1e6b516d0c66f8a732efc89608f0684f499034367b1a7,d22d042455a2489180eb986f1dfc71e5dfaa41ef0966c8f0477ac63f6dc26333,2026-08-09T11:04:05.360093+00:00
7641420357508940334,以稳健货币政策支持经济向新向好,75.0,3,internal_positive,D,固定 provider + 关闭 reasoning,3,0,Alibaba,deepseek/deepseek-v4-flash,False,message.content,0,0,,,gen-1786273448-kRM7kZk4kt56Ih0sLQaR,stop,2.075713999569416,1,ok,,75ea3e592245a99e3fb9ea263a470c85f23fae6e47cb63ced210c2204be90c39,77cb45ccd081d92212a1e6b516d0c66f8a732efc89608f0684f499034367b1a7,d22d042455a2489180eb986f1dfc71e5dfaa41ef0966c8f0477ac63f6dc26333,2026-08-09T11:04:09.465543+00:00
7641420357508940334,以稳健货币政策支持经济向新向好,75.0,3,internal_positive,D,固定 provider + 关闭 reasoning,4,0,Alibaba,deepseek/deepseek-v4-flash,False,message.content,0,0,,,gen-1786273433-ZRpMkrSnen9B2cgkXBHm,stop,2.723633799701929,1,ok,,75ea3e592245a99e3fb9ea263a470c85f23fae6e47cb63ced210c2204be90c39,77cb45ccd081d92212a1e6b516d0c66f8a732efc89608f0684f499034367b1a7,d22d042455a2489180eb986f1dfc71e5dfaa41ef0966c8f0477ac63f6dc26333,2026-08-09T11:03:54.286653+00:00
7641420357508940334,以稳健货币政策支持经济向新向好,75.0,3,internal_positive,D,固定 provider + 关闭 reasoning,5,0,Alibaba,deepseek/deepseek-v4-flash,False,message.content,0,0,,,gen-1786273435-0J5fZEZTCC9XrhQUS3Da,stop,1.968199498951435,1,ok,,75ea3e592245a99e3fb9ea263a470c85f23fae6e47cb63ced210c2204be90c39,77cb45ccd081d92212a1e6b516d0c66f8a732efc89608f0684f499034367b1a7,d22d042455a2489180eb986f1dfc71e5dfaa41ef0966c8f0477ac63f6dc26333,2026-08-09T11:03:56.256174+00:00
7643801471133303305,全球首套！“原眼一号”研发成功！,0.0,0,internal_positive,A,生产基线,1,0,Alibaba,deepseek/deepseek-v4-flash,False,message.content,0,0,,,gen-1786273996-FruIntLOM9RdeA7RWqwD,stop,4.300341200083494,1,ok,,b2b126c258c866d50d6474932434c38659ccbe20bbb6699014a4682f77fe7151,5abb0a1ff77769f04bd3be6066b59e3c92d45aaed3d26f58badf3c52e017dfff,f49097d5e683b7036260571c8ff69a4af7026bdf43484cc78821059d9feae38f,2026-08-09T11:13:20.218542+00:00
7643801471133303305,全球首套！“原眼一号”研发成功！,0.0,0,internal_positive,A,生产基线,2,5,Alibaba,deepseek/deepseek-v4-flash,False,message.content,5,5,,,gen-1786274048-jToqoZVSsreKPvNIph7X,stop,4.1572031006217,1,ok,,b2b126c258c866d50d6474932434c38659ccbe20bbb6699014a4682f77fe7151,5abb0a1ff77769f04bd3be6066b59e3c92d45aaed3d26f58badf3c52e017dfff,f49097d5e683b7036260571c8ff69a4af7026bdf43484cc78821059d9feae38f,2026-08-09T11:14:11.441911+00:00
7643801471133303305,全球首套！“原眼一号”研发成功！,0.0,0,internal_positive,A,生产基线,3,0,Alibaba,deepseek/deepseek-v4-flash,False,message.content,0,0,,,gen-1786274020-lyiuhEKH3BCt8fCJEepE,stop,3.3306065015494823,1,ok,,b2b126c258c866d50d6474932434c38659ccbe20bbb6699014a4682f77fe7151,5abb0a1ff77769f04bd3be6066b59e3c92d45aaed3d26f58badf3c52e017dfff,f49097d5e683b7036260571c8ff69a4af7026bdf43484cc78821059d9feae38f,2026-08-09T11:13:42.301776+00:00
7643801471133303305,全球首套！“原眼一号”研发成功！,0.0,0,internal_positive,A,生产基线,4,0,Alibaba,deepseek/deepseek-v4-flash,False,message.content,0,0,,,gen-1786274073-SrGVLdl0TvfeXpEtj2mU,stop,6.03410129994154,1,ok,,b2b126c258c866d50d6474932434c38659ccbe20bbb6699014a4682f77fe7151,5abb0a1ff77769f04bd3be6066b59e3c92d45aaed3d26f58badf3c52e017dfff,f49097d5e683b7036260571c8ff69a4af7026bdf43484cc78821059d9feae38f,2026-08-09T11:14:36.256429+00:00
7643801471133303305,全球首套！“原眼一号”研发成功！,0.0,0,internal_positive,A,生产基线,5,5,Alibaba,deepseek/deepseek-v4-flash,False,message.content,5,5,,,gen-1786274121-qYMj276TmgaFuODYkctc,stop,6.937411900609732,1,ok,,b2b126c258c866d50d6474932434c38659ccbe20bbb6699014a4682f77fe7151,5abb0a1ff77769f04bd3be6066b59e3c92d45aaed3d26f58badf3c52e017dfff,f49097d5e683b7036260571c8ff69a4af7026bdf43484cc78821059d9feae38f,2026-08-09T11:15:26.174170+00:00
7643801471133303305,全球首套！“原眼一号”研发成功！,0.0,0,internal_positive,D,固定 provider + 关闭 reasoning,1,0,Alibaba,deepseek/deepseek-v4-flash,False,message.content,0,0,,,gen-1786273424-DUDJ4AIEpXZxtsUZzika,stop,2.195891600102186,1,ok,,b2b126c258c866d50d6474932434c38659ccbe20bbb6699014a4682f77fe7151,5abb0a1ff77769f04bd3be6066b59e3c92d45aaed3d26f58badf3c52e017dfff,b6d2b78d42a5ee28e422ca7c98185a56ed336dfa819177cd12353435d0811117,2026-08-09T11:03:44.305653+00:00
7643801471133303305,全球首套！“原眼一号”研发成功！,0.0,0,internal_positive,D,固定 provider + 关闭 reasoning,2,0,Alibaba,deepseek/deepseek-v4-flash,False,message.content,0,0,,,gen-1786273428-tRryKq2M77PJRZmRZiOo,stop,1.9945625998079777,1,ok,,b2b126c258c866d50d6474932434c38659ccbe20bbb6699014a4682f77fe7151,5abb0a1ff77769f04bd3be6066b59e3c92d45aaed3d26f58badf3c52e017dfff,b6d2b78d42a5ee28e422ca7c98185a56ed336dfa819177cd12353435d0811117,2026-08-09T11:03:49.508593+00:00
7643801471133303305,全球首套！“原眼一号”研发成功！,0.0,0,internal_positive,D,固定 provider + 关闭 reasoning,3,0,Alibaba,deepseek/deepseek-v4-flash,False,message.content,0,0,,,gen-1786273449-Rx7vgaqUlz7BNPGlkhCR,stop,1.7732094004750252,1,ok,,b2b126c258c866d50d6474932434c38659ccbe20bbb6699014a4682f77fe7151,5abb0a1ff77769f04bd3be6066b59e3c92d45aaed3d26f58badf3c52e017dfff,b6d2b78d42a5ee28e422ca7c98185a56ed336dfa819177cd12353435d0811117,2026-08-09T11:04:10.506381+00:00
7643801471133303305,全球首套！“原眼一号”研发成功！,0.0,0,internal_positive,D,固定 provider + 关闭 reasoning,4,0,Alibaba,deepseek/deepseek-v4-flash,False,message.content,0,0,,,gen-1786273457-fpo5nBb6EKzujSnEEMQm,stop,1.8612040989100933,1,ok,,b2b126c258c866d50d6474932434c38659ccbe20bbb6699014a4682f77fe7151,5abb0a1ff77769f04bd3be6066b59e3c92d45aaed3d26f58badf3c52e017dfff,b6d2b78d42a5ee28e422ca7c98185a56ed336dfa819177cd12353435d0811117,2026-08-09T11:04:18.463206+00:00
7643801471133303305,全球首套！“原眼一号”研发成功！,0.0,0,internal_positive,D,固定 provider + 关闭 reasoning,5,0,Alibaba,deepseek/deepseek-v4-flash,False,message.content,0,0,,,gen-1786273428-6c7C9gsLBeYNCJWmeKOq,stop,2.3852053992450237,1,ok,,b2b126c258c866d50d6474932434c38659ccbe20bbb6699014a4682f77fe7151,5abb0a1ff77769f04bd3be6066b59e3c92d45aaed3d26f58badf3c52e017dfff,b6d2b78d42a5ee28e422ca7c98185a56ed336dfa819177cd12353435d0811117,2026-08-09T11:03:49.133227+00:00
7651230286125990450,高招有“招”｜6月14日9:00，广东工业大学专场播出,0.0,0,external_positive,A,生产基线,1,10,CoreWeave,deepseek/deepseek-v4-flash,False,message.content,10,10,,,gen-1786274054-0VPyVUcLWJHllLfNwzPT,stop,3.3391621001064777,1,ok,,54363de2d9b6a2ae9f97968bed6ae70c6a848f1224cc7f88ca76001b6969c5b2,eb51f9592fe14b76bc733386a0cd593fde88c782630a793842c68f64124f4452,dd721c948a0072f1f3e16cc9c2ac9d174187b95d11bc476ad15dc734029b9b5d,2026-08-09T11:14:17.141463+00:00
7651230286125990450,高招有“招”｜6月14日9:00，广东工业大学专场播出,0.0,0,external_positive,A,生产基线,2,10,CoreWeave,deepseek/deepseek-v4-flash,False,message.content,10,10,,,gen-1786274146-GbSwIwvNMLUtADbIXr8q,stop,2.5981527008116245,1,ok,,54363de2d9b6a2ae9f97968bed6ae70c6a848f1224cc7f88ca76001b6969c5b2,eb51f9592fe14b76bc733386a0cd593fde88c782630a793842c68f64124f4452,dd721c948a0072f1f3e16cc9c2ac9d174187b95d11bc476ad15dc734029b9b5d,2026-08-09T11:15:48.119710+00:00
7651230286125990450,高招有“招”｜6月14日9:00，广东工业大学专场播出,0.0,0,external_positive,A,生产基线,3,10,CoreWeave,deepseek/deepseek-v4-flash,False,message.content,10,10,,,gen-1786274111-wKx9gv9TUFr2OBHk4kxT,stop,7.781612999737263,1,ok,,54363de2d9b6a2ae9f97968bed6ae70c6a848f1224cc7f88ca76001b6969c5b2,eb51f9592fe14b76bc733386a0cd593fde88c782630a793842c68f64124f4452,dd721c948a0072f1f3e16cc9c2ac9d174187b95d11bc476ad15dc734029b9b5d,2026-08-09T11:15:17.957213+00:00
7651230286125990450,高招有“招”｜6月14日9:00，广东工业大学专场播出,0.0,0,external_positive,A,生产基线,4,5,CoreWeave,deepseek/deepseek-v4-flash,False,message.content,5,5,,,gen-1786274131-8jZLJ3hZhT4RL8IpTJ9l,stop,8.751013200730085,1,ok,,54363de2d9b6a2ae9f97968bed6ae70c6a848f1224cc7f88ca76001b6969c5b2,eb51f9592fe14b76bc733386a0cd593fde88c782630a793842c68f64124f4452,dd721c948a0072f1f3e16cc9c2ac9d174187b95d11bc476ad15dc734029b9b5d,2026-08-09T11:15:38.769428+00:00
7651230286125990450,高招有“招”｜6月14日9:00，广东工业大学专场播出,0.0,0,external_positive,A,生产基线,5,10,CoreWeave,deepseek/deepseek-v4-flash,False,message.content,10,10,,,gen-1786274122-YJkmYbMeChcZaxqiJRsq,stop,4.081587798893452,1,ok,,54363de2d9b6a2ae9f97968bed6ae70c6a848f1224cc7f88ca76001b6969c5b2,eb51f9592fe14b76bc733386a0cd593fde88c782630a793842c68f64124f4452,dd721c948a0072f1f3e16cc9c2ac9d174187b95d11bc476ad15dc734029b9b5d,2026-08-09T11:15:25.053849+00:00
7651230286125990450,高招有“招”｜6月14日9:00，广东工业大学专场播出,0.0,0,external_positive,D,固定 provider + 关闭 reasoning,1,18,Alibaba,deepseek/deepseek-v4-flash,False,message.content,18,18,,,gen-1786273457-ww5QNHQpYX0VXu34r5bS,stop,1.6023196019232273,1,ok,,54363de2d9b6a2ae9f97968bed6ae70c6a848f1224cc7f88ca76001b6969c5b2,eb51f9592fe14b76bc733386a0cd593fde88c782630a793842c68f64124f4452,3eb705c6c613f02363b0b1ce3074d5f6f7dbb70bf5ee68efac0bcd367b5c8b17,2026-08-09T11:04:18.039273+00:00
7651230286125990450,高招有“招”｜6月14日9:00，广东工业大学专场播出,0.0,0,external_positive,D,固定 provider + 关闭 reasoning,2,12,Alibaba,deepseek/deepseek-v4-flash,False,message.content,12,12,,,gen-1786273441-CPGAaGEuDR6UrWSYbaAq,stop,2.047936700284481,1,ok,,54363de2d9b6a2ae9f97968bed6ae70c6a848f1224cc7f88ca76001b6969c5b2,eb51f9592fe14b76bc733386a0cd593fde88c782630a793842c68f64124f4452,3eb705c6c613f02363b0b1ce3074d5f6f7dbb70bf5ee68efac0bcd367b5c8b17,2026-08-09T11:04:02.517693+00:00
7651230286125990450,高招有“招”｜6月14日9:00，广东工业大学专场播出,0.0,0,external_positive,D,固定 provider + 关闭 reasoning,3,15,Alibaba,deepseek/deepseek-v4-flash,False,message.content,15,15,,,gen-1786273446-nQwgkrzVL8zaaY26qCc9,stop,1.7946704998612404,1,ok,,54363de2d9b6a2ae9f97968bed6ae70c6a848f1224cc7f88ca76001b6969c5b2,eb51f9592fe14b76bc733386a0cd593fde88c782630a793842c68f64124f4452,3eb705c6c613f02363b0b1ce3074d5f6f7dbb70bf5ee68efac0bcd367b5c8b17,2026-08-09T11:04:07.201719+00:00
7651230286125990450,高招有“招”｜6月14日9:00，广东工业大学专场播出,0.0,0,external_positive,D,固定 provider + 关闭 reasoning,4,15,Alibaba,deepseek/deepseek-v4-flash,False,message.content,15,15,,,gen-1786273421-qC35NXHFv3pzZ00r4zM8,stop,2.5349924974143505,1,ok,,54363de2d9b6a2ae9f97968bed6ae70c6a848f1224cc7f88ca76001b6969c5b2,eb51f9592fe14b76bc733386a0cd593fde88c782630a793842c68f64124f4452,3eb705c6c613f02363b0b1ce3074d5f6f7dbb70bf5ee68efac0bcd367b5c8b17,2026-08-09T11:03:41.991085+00:00
7651230286125990450,高招有“招”｜6月14日9:00，广东工业大学专场播出,0.0,0,external_positive,D,固定 provider + 关闭 reasoning,5,15,Alibaba,deepseek/deepseek-v4-flash,False,message.content,15,15,,,gen-1786273450-iQtmmB2Sle6vtfiRVUdn,stop,1.5337752997875214,1,ok,,54363de2d9b6a2ae9f97968bed6ae70c6a848f1224cc7f88ca76001b6969c5b2,eb51f9592fe14b76bc733386a0cd593fde88c782630a793842c68f64124f4452,3eb705c6c613f02363b0b1ce3074d5f6f7dbb70bf5ee68efac0bcd367b5c8b17,2026-08-09T11:04:10.951795+00:00
7659340936928887336,大理巍山国家级流动科普试点工作圆满收官,55.0,2,external_positive,A,生产基线,1,55,Baidu,deepseek/deepseek-v4-flash,False,message.content,55,55,,,gen-1786274083-0Ve6zhh5U55WZ4LTmUg5,stop,36.92497710138559,1,ok,,cdbe0fd863c5bf230dfe4e3c0331cc2ff8ad51e3d1d4d5f3ba5e0a8589e06b9e,bb1338df8c5469c58890c784f94be3560d5353fd1d80b1157358f3eaf6d4e5d0,eab4811a9e99a06802d62286ad0fb2068cf78f3be216d4a566956f088a6d1b43,2026-08-09T11:15:19.235458+00:00
7659340936928887336,大理巍山国家级流动科普试点工作圆满收官,55.0,2,external_positive,A,生产基线,2,12,Alibaba,deepseek/deepseek-v4-flash,False,message.content,12,12,,,gen-1786273994-EDtlMJ3pK2NzQpNa5gKj,stop,35.98336470127106,1,ok,,cdbe0fd863c5bf230dfe4e3c0331cc2ff8ad51e3d1d4d5f3ba5e0a8589e06b9e,bb1338df8c5469c58890c784f94be3560d5353fd1d80b1157358f3eaf6d4e5d0,eab4811a9e99a06802d62286ad0fb2068cf78f3be216d4a566956f088a6d1b43,2026-08-09T11:13:49.654148+00:00
7659340936928887336,大理巍山国家级流动科普试点工作圆满收官,55.0,2,external_positive,A,生产基线,3,10,CoreWeave,deepseek/deepseek-v4-flash,False,message.content,10,10,,,gen-1786274148-28o2CcUZzMx8E1fQwaOm,stop,7.1506663002073765,1,ok,,cdbe0fd863c5bf230dfe4e3c0331cc2ff8ad51e3d1d4d5f3ba5e0a8589e06b9e,bb1338df8c5469c58890c784f94be3560d5353fd1d80b1157358f3eaf6d4e5d0,eab4811a9e99a06802d62286ad0fb2068cf78f3be216d4a566956f088a6d1b43,2026-08-09T11:15:54.159928+00:00
7659340936928887336,大理巍山国家级流动科普试点工作圆满收官,55.0,2,external_positive,A,生产基线,4,75,StreamLake,deepseek/deepseek-v4-flash,False,message.content,75,75,,,gen-1786274025-Ea9PjrZGLVfO95UGZrLh,stop,10.064247399568558,1,ok,,cdbe0fd863c5bf230dfe4e3c0331cc2ff8ad51e3d1d4d5f3ba5e0a8589e06b9e,bb1338df8c5469c58890c784f94be3560d5353fd1d80b1157358f3eaf6d4e5d0,eab4811a9e99a06802d62286ad0fb2068cf78f3be216d4a566956f088a6d1b43,2026-08-09T11:13:55.002659+00:00
7659340936928887336,大理巍山国家级流动科普试点工作圆满收官,55.0,2,external_positive,A,生产基线,5,45,Parasail,deepseek/deepseek-v4-flash,False,message.content,45,45,,,gen-1786274018-LnVnDhYjTeh2KJ5BGKnu,stop,21.481792099773884,1,ok,,cdbe0fd863c5bf230dfe4e3c0331cc2ff8ad51e3d1d4d5f3ba5e0a8589e06b9e,bb1338df8c5469c58890c784f94be3560d5353fd1d80b1157358f3eaf6d4e5d0,eab4811a9e99a06802d62286ad0fb2068cf78f3be216d4a566956f088a6d1b43,2026-08-09T11:13:59.396221+00:00
7659340936928887336,大理巍山国家级流动科普试点工作圆满收官,55.0,2,external_positive,D,固定 provider + 关闭 reasoning,1,22,Alibaba,deepseek/deepseek-v4-flash,False,message.content,22,22,,,gen-1786273444-nNe9qfzNVBsSNX15GuxA,stop,1.9507599994540215,1,ok,,cdbe0fd863c5bf230dfe4e3c0331cc2ff8ad51e3d1d4d5f3ba5e0a8589e06b9e,bb1338df8c5469c58890c784f94be3560d5353fd1d80b1157358f3eaf6d4e5d0,fafcc1b727e1448b782247b466226ec6d69074c2cf390ba754d7b0f867c205b7,2026-08-09T11:04:05.260211+00:00
7659340936928887336,大理巍山国家级流动科普试点工作圆满收官,55.0,2,external_positive,D,固定 provider + 关闭 reasoning,2,42,Alibaba,deepseek/deepseek-v4-flash,False,message.content,42,42,,,gen-1786273459-EuPysJgOvydTCrOL4NXL,stop,2.534992601722479,1,ok,,cdbe0fd863c5bf230dfe4e3c0331cc2ff8ad51e3d1d4d5f3ba5e0a8589e06b9e,bb1338df8c5469c58890c784f94be3560d5353fd1d80b1157358f3eaf6d4e5d0,fafcc1b727e1448b782247b466226ec6d69074c2cf390ba754d7b0f867c205b7,2026-08-09T11:04:19.919858+00:00
7659340936928887336,大理巍山国家级流动科普试点工作圆满收官,55.0,2,external_positive,D,固定 provider + 关闭 reasoning,3,15,Alibaba,deepseek/deepseek-v4-flash,False,message.content,15,15,,,gen-1786273458-yBW4QCNCHUM5abkMdtNr,stop,1.953372798860073,1,ok,,cdbe0fd863c5bf230dfe4e3c0331cc2ff8ad51e3d1d4d5f3ba5e0a8589e06b9e,bb1338df8c5469c58890c784f94be3560d5353fd1d80b1157358f3eaf6d4e5d0,fafcc1b727e1448b782247b466226ec6d69074c2cf390ba754d7b0f867c205b7,2026-08-09T11:04:19.068999+00:00
7659340936928887336,大理巍山国家级流动科普试点工作圆满收官,55.0,2,external_positive,D,固定 provider + 关闭 reasoning,4,15,Alibaba,deepseek/deepseek-v4-flash,False,message.content,15,15,,,gen-1786273423-JgGZJmrRrm2zEo8Fu98W,stop,2.3798458985984325,1,ok,,cdbe0fd863c5bf230dfe4e3c0331cc2ff8ad51e3d1d4d5f3ba5e0a8589e06b9e,bb1338df8c5469c58890c784f94be3560d5353fd1d80b1157358f3eaf6d4e5d0,fafcc1b727e1448b782247b466226ec6d69074c2cf390ba754d7b0f867c205b7,2026-08-09T11:03:44.436897+00:00
7659340936928887336,大理巍山国家级流动科普试点工作圆满收官,55.0,2,external_positive,D,固定 provider + 关闭 reasoning,5,72,Alibaba,deepseek/deepseek-v4-flash,False,message.content,72,72,,,gen-1786273446-Df0CVDBgF0ySBjr7FikY,stop,2.17218180000782,1,ok,,cdbe0fd863c5bf230dfe4e3c0331cc2ff8ad51e3d1d4d5f3ba5e0a8589e06b9e,bb1338df8c5469c58890c784f94be3560d5353fd1d80b1157358f3eaf6d4e5d0,fafcc1b727e1448b782247b466226ec6d69074c2cf390ba754d7b0f867c205b7,2026-08-09T11:04:07.680499+00:00
7661199314286346815,甘肃人社：多举措助力就业创业梦想拔节生长,20.0,1,external_positive,A,生产基线,1,0,CoreWeave,deepseek/deepseek-v4-flash,False,message.content,0,0,,,gen-1786274143-KdgHQ9RxAekI8F3Whm9r,stop,4.8423611000180244,1,ok,,1b77b1e3d64afb50e57d8c86ccd3b787bb7be846b36a28dc8fbca59e921fa10e,309bdd3e358d3b2587d9addf778c896944917e17dd52054d3f0f1912c8b02f7b,b336248df2e5a766f46867950ee7096cd394be91cc380b99b89759f110cebed4,2026-08-09T11:15:47.007849+00:00
7661199314286346815,甘肃人社：多举措助力就业创业梦想拔节生长,20.0,1,external_positive,A,生产基线,2,5,CoreWeave,deepseek/deepseek-v4-flash,False,message.content,5,5,,,gen-1786274148-DWE7hlZ9ZBwzfCrRccKj,stop,2.937855299562216,1,ok,,1b77b1e3d64afb50e57d8c86ccd3b787bb7be846b36a28dc8fbca59e921fa10e,309bdd3e358d3b2587d9addf778c896944917e17dd52054d3f0f1912c8b02f7b,b336248df2e5a766f46867950ee7096cd394be91cc380b99b89759f110cebed4,2026-08-09T11:15:50.621355+00:00
7661199314286346815,甘肃人社：多举措助力就业创业梦想拔节生长,20.0,1,external_positive,A,生产基线,3,5,Parasail,deepseek/deepseek-v4-flash,False,message.content,5,5,,,gen-1786274040-CDKOEeCkQgugajc76Ddq,stop,3.549600999802351,1,ok,,1b77b1e3d64afb50e57d8c86ccd3b787bb7be846b36a28dc8fbca59e921fa10e,309bdd3e358d3b2587d9addf778c896944917e17dd52054d3f0f1912c8b02f7b,b336248df2e5a766f46867950ee7096cd394be91cc380b99b89759f110cebed4,2026-08-09T11:14:02.947268+00:00
7661199314286346815,甘肃人社：多举措助力就业创业梦想拔节生长,20.0,1,external_positive,A,生产基线,4,5,CoreWeave,deepseek/deepseek-v4-flash,False,message.content,5,5,,,gen-1786274139-rvyCiWDPbqTArSzca8Je,stop,3.2806835994124413,1,ok,,1b77b1e3d64afb50e57d8c86ccd3b787bb7be846b36a28dc8fbca59e921fa10e,309bdd3e358d3b2587d9addf778c896944917e17dd52054d3f0f1912c8b02f7b,b336248df2e5a766f46867950ee7096cd394be91cc380b99b89759f110cebed4,2026-08-09T11:15:42.051567+00:00
7661199314286346815,甘肃人社：多举措助力就业创业梦想拔节生长,20.0,1,external_positive,A,生产基线,5,10,Parasail,deepseek/deepseek-v4-flash,False,message.content,10,10,,,gen-1786274042-Uppf7FVd8DMW79TWwy5F,stop,3.280663199722767,1,ok,,1b77b1e3d64afb50e57d8c86ccd3b787bb7be846b36a28dc8fbca59e921fa10e,309bdd3e358d3b2587d9addf778c896944917e17dd52054d3f0f1912c8b02f7b,b336248df2e5a766f46867950ee7096cd394be91cc380b99b89759f110cebed4,2026-08-09T11:14:05.081695+00:00
7661199314286346815,甘肃人社：多举措助力就业创业梦想拔节生长,20.0,1,external_positive,D,固定 provider + 关闭 reasoning,1,0,Alibaba,deepseek/deepseek-v4-flash,False,message.content,0,0,,,gen-1786273459-wRN2PKndvvQFz2CxaWKQ,stop,1.8046257980167866,1,ok,,1b77b1e3d64afb50e57d8c86ccd3b787bb7be846b36a28dc8fbca59e921fa10e,309bdd3e358d3b2587d9addf778c896944917e17dd52054d3f0f1912c8b02f7b,64b4de3b52581f33d975e3d62a22bfc3aeefa84c9e7ef91b6fb494755b2fbfa9,2026-08-09T11:04:19.845346+00:00
7661199314286346815,甘肃人社：多举措助力就业创业梦想拔节生长,20.0,1,external_positive,D,固定 provider + 关闭 reasoning,2,19,Alibaba,deepseek/deepseek-v4-flash,False,message.content,19,19,,,gen-1786273455-gXYCN5oGzAq2Tiikm36N,stop,1.834629099816084,1,ok,,1b77b1e3d64afb50e57d8c86ccd3b787bb7be846b36a28dc8fbca59e921fa10e,309bdd3e358d3b2587d9addf778c896944917e17dd52054d3f0f1912c8b02f7b,64b4de3b52581f33d975e3d62a22bfc3aeefa84c9e7ef91b6fb494755b2fbfa9,2026-08-09T11:04:16.435570+00:00
7661199314286346815,甘肃人社：多举措助力就业创业梦想拔节生长,20.0,1,external_positive,D,固定 provider + 关闭 reasoning,3,0,Alibaba,deepseek/deepseek-v4-flash,False,message.content,0,0,,,gen-1786273435-4PzaxzpXDSqsPa4HU5Fi,stop,1.7812185995280743,1,ok,,1b77b1e3d64afb50e57d8c86ccd3b787bb7be846b36a28dc8fbca59e921fa10e,309bdd3e358d3b2587d9addf778c896944917e17dd52054d3f0f1912c8b02f7b,64b4de3b52581f33d975e3d62a22bfc3aeefa84c9e7ef91b6fb494755b2fbfa9,2026-08-09T11:03:56.432039+00:00
7661199314286346815,甘肃人社：多举措助力就业创业梦想拔节生长,20.0,1,external_positive,D,固定 provider + 关闭 reasoning,4,19,Alibaba,deepseek/deepseek-v4-flash,False,message.content,19,19,,,gen-1786273430-ewORJSvcfclowc0Wdwra,stop,2.2143451012670994,1,ok,,1b77b1e3d64afb50e57d8c86ccd3b787bb7be846b36a28dc8fbca59e921fa10e,309bdd3e358d3b2587d9addf778c896944917e17dd52054d3f0f1912c8b02f7b,64b4de3b52581f33d975e3d62a22bfc3aeefa84c9e7ef91b6fb494755b2fbfa9,2026-08-09T11:03:51.453415+00:00
7661199314286346815,甘肃人社：多举措助力就业创业梦想拔节生长,20.0,1,external_positive,D,固定 provider + 关闭 reasoning,5,15,Alibaba,deepseek/deepseek-v4-flash,False,message.content,15,15,,,gen-1786273425-ttXwFmiaaxtHV6Qr90dB,stop,1.702404998242855,1,ok,,1b77b1e3d64afb50e57d8c86ccd3b787bb7be846b36a28dc8fbca59e921fa10e,309bdd3e358d3b2587d9addf778c896944917e17dd52054d3f0f1912c8b02f7b,64b4de3b52581f33d975e3d62a22bfc3aeefa84c9e7ef91b6fb494755b2fbfa9,2026-08-09T11:03:45.853837+00:00
7669612823345725978,从“看娃”到“育人”江苏2253个公益暑托班提质升级,90.0,4,external_positive,A,生产基线,1,85,CoreWeave,deepseek/deepseek-v4-flash,False,message.content,85,85,,,gen-1786274109-STbOr5EXKyEuVSPUOzte,stop,7.84920009970665,1,ok,,bf45c8aaf031640b376d5a9ed4d638dadc79085a5949643033dc8609b9e885c3,71c1f9c977a60dbe0cab3c4fb6f152e7789070a7a9ab90c9b65716ac9577dfa3,696feacbebb913bcb1f82d94cd91b3e58c1138be4170b0f57a29f09a08e0e5b0,2026-08-09T11:15:16.567621+00:00
7669612823345725978,从“看娃”到“育人”江苏2253个公益暑托班提质升级,90.0,4,external_positive,A,生产基线,2,85,CoreWeave,deepseek/deepseek-v4-flash,False,message.content,85,85,,,gen-1786274046-JwpdHQcBv4iq13Bsa4l9,stop,10.107182499021292,1,ok,,bf45c8aaf031640b376d5a9ed4d638dadc79085a5949643033dc8609b9e885c3,71c1f9c977a60dbe0cab3c4fb6f152e7789070a7a9ab90c9b65716ac9577dfa3,696feacbebb913bcb1f82d94cd91b3e58c1138be4170b0f57a29f09a08e0e5b0,2026-08-09T11:14:15.458517+00:00
7669612823345725978,从“看娃”到“育人”江苏2253个公益暑托班提质升级,90.0,4,external_positive,A,生产基线,3,85,CoreWeave,deepseek/deepseek-v4-flash,False,message.content,85,85,,,gen-1786274056-l0vY9nGPAkkp1yBY72p9,stop,8.232196599245071,1,ok,,bf45c8aaf031640b376d5a9ed4d638dadc79085a5949643033dc8609b9e885c3,71c1f9c977a60dbe0cab3c4fb6f152e7789070a7a9ab90c9b65716ac9577dfa3,696feacbebb913bcb1f82d94cd91b3e58c1138be4170b0f57a29f09a08e0e5b0,2026-08-09T11:14:23.094616+00:00
7669612823345725978,从“看娃”到“育人”江苏2253个公益暑托班提质升级,90.0,4,external_positive,A,生产基线,4,88,CoreWeave,deepseek/deepseek-v4-flash,False,message.content,88,88,,,gen-1786274131-zDGqmA8Ia1m1zpwfw8q7,stop,11.105500500649214,1,ok,,bf45c8aaf031640b376d5a9ed4d638dadc79085a5949643033dc8609b9e885c3,71c1f9c977a60dbe0cab3c4fb6f152e7789070a7a9ab90c9b65716ac9577dfa3,696feacbebb913bcb1f82d94cd91b3e58c1138be4170b0f57a29f09a08e0e5b0,2026-08-09T11:15:41.095384+00:00
7669612823345725978,从“看娃”到“育人”江苏2253个公益暑托班提质升级,90.0,4,external_positive,A,生产基线,5,90,CoreWeave,deepseek/deepseek-v4-flash,False,message.content,90,90,,,gen-1786274123-ZZ3XG1lRXfZg8vrr1TVz,stop,10.8068211004138,1,ok,,bf45c8aaf031640b376d5a9ed4d638dadc79085a5949643033dc8609b9e885c3,71c1f9c977a60dbe0cab3c4fb6f152e7789070a7a9ab90c9b65716ac9577dfa3,696feacbebb913bcb1f82d94cd91b3e58c1138be4170b0f57a29f09a08e0e5b0,2026-08-09T11:15:33.646052+00:00
7669612823345725978,从“看娃”到“育人”江苏2253个公益暑托班提质升级,90.0,4,external_positive,D,固定 provider + 关闭 reasoning,1,82,Alibaba,deepseek/deepseek-v4-flash,False,message.content,82,82,,,gen-1786273435-k0kRWvieeJspMXN9mFQ5,stop,1.818759098649025,1,ok,,bf45c8aaf031640b376d5a9ed4d638dadc79085a5949643033dc8609b9e885c3,71c1f9c977a60dbe0cab3c4fb6f152e7789070a7a9ab90c9b65716ac9577dfa3,c5b8b3e511f0d432d277453754b776d9421fc221f60bdc6c67f9f956b1227767,2026-08-09T11:03:55.629956+00:00
7669612823345725978,从“看娃”到“育人”江苏2253个公益暑托班提质升级,90.0,4,external_positive,D,固定 provider + 关闭 reasoning,2,85,Alibaba,deepseek/deepseek-v4-flash,False,message.content,85,85,,,gen-1786273448-hfvHV4YcBFC332CrceRv,stop,1.6613737009465694,1,ok,,bf45c8aaf031640b376d5a9ed4d638dadc79085a5949643033dc8609b9e885c3,71c1f9c977a60dbe0cab3c4fb6f152e7789070a7a9ab90c9b65716ac9577dfa3,c5b8b3e511f0d432d277453754b776d9421fc221f60bdc6c67f9f956b1227767,2026-08-09T11:04:08.731008+00:00
7669612823345725978,从“看娃”到“育人”江苏2253个公益暑托班提质升级,90.0,4,external_positive,D,固定 provider + 关闭 reasoning,3,82,Alibaba,deepseek/deepseek-v4-flash,False,message.content,82,82,,,gen-1786273442-HndTfAxLGw5l6KEbl5FB,stop,1.8385249003767967,1,ok,,bf45c8aaf031640b376d5a9ed4d638dadc79085a5949643033dc8609b9e885c3,71c1f9c977a60dbe0cab3c4fb6f152e7789070a7a9ab90c9b65716ac9577dfa3,c5b8b3e511f0d432d277453754b776d9421fc221f60bdc6c67f9f956b1227767,2026-08-09T11:04:03.308169+00:00
7669612823345725978,从“看娃”到“育人”江苏2253个公益暑托班提质升级,90.0,4,external_positive,D,固定 provider + 关闭 reasoning,4,82,Alibaba,deepseek/deepseek-v4-flash,False,message.content,82,82,,,gen-1786273438-YFsOP7IRgq5oO4KDhx2I,stop,1.4086157009005547,1,ok,,bf45c8aaf031640b376d5a9ed4d638dadc79085a5949643033dc8609b9e885c3,71c1f9c977a60dbe0cab3c4fb6f152e7789070a7a9ab90c9b65716ac9577dfa3,c5b8b3e511f0d432d277453754b776d9421fc221f60bdc6c67f9f956b1227767,2026-08-09T11:03:58.743992+00:00
7669612823345725978,从“看娃”到“育人”江苏2253个公益暑托班提质升级,90.0,4,external_positive,D,固定 provider + 关闭 reasoning,5,85,Alibaba,deepseek/deepseek-v4-flash,False,message.content,85,85,,,gen-1786273457-DXXNjkpCZw4UohOXBSwP,stop,1.797690000385046,1,ok,,bf45c8aaf031640b376d5a9ed4d638dadc79085a5949643033dc8609b9e885c3,71c1f9c977a60dbe0cab3c4fb6f152e7789070a7a9ab90c9b65716ac9577dfa3,c5b8b3e511f0d432d277453754b776d9421fc221f60bdc6c67f9f956b1227767,2026-08-09T11:04:17.657073+00:00
7671161332351156799,新中国成立初期中国哲学社会科学的发展,0.0,0,internal_positive,A,生产基线,1,10,Alibaba,deepseek/deepseek-v4-flash,False,message.content,10,10,,,gen-1786274077-S31tmA28eJ0GawcXMarR,stop,3.811039600521326,1,ok,,dcff9d459b39b193b006950e2c873c30b98480dfe839a9055bb05991bc99bced,f145766aa13532730f25efd130873dcc08d0b57244fcb8d1562f01cce0f538cb,c7d66033061e35ad64e328162043ebf87a0eb859397f7d456558d7989c8ce7f9,2026-08-09T11:14:40.068827+00:00
7671161332351156799,新中国成立初期中国哲学社会科学的发展,0.0,0,internal_positive,A,生产基线,2,0,Alibaba,deepseek/deepseek-v4-flash,False,message.content,0,0,,,gen-1786273999-yuaa1iIfjTLiwXB3BMdd,stop,3.7772039994597435,1,ok,,dcff9d459b39b193b006950e2c873c30b98480dfe839a9055bb05991bc99bced,f145766aa13532730f25efd130873dcc08d0b57244fcb8d1562f01cce0f538cb,c7d66033061e35ad64e328162043ebf87a0eb859397f7d456558d7989c8ce7f9,2026-08-09T11:13:22.461665+00:00
7671161332351156799,新中国成立初期中国哲学社会科学的发展,0.0,0,internal_positive,A,生产基线,3,0,Alibaba,deepseek/deepseek-v4-flash,False,message.content,0,0,,,gen-1786274049-VOsqVBVcw3i7gvmTaVYK,stop,4.537612397223711,1,ok,,dcff9d459b39b193b006950e2c873c30b98480dfe839a9055bb05991bc99bced,f145766aa13532730f25efd130873dcc08d0b57244fcb8d1562f01cce0f538cb,c7d66033061e35ad64e328162043ebf87a0eb859397f7d456558d7989c8ce7f9,2026-08-09T11:14:13.262110+00:00
7671161332351156799,新中国成立初期中国哲学社会科学的发展,0.0,0,internal_positive,A,生产基线,4,5,Alibaba,deepseek/deepseek-v4-flash,False,message.content,5,5,,,gen-1786274147-g2MmJBIazOWo3leqguqc,stop,3.9774150997400284,1,ok,,dcff9d459b39b193b006950e2c873c30b98480dfe839a9055bb05991bc99bced,f145766aa13532730f25efd130873dcc08d0b57244fcb8d1562f01cce0f538cb,c7d66033061e35ad64e328162043ebf87a0eb859397f7d456558d7989c8ce7f9,2026-08-09T11:15:49.881266+00:00
7671161332351156799,新中国成立初期中国哲学社会科学的发展,0.0,0,internal_positive,A,生产基线,5,0,Alibaba,deepseek/deepseek-v4-flash,False,message.content,0,0,,,gen-1786274088-esZA1vfRpYFllKJXoy1M,stop,5.840563502162695,1,ok,,dcff9d459b39b193b006950e2c873c30b98480dfe839a9055bb05991bc99bced,f145766aa13532730f25efd130873dcc08d0b57244fcb8d1562f01cce0f538cb,c7d66033061e35ad64e328162043ebf87a0eb859397f7d456558d7989c8ce7f9,2026-08-09T11:14:53.222312+00:00
7671161332351156799,新中国成立初期中国哲学社会科学的发展,0.0,0,internal_positive,D,固定 provider + 关闭 reasoning,1,0,Alibaba,deepseek/deepseek-v4-flash,False,message.content,0,0,,,gen-1786273440-1Hy5n6aKFlSu2nwLpU0W,stop,1.9195585995912552,1,ok,,dcff9d459b39b193b006950e2c873c30b98480dfe839a9055bb05991bc99bced,f145766aa13532730f25efd130873dcc08d0b57244fcb8d1562f01cce0f538cb,bb5cf03ca84f686b2cc5ad89548de5c86610d05d64df45e6f53d0c34a63a7835,2026-08-09T11:04:00.686432+00:00
7671161332351156799,新中国成立初期中国哲学社会科学的发展,0.0,0,internal_positive,D,固定 provider + 关闭 reasoning,2,0,Alibaba,deepseek/deepseek-v4-flash,False,message.content,0,0,,,gen-1786273458-lwuVpBKWpJxQ7J18Jcfd,stop,1.8384291008114815,1,ok,,dcff9d459b39b193b006950e2c873c30b98480dfe839a9055bb05991bc99bced,f145766aa13532730f25efd130873dcc08d0b57244fcb8d1562f01cce0f538cb,bb5cf03ca84f686b2cc5ad89548de5c86610d05d64df45e6f53d0c34a63a7835,2026-08-09T11:04:18.947092+00:00
7671161332351156799,新中国成立初期中国哲学社会科学的发展,0.0,0,internal_positive,D,固定 provider + 关闭 reasoning,3,19,Alibaba,deepseek/deepseek-v4-flash,False,message.content,19,19,,,gen-1786273441-a0MWWm7TtCIQBp1UqKuB,stop,1.6042733006179333,1,ok,,dcff9d459b39b193b006950e2c873c30b98480dfe839a9055bb05991bc99bced,f145766aa13532730f25efd130873dcc08d0b57244fcb8d1562f01cce0f538cb,bb5cf03ca84f686b2cc5ad89548de5c86610d05d64df45e6f53d0c34a63a7835,2026-08-09T11:04:01.943140+00:00
7671161332351156799,新中国成立初期中国哲学社会科学的发展,0.0,0,internal_positive,D,固定 provider + 关闭 reasoning,4,0,Alibaba,deepseek/deepseek-v4-flash,False,message.content,0,0,,,gen-1786273423-NyUDfMApvob04SdCt6NQ,stop,2.604514501988888,1,ok,,dcff9d459b39b193b006950e2c873c30b98480dfe839a9055bb05991bc99bced,f145766aa13532730f25efd130873dcc08d0b57244fcb8d1562f01cce0f538cb,bb5cf03ca84f686b2cc5ad89548de5c86610d05d64df45e6f53d0c34a63a7835,2026-08-09T11:03:44.616168+00:00
7671161332351156799,新中国成立初期中国哲学社会科学的发展,0.0,0,internal_positive,D,固定 provider + 关闭 reasoning,5,0,Alibaba,deepseek/deepseek-v4-flash,False,message.content,0,0,,,gen-1786273435-suDM25ZgE22ew21anOo3,stop,1.9650950022041798,1,ok,,dcff9d459b39b193b006950e2c873c30b98480dfe839a9055bb05991bc99bced,f145766aa13532730f25efd130873dcc08d0b57244fcb8d1562f01cce0f538cb,bb5cf03ca84f686b2cc5ad89548de5c86610d05d64df45e6f53d0c34a63a7835,2026-08-09T11:03:55.821084+00:00
bjd:s6a733642e4b0e45f3fd5aa33,市政府召开常务会议，研究“十五五”时期北京推进国际科技创新中心建设等事项,0.0,0,internal_positive,D,固定 provider + 关闭 reasoning,1,85,Alibaba,deepseek/deepseek-v4-flash,False,message.content,85,85,,,gen-1786273435-TfTxQeBbbkIEdPq4RgFl,stop,1.8217519968748093,1,ok,,d642ea42ba312d6ac101d078407ffb44315893b8aeb07565776ba3c06ebd5744,d80c1fa3aae71f5544ae61e99cb6c4e809fa4cedb02247ecb6ba5f216a44ff30,5ce2afc3cec7a5155fe7a5321887a51f85f3cac2344b375d7d030850660e7609,2026-08-09T11:03:55.590571+00:00
bjd:s6a733642e4b0e45f3fd5aa33,市政府召开常务会议，研究“十五五”时期北京推进国际科技创新中心建设等事项,0.0,0,internal_positive,D,固定 provider + 关闭 reasoning,2,85,Alibaba,deepseek/deepseek-v4-flash,False,message.content,85,85,,,gen-1786273435-suHaz5mwR1reGEjL7Clp,stop,1.7754727005958557,1,ok,,d642ea42ba312d6ac101d078407ffb44315893b8aeb07565776ba3c06ebd5744,d80c1fa3aae71f5544ae61e99cb6c4e809fa4cedb02247ecb6ba5f216a44ff30,5ce2afc3cec7a5155fe7a5321887a51f85f3cac2344b375d7d030850660e7609,2026-08-09T11:03:56.257884+00:00
bjd:s6a733642e4b0e45f3fd5aa33,市政府召开常务会议，研究“十五五”时期北京推进国际科技创新中心建设等事项,0.0,0,internal_positive,D,固定 provider + 关闭 reasoning,3,85,Alibaba,deepseek/deepseek-v4-flash,False,message.content,85,85,,,gen-1786273456-ITExeDVWdxDIm7HCdAye,stop,2.1317362003028393,1,ok,,d642ea42ba312d6ac101d078407ffb44315893b8aeb07565776ba3c06ebd5744,d80c1fa3aae71f5544ae61e99cb6c4e809fa4cedb02247ecb6ba5f216a44ff30,5ce2afc3cec7a5155fe7a5321887a51f85f3cac2344b375d7d030850660e7609,2026-08-09T11:04:17.382850+00:00
bjd:s6a733642e4b0e45f3fd5aa33,市政府召开常务会议，研究“十五五”时期北京推进国际科技创新中心建设等事项,0.0,0,internal_positive,D,固定 provider + 关闭 reasoning,4,85,Alibaba,deepseek/deepseek-v4-flash,False,message.content,85,85,,,gen-1786273437-TPlSPP97zC0lViEhyoK9,stop,2.0078504011034966,1,ok,,d642ea42ba312d6ac101d078407ffb44315893b8aeb07565776ba3c06ebd5744,d80c1fa3aae71f5544ae61e99cb6c4e809fa4cedb02247ecb6ba5f216a44ff30,5ce2afc3cec7a5155fe7a5321887a51f85f3cac2344b375d7d030850660e7609,2026-08-09T11:03:58.441271+00:00
bjd:s6a733642e4b0e45f3fd5aa33,市政府召开常务会议，研究“十五五”时期北京推进国际科技创新中心建设等事项,0.0,0,internal_positive,D,固定 provider + 关闭 reasoning,5,85,Alibaba,deepseek/deepseek-v4-flash,False,message.content,85,85,,,gen-1786273454-o9mBY8NnVDtiHgKauv9P,stop,1.891881700605154,1,ok,,d642ea42ba312d6ac101d078407ffb44315893b8aeb07565776ba3c06ebd5744,d80c1fa3aae71f5544ae61e99cb6c4e809fa4cedb02247ecb6ba5f216a44ff30,5ce2afc3cec7a5155fe7a5321887a51f85f3cac2344b375d7d030850660e7609,2026-08-09T11:04:14.700473+00:00
chinanews:/gn/2026/05-10/10618741,以赛兴科普 第十三届重庆科普讲解大赛收官,45.0,2,external_positive,A,生产基线,1,15,CoreWeave,deepseek/deepseek-v4-flash,False,message.content,15,15,,,gen-1786274052-9IBEEl8My1s6WO6p4Owo,stop,3.4178879000246525,1,ok,,327f327f9e487df898dd3756fa4508e6f4813580ef81e657423c241d8fa3f5b1,112d1934e6518c7d0bdab58d1be669dae21832999d016e2705dfb28bc87c3a38,b717f2d6a8be045e45a7b48ce6b0f3a60300ae21e312a45152306bb2c91982a4,2026-08-09T11:14:14.861102+00:00
chinanews:/gn/2026/05-10/10618741,以赛兴科普 第十三届重庆科普讲解大赛收官,45.0,2,external_positive,A,生产基线,2,55,StreamLake,deepseek/deepseek-v4-flash,False,message.content,55,55,,,gen-1786274082-tJwSyspsPA2rOzNbInlU,stop,7.912885200232267,1,ok,,327f327f9e487df898dd3756fa4508e6f4813580ef81e657423c241d8fa3f5b1,112d1934e6518c7d0bdab58d1be669dae21832999d016e2705dfb28bc87c3a38,b717f2d6a8be045e45a7b48ce6b0f3a60300ae21e312a45152306bb2c91982a4,2026-08-09T11:14:49.388447+00:00
chinanews:/gn/2026/05-10/10618741,以赛兴科普 第十三届重庆科普讲解大赛收官,45.0,2,external_positive,A,生产基线,3,45,StreamLake,deepseek/deepseek-v4-flash,False,message.content,45,45,,,gen-1786274081-2mkxXsozZIrc4NYzz78p,stop,7.310168601572514,1,ok,,327f327f9e487df898dd3756fa4508e6f4813580ef81e657423c241d8fa3f5b1,112d1934e6518c7d0bdab58d1be669dae21832999d016e2705dfb28bc87c3a38,b717f2d6a8be045e45a7b48ce6b0f3a60300ae21e312a45152306bb2c91982a4,2026-08-09T11:14:47.380385+00:00
chinanews:/gn/2026/05-10/10618741,以赛兴科普 第十三届重庆科普讲解大赛收官,45.0,2,external_positive,A,生产基线,4,45,Cloudflare,deepseek/deepseek-v4-flash,False,message.content,45,45,,,gen-1786274001-zpKOSb1RioVdm8VTKAeg,stop,4.832414899021387,1,ok,,327f327f9e487df898dd3756fa4508e6f4813580ef81e657423c241d8fa3f5b1,112d1934e6518c7d0bdab58d1be669dae21832999d016e2705dfb28bc87c3a38,b717f2d6a8be045e45a7b48ce6b0f3a60300ae21e312a45152306bb2c91982a4,2026-08-09T11:13:25.052371+00:00
chinanews:/gn/2026/05-10/10618741,以赛兴科普 第十三届重庆科普讲解大赛收官,45.0,2,external_positive,A,生产基线,5,5,Alibaba,deepseek/deepseek-v4-flash,False,message.content,5,5,,,gen-1786274067-M1XpYmli163KP9id88iF,stop,3.427624501287937,1,ok,,327f327f9e487df898dd3756fa4508e6f4813580ef81e657423c241d8fa3f5b1,112d1934e6518c7d0bdab58d1be669dae21832999d016e2705dfb28bc87c3a38,b717f2d6a8be045e45a7b48ce6b0f3a60300ae21e312a45152306bb2c91982a4,2026-08-09T11:14:30.105440+00:00
chinanews:/gn/2026/05-10/10618741,以赛兴科普 第十三届重庆科普讲解大赛收官,45.0,2,external_positive,D,固定 provider + 关闭 reasoning,1,25,Alibaba,deepseek/deepseek-v4-flash,False,message.content,25,25,,,gen-1786273421-FMAR4EOkxP1oOiFtJF9s,stop,2.595497600734234,1,ok,,327f327f9e487df898dd3756fa4508e6f4813580ef81e657423c241d8fa3f5b1,112d1934e6518c7d0bdab58d1be669dae21832999d016e2705dfb28bc87c3a38,bc09388ea79a3c9894e480d837086a666d557d3bdf1d6f24a11fb9c2ea0bdf12,2026-08-09T11:03:42.055656+00:00
chinanews:/gn/2026/05-10/10618741,以赛兴科普 第十三届重庆科普讲解大赛收官,45.0,2,external_positive,D,固定 provider + 关闭 reasoning,2,25,Alibaba,deepseek/deepseek-v4-flash,False,message.content,25,25,,,gen-1786273423-m3jCe1tdSk7Ijs4cytzY,stop,2.3707581013441086,1,ok,,327f327f9e487df898dd3756fa4508e6f4813580ef81e657423c241d8fa3f5b1,112d1934e6518c7d0bdab58d1be669dae21832999d016e2705dfb28bc87c3a38,bc09388ea79a3c9894e480d837086a666d557d3bdf1d6f24a11fb9c2ea0bdf12,2026-08-09T11:03:44.363196+00:00
chinanews:/gn/2026/05-10/10618741,以赛兴科普 第十三届重庆科普讲解大赛收官,45.0,2,external_positive,D,固定 provider + 关闭 reasoning,3,25,Alibaba,deepseek/deepseek-v4-flash,False,message.content,25,25,,,gen-1786273454-264QzA4fxMH32QrTUkIH,stop,2.063979599624872,1,ok,,327f327f9e487df898dd3756fa4508e6f4813580ef81e657423c241d8fa3f5b1,112d1934e6518c7d0bdab58d1be669dae21832999d016e2705dfb28bc87c3a38,bc09388ea79a3c9894e480d837086a666d557d3bdf1d6f24a11fb9c2ea0bdf12,2026-08-09T11:04:15.117332+00:00
chinanews:/gn/2026/05-10/10618741,以赛兴科普 第十三届重庆科普讲解大赛收官,45.0,2,external_positive,D,固定 provider + 关闭 reasoning,4,42,Alibaba,deepseek/deepseek-v4-flash,False,message.content,42,42,,,gen-1786273451-HQEwTqi1jN4j9daKWTXJ,stop,2.4559064023196697,1,ok,,327f327f9e487df898dd3756fa4508e6f4813580ef81e657423c241d8fa3f5b1,112d1934e6518c7d0bdab58d1be669dae21832999d016e2705dfb28bc87c3a38,bc09388ea79a3c9894e480d837086a666d557d3bdf1d6f24a11fb9c2ea0bdf12,2026-08-09T11:04:12.807205+00:00
chinanews:/gn/2026/05-10/10618741,以赛兴科普 第十三届重庆科普讲解大赛收官,45.0,2,external_positive,D,固定 provider + 关闭 reasoning,5,15,Alibaba,deepseek/deepseek-v4-flash,False,message.content,15,15,,,gen-1786273439-AVkUHe8Jy0wwTbBrrfhx,stop,1.9930179007351398,1,ok,,327f327f9e487df898dd3756fa4508e6f4813580ef81e657423c241d8fa3f5b1,112d1934e6518c7d0bdab58d1be669dae21832999d016e2705dfb28bc87c3a38,bc09388ea79a3c9894e480d837086a666d557d3bdf1d6f24a11fb9c2ea0bdf12,2026-08-09T11:03:59.873162+00:00
chinanews:/gn/2026/05-25/10627892,首届中国-巴尔干文化交流论坛在京举行,85.0,4,internal_positive,A,生产基线,1,55,Alibaba,deepseek/deepseek-v4-flash,False,message.content,55,55,,,gen-1786274113-ANZIS47x8V0IOBX8iFf1,stop,8.991350699216127,1,ok,,8ddce4cd0ae6976360cf160739217a1ff933b8a5ad941c80f0db04eeaed62e60,ce1cf992da1822fe1ebe72b082b103419dad8673a82065170c4bff8565d628c8,642ec354951f1cf78ed6128f83634be8d8992c925e6230c9e70f206567cdcdda,2026-08-09T11:15:21.573614+00:00
chinanews:/gn/2026/05-25/10627892,首届中国-巴尔干文化交流论坛在京举行,85.0,4,internal_positive,A,生产基线,2,60,Baidu,deepseek/deepseek-v4-flash,False,message.content,60,60,,,gen-1786273981-FrnqpDIZZp5AXNwPX6do,stop,10.219639800488949,1,ok,,8ddce4cd0ae6976360cf160739217a1ff933b8a5ad941c80f0db04eeaed62e60,ce1cf992da1822fe1ebe72b082b103419dad8673a82065170c4bff8565d628c8,642ec354951f1cf78ed6128f83634be8d8992c925e6230c9e70f206567cdcdda,2026-08-09T11:13:09.689832+00:00
chinanews:/gn/2026/05-25/10627892,首届中国-巴尔干文化交流论坛在京举行,85.0,4,internal_positive,A,生产基线,3,55,Alibaba,deepseek/deepseek-v4-flash,False,message.content,55,55,,,gen-1786274043-DqWS56yn6CmSq7yz9P51,stop,12.704044200479984,1,ok,,8ddce4cd0ae6976360cf160739217a1ff933b8a5ad941c80f0db04eeaed62e60,ce1cf992da1822fe1ebe72b082b103419dad8673a82065170c4bff8565d628c8,642ec354951f1cf78ed6128f83634be8d8992c925e6230c9e70f206567cdcdda,2026-08-09T11:14:15.045488+00:00
chinanews:/gn/2026/05-25/10627892,首届中国-巴尔干文化交流论坛在京举行,85.0,4,internal_positive,A,生产基线,4,60,Alibaba,deepseek/deepseek-v4-flash,False,message.content,60,60,,,gen-1786274059-m4sqHC5gvgUCUxZBtDlA,stop,9.889078598469496,1,ok,,8ddce4cd0ae6976360cf160739217a1ff933b8a5ad941c80f0db04eeaed62e60,ce1cf992da1822fe1ebe72b082b103419dad8673a82065170c4bff8565d628c8,642ec354951f1cf78ed6128f83634be8d8992c925e6230c9e70f206567cdcdda,2026-08-09T11:14:28.283094+00:00
chinanews:/gn/2026/05-25/10627892,首届中国-巴尔干文化交流论坛在京举行,85.0,4,internal_positive,A,生产基线,5,65,Alibaba,deepseek/deepseek-v4-flash,False,message.content,65,65,,,gen-1786274031-eqCFaJPsQqhtyP1YAygY,stop,10.459723003208637,1,ok,,8ddce4cd0ae6976360cf160739217a1ff933b8a5ad941c80f0db04eeaed62e60,ce1cf992da1822fe1ebe72b082b103419dad8673a82065170c4bff8565d628c8,642ec354951f1cf78ed6128f83634be8d8992c925e6230c9e70f206567cdcdda,2026-08-09T11:14:00.387692+00:00
chinanews:/gn/2026/05-25/10627892,首届中国-巴尔干文化交流论坛在京举行,85.0,4,internal_positive,D,固定 provider + 关闭 reasoning,1,15,Alibaba,deepseek/deepseek-v4-flash,False,message.content,15,15,,,gen-1786273431-VEOvWV7TbJ8KOnUYf35l,stop,2.4976356998085976,1,ok,,8ddce4cd0ae6976360cf160739217a1ff933b8a5ad941c80f0db04eeaed62e60,ce1cf992da1822fe1ebe72b082b103419dad8673a82065170c4bff8565d628c8,6632ec73b09db946ecde71ba6d7f012cfeead3c90ebe81450fba69626823858d,2026-08-09T11:03:52.007614+00:00
chinanews:/gn/2026/05-25/10627892,首届中国-巴尔干文化交流论坛在京举行,85.0,4,internal_positive,D,固定 provider + 关闭 reasoning,2,75,Alibaba,deepseek/deepseek-v4-flash,False,message.content,75,75,,,gen-1786273451-a7h9wG4x894j3PP27kS2,stop,2.1400134973227978,1,ok,,8ddce4cd0ae6976360cf160739217a1ff933b8a5ad941c80f0db04eeaed62e60,ce1cf992da1822fe1ebe72b082b103419dad8673a82065170c4bff8565d628c8,6632ec73b09db946ecde71ba6d7f012cfeead3c90ebe81450fba69626823858d,2026-08-09T11:04:12.406584+00:00
chinanews:/gn/2026/05-25/10627892,首届中国-巴尔干文化交流论坛在京举行,85.0,4,internal_positive,D,固定 provider + 关闭 reasoning,3,19,Alibaba,deepseek/deepseek-v4-flash,False,message.content,19,19,,,gen-1786273426-gPsyoynU2EQLzyotP2gX,stop,2.2123430967330933,1,ok,,8ddce4cd0ae6976360cf160739217a1ff933b8a5ad941c80f0db04eeaed62e60,ce1cf992da1822fe1ebe72b082b103419dad8673a82065170c4bff8565d628c8,6632ec73b09db946ecde71ba6d7f012cfeead3c90ebe81450fba69626823858d,2026-08-09T11:03:46.727910+00:00
chinanews:/gn/2026/05-25/10627892,首届中国-巴尔干文化交流论坛在京举行,85.0,4,internal_positive,D,固定 provider + 关闭 reasoning,4,19,Alibaba,deepseek/deepseek-v4-flash,False,message.content,19,19,,,gen-1786273432-1TtvgYOq3leEBlxXtzxg,stop,1.6312360987067223,1,ok,,8ddce4cd0ae6976360cf160739217a1ff933b8a5ad941c80f0db04eeaed62e60,ce1cf992da1822fe1ebe72b082b103419dad8673a82065170c4bff8565d628c8,6632ec73b09db946ecde71ba6d7f012cfeead3c90ebe81450fba69626823858d,2026-08-09T11:03:52.838551+00:00
chinanews:/gn/2026/05-25/10627892,首届中国-巴尔干文化交流论坛在京举行,85.0,4,internal_positive,D,固定 provider + 关闭 reasoning,5,65,Alibaba,deepseek/deepseek-v4-flash,False,message.content,65,65,,,gen-1786273455-xcaCBT4UVbGxzb9BACqH,stop,2.031793098896742,1,ok,,8ddce4cd0ae6976360cf160739217a1ff933b8a5ad941c80f0db04eeaed62e60,ce1cf992da1822fe1ebe72b082b103419dad8673a82065170c4bff8565d628c8,6632ec73b09db946ecde71ba6d7f012cfeead3c90ebe81450fba69626823858d,2026-08-09T11:04:16.599936+00:00
chinanews:/gn/shipin/2026/04-15/news1051477,AI视频·全民国家安全教育日｜一念之间,20.0,1,external_positive,A,生产基线,1,5,Alibaba,deepseek/deepseek-v4-flash,False,message.content,5,5,,,gen-1786274030-cRT2crY6AcpvyK5Yt6l3,stop,3.659052200615406,1,ok,,77e7e7a3aa5d9c83742ffcc258493f411eec1bf35dd17324d46be2ea810d00d0,88ed64401e1fbc41fcde90118d1b8c8935cb42cd5ec7890c132f2f27de407e1b,bc60c47c8844a7cf1a5c14810347b3d788877df358d3cb4d8de323f14649322a,2026-08-09T11:13:53.314604+00:00
chinanews:/gn/shipin/2026/04-15/news1051477,AI视频·全民国家安全教育日｜一念之间,20.0,1,external_positive,A,生产基线,2,10,StreamLake,deepseek/deepseek-v4-flash,False,message.content,10,10,,,gen-1786274068-6zOiW550JqCl1XCevFim,stop,6.753571599721909,1,ok,,77e7e7a3aa5d9c83742ffcc258493f411eec1bf35dd17324d46be2ea810d00d0,88ed64401e1fbc41fcde90118d1b8c8935cb42cd5ec7890c132f2f27de407e1b,bc60c47c8844a7cf1a5c14810347b3d788877df358d3cb4d8de323f14649322a,2026-08-09T11:14:33.997855+00:00
chinanews:/gn/shipin/2026/04-15/news1051477,AI视频·全民国家安全教育日｜一念之间,20.0,1,external_positive,A,生产基线,3,15,StreamLake,deepseek/deepseek-v4-flash,False,message.content,15,15,,,gen-1786274090-JXnK34TmtXktWHHWiTzd,stop,6.052600100636482,1,ok,,77e7e7a3aa5d9c83742ffcc258493f411eec1bf35dd17324d46be2ea810d00d0,88ed64401e1fbc41fcde90118d1b8c8935cb42cd5ec7890c132f2f27de407e1b,bc60c47c8844a7cf1a5c14810347b3d788877df358d3cb4d8de323f14649322a,2026-08-09T11:14:55.443114+00:00
chinanews:/gn/shipin/2026/04-15/news1051477,AI视频·全民国家安全教育日｜一念之间,20.0,1,external_positive,A,生产基线,4,10,Morph,deepseek/deepseek-v4-flash,False,message.content,10,10,,,gen-1786273981-ySOesWoEX633jauw0nFO,stop,19.20836390182376,1,ok,,77e7e7a3aa5d9c83742ffcc258493f411eec1bf35dd17324d46be2ea810d00d0,88ed64401e1fbc41fcde90118d1b8c8935cb42cd5ec7890c132f2f27de407e1b,bc60c47c8844a7cf1a5c14810347b3d788877df358d3cb4d8de323f14649322a,2026-08-09T11:13:18.682943+00:00
chinanews:/gn/shipin/2026/04-15/news1051477,AI视频·全民国家安全教育日｜一念之间,20.0,1,external_positive,A,生产基线,5,10,StreamLake,deepseek/deepseek-v4-flash,False,message.content,10,10,,,gen-1786274072-NeKUUVHGyylNhCaUpltR,stop,5.0222696997225285,1,ok,,77e7e7a3aa5d9c83742ffcc258493f411eec1bf35dd17324d46be2ea810d00d0,88ed64401e1fbc41fcde90118d1b8c8935cb42cd5ec7890c132f2f27de407e1b,bc60c47c8844a7cf1a5c14810347b3d788877df358d3cb4d8de323f14649322a,2026-08-09T11:14:36.338046+00:00
chinanews:/gn/shipin/2026/04-15/news1051477,AI视频·全民国家安全教育日｜一念之间,20.0,1,external_positive,D,固定 provider + 关闭 reasoning,1,0,Alibaba,deepseek/deepseek-v4-flash,False,message.content,0,0,,,gen-1786273440-vWLe01z4TLU2rFIIgWWg,stop,1.5939215011894703,1,ok,,77e7e7a3aa5d9c83742ffcc258493f411eec1bf35dd17324d46be2ea810d00d0,88ed64401e1fbc41fcde90118d1b8c8935cb42cd5ec7890c132f2f27de407e1b,209a513b8983c841c3f46bee94fe4b0bb038e56bb9d9d1634ae0dec4b5685bb4,2026-08-09T11:04:01.468384+00:00
chinanews:/gn/shipin/2026/04-15/news1051477,AI视频·全民国家安全教育日｜一念之间,20.0,1,external_positive,D,固定 provider + 关闭 reasoning,2,0,Alibaba,deepseek/deepseek-v4-flash,False,message.content,0,0,,,gen-1786273449-VYcnDp9KPYKZB1YWOscJ,stop,1.8399803005158901,1,ok,,77e7e7a3aa5d9c83742ffcc258493f411eec1bf35dd17324d46be2ea810d00d0,88ed64401e1fbc41fcde90118d1b8c8935cb42cd5ec7890c132f2f27de407e1b,209a513b8983c841c3f46bee94fe4b0bb038e56bb9d9d1634ae0dec4b5685bb4,2026-08-09T11:04:09.685704+00:00
chinanews:/gn/shipin/2026/04-15/news1051477,AI视频·全民国家安全教育日｜一念之间,20.0,1,external_positive,D,固定 provider + 关闭 reasoning,3,0,Alibaba,deepseek/deepseek-v4-flash,False,message.content,0,0,,,gen-1786273458-Yt371k9mCD25Du5yCb4N,stop,1.8133499994874,1,ok,,77e7e7a3aa5d9c83742ffcc258493f411eec1bf35dd17324d46be2ea810d00d0,88ed64401e1fbc41fcde90118d1b8c8935cb42cd5ec7890c132f2f27de407e1b,209a513b8983c841c3f46bee94fe4b0bb038e56bb9d9d1634ae0dec4b5685bb4,2026-08-09T11:04:19.471818+00:00
chinanews:/gn/shipin/2026/04-15/news1051477,AI视频·全民国家安全教育日｜一念之间,20.0,1,external_positive,D,固定 provider + 关闭 reasoning,4,0,Alibaba,deepseek/deepseek-v4-flash,False,message.content,0,0,,,gen-1786273450-hYWDFZxMaRh4xqDs54HL,stop,1.8415547981858253,1,ok,,77e7e7a3aa5d9c83742ffcc258493f411eec1bf35dd17324d46be2ea810d00d0,88ed64401e1fbc41fcde90118d1b8c8935cb42cd5ec7890c132f2f27de407e1b,209a513b8983c841c3f46bee94fe4b0bb038e56bb9d9d1634ae0dec4b5685bb4,2026-08-09T11:04:11.528630+00:00
chinanews:/gn/shipin/2026/04-15/news1051477,AI视频·全民国家安全教育日｜一念之间,20.0,1,external_positive,D,固定 provider + 关闭 reasoning,5,0,Alibaba,deepseek/deepseek-v4-flash,False,message.content,0,0,,,gen-1786273433-TtJCIeybgknLgo5NF9Bj,stop,2.0219608023762703,1,ok,,77e7e7a3aa5d9c83742ffcc258493f411eec1bf35dd17324d46be2ea810d00d0,88ed64401e1fbc41fcde90118d1b8c8935cb42cd5ec7890c132f2f27de407e1b,209a513b8983c841c3f46bee94fe4b0bb038e56bb9d9d1634ae0dec4b5685bb4,2026-08-09T11:03:54.258175+00:00
chinanews:/hr/2026/04-24/10610409,中国多地侨乡研学融合产业助力乡村振兴,20.0,1,internal_positive,A,生产基线,1,5,Alibaba,deepseek/deepseek-v4-flash,False,message.content,5,5,,,gen-1786274056-ZXTbJ8qsDz2LgpwyspYG,stop,4.888897601515055,1,ok,,5f42fec49d3f103b02f0e61d6d38dfc1533a2fb4959337d1d72066fb70b6e8a2,d96e1029e0a5e0678278982a49748c39729e5d738032efe05af7bb15a55d1b82,578c7cf4952f4d606916927036407083819e2f0ca22583354617984805a93994,2026-08-09T11:14:20.348771+00:00
chinanews:/hr/2026/04-24/10610409,中国多地侨乡研学融合产业助力乡村振兴,20.0,1,internal_positive,A,生产基线,2,0,Alibaba,deepseek/deepseek-v4-flash,False,message.content,0,0,,,gen-1786274044-VwOzFy206Z5mp0rq7Tyf,stop,6.237420503050089,1,ok,,5f42fec49d3f103b02f0e61d6d38dfc1533a2fb4959337d1d72066fb70b6e8a2,d96e1029e0a5e0678278982a49748c39729e5d738032efe05af7bb15a55d1b82,578c7cf4952f4d606916927036407083819e2f0ca22583354617984805a93994,2026-08-09T11:14:09.187133+00:00
chinanews:/hr/2026/04-24/10610409,中国多地侨乡研学融合产业助力乡村振兴,20.0,1,internal_positive,A,生产基线,3,5,Alibaba,deepseek/deepseek-v4-flash,False,message.content,5,5,,,gen-1786274077-2q5wKV5AqXOSQuP32ac4,stop,4.905564799904823,1,ok,,5f42fec49d3f103b02f0e61d6d38dfc1533a2fb4959337d1d72066fb70b6e8a2,d96e1029e0a5e0678278982a49748c39729e5d738032efe05af7bb15a55d1b82,578c7cf4952f4d606916927036407083819e2f0ca22583354617984805a93994,2026-08-09T11:14:41.245724+00:00
chinanews:/hr/2026/04-24/10610409,中国多地侨乡研学融合产业助力乡村振兴,20.0,1,internal_positive,A,生产基线,4,0,SiliconFlow,deepseek/deepseek-v4-flash,False,message.content,0,0,,,gen-1786273981-alRCw8kSEhZosnvvdXiv,stop,6.658698000013828,1,ok,,5f42fec49d3f103b02f0e61d6d38dfc1533a2fb4959337d1d72066fb70b6e8a2,d96e1029e0a5e0678278982a49748c39729e5d738032efe05af7bb15a55d1b82,578c7cf4952f4d606916927036407083819e2f0ca22583354617984805a93994,2026-08-09T11:13:06.127892+00:00
chinanews:/hr/2026/04-24/10610409,中国多地侨乡研学融合产业助力乡村振兴,20.0,1,internal_positive,A,生产基线,5,0,Alibaba,deepseek/deepseek-v4-flash,False,message.content,0,0,,,gen-1786274150-OimUIMCHNzqzsSRs0D4E,stop,4.520395200699568,1,ok,,5f42fec49d3f103b02f0e61d6d38dfc1533a2fb4959337d1d72066fb70b6e8a2,d96e1029e0a5e0678278982a49748c39729e5d738032efe05af7bb15a55d1b82,578c7cf4952f4d606916927036407083819e2f0ca22583354617984805a93994,2026-08-09T11:15:53.798123+00:00
chinanews:/hr/2026/04-24/10610409,中国多地侨乡研学融合产业助力乡村振兴,20.0,1,internal_positive,D,固定 provider + 关闭 reasoning,1,15,Alibaba,deepseek/deepseek-v4-flash,False,message.content,15,15,,,gen-1786273421-waTAkrMmTbLR1qiRCTlS,stop,2.6540625989437103,1,ok,,5f42fec49d3f103b02f0e61d6d38dfc1533a2fb4959337d1d72066fb70b6e8a2,d96e1029e0a5e0678278982a49748c39729e5d738032efe05af7bb15a55d1b82,672e8a0d815c65c8b57b77f64f818f7f25d6e9d7c4a223ff39ae2c6feeb35b01,2026-08-09T11:03:42.108289+00:00
chinanews:/hr/2026/04-24/10610409,中国多地侨乡研学融合产业助力乡村振兴,20.0,1,internal_positive,D,固定 provider + 关闭 reasoning,2,19,Alibaba,deepseek/deepseek-v4-flash,False,message.content,19,19,,,gen-1786273426-mcKAxz6zoXLnV8Ps0jxg,stop,2.2047208994627,1,ok,,5f42fec49d3f103b02f0e61d6d38dfc1533a2fb4959337d1d72066fb70b6e8a2,d96e1029e0a5e0678278982a49748c39729e5d738032efe05af7bb15a55d1b82,672e8a0d815c65c8b57b77f64f818f7f25d6e9d7c4a223ff39ae2c6feeb35b01,2026-08-09T11:03:46.932450+00:00
chinanews:/hr/2026/04-24/10610409,中国多地侨乡研学融合产业助力乡村振兴,20.0,1,internal_positive,D,固定 provider + 关闭 reasoning,3,15,Alibaba,deepseek/deepseek-v4-flash,False,message.content,15,15,,,gen-1786273459-dsRGMRjNiN9JWEcg42Gb,stop,1.5467500984668732,1,ok,,5f42fec49d3f103b02f0e61d6d38dfc1533a2fb4959337d1d72066fb70b6e8a2,d96e1029e0a5e0678278982a49748c39729e5d738032efe05af7bb15a55d1b82,672e8a0d815c65c8b57b77f64f818f7f25d6e9d7c4a223ff39ae2c6feeb35b01,2026-08-09T11:04:20.011310+00:00
chinanews:/hr/2026/04-24/10610409,中国多地侨乡研学融合产业助力乡村振兴,20.0,1,internal_positive,D,固定 provider + 关闭 reasoning,4,0,Alibaba,deepseek/deepseek-v4-flash,False,message.content,0,0,,,gen-1786273440-eCFUISlls96Flr0UfsRM,stop,2.183717902749777,1,ok,,5f42fec49d3f103b02f0e61d6d38dfc1533a2fb4959337d1d72066fb70b6e8a2,d96e1029e0a5e0678278982a49748c39729e5d738032efe05af7bb15a55d1b82,672e8a0d815c65c8b57b77f64f818f7f25d6e9d7c4a223ff39ae2c6feeb35b01,2026-08-09T11:04:00.683564+00:00
chinanews:/hr/2026/04-24/10610409,中国多地侨乡研学融合产业助力乡村振兴,20.0,1,internal_positive,D,固定 provider + 关闭 reasoning,5,0,Alibaba,deepseek/deepseek-v4-flash,False,message.content,0,0,,,gen-1786273426-2ScEx10yuhzET4Qb2afC,stop,1.6574920006096363,1,ok,,5f42fec49d3f103b02f0e61d6d38dfc1533a2fb4959337d1d72066fb70b6e8a2,d96e1029e0a5e0678278982a49748c39729e5d738032efe05af7bb15a55d1b82,672e8a0d815c65c8b57b77f64f818f7f25d6e9d7c4a223ff39ae2c6feeb35b01,2026-08-09T11:03:47.512709+00:00
gmw:2026-06/24/content_38845066,美院毕业展别只看到“销冠”,55.0,2,internal_positive,A,生产基线,1,60,Alibaba,deepseek/deepseek-v4-flash,False,message.content,60,60,,,gen-1786274061-kOUJXp63VZuaR53uIZkz,stop,6.326278701424599,1,ok,,ecc7035e5d7f06982b47f9fe914e10852445a3f5bd99cf55cfad91f34d1125c9,4db686db313c8c80a20fe8a3a3a811fadb422092ad666c4febbe5f9b1e3a66eb,7978f8e7e944323737bd3856c38975538bd25910dde5a30a5b09ef4774da91e2,2026-08-09T11:14:26.676404+00:00
gmw:2026-06/24/content_38845066,美院毕业展别只看到“销冠”,55.0,2,internal_positive,A,生产基线,2,60,Alibaba,deepseek/deepseek-v4-flash,False,message.content,60,60,,,gen-1786274103-C9yiHQ9gPDChPSoSBXk3,stop,6.587018396705389,1,ok,,ecc7035e5d7f06982b47f9fe914e10852445a3f5bd99cf55cfad91f34d1125c9,4db686db313c8c80a20fe8a3a3a811fadb422092ad666c4febbe5f9b1e3a66eb,7978f8e7e944323737bd3856c38975538bd25910dde5a30a5b09ef4774da91e2,2026-08-09T11:15:08.934094+00:00
gmw:2026-06/24/content_38845066,美院毕业展别只看到“销冠”,55.0,2,internal_positive,A,生产基线,3,55,Alibaba,deepseek/deepseek-v4-flash,False,message.content,55,55,,,gen-1786274054-XECSJP7jMkyA4RzNUedK,stop,3.9300973005592823,1,ok,,ecc7035e5d7f06982b47f9fe914e10852445a3f5bd99cf55cfad91f34d1125c9,4db686db313c8c80a20fe8a3a3a811fadb422092ad666c4febbe5f9b1e3a66eb,7978f8e7e944323737bd3856c38975538bd25910dde5a30a5b09ef4774da91e2,2026-08-09T11:14:17.536973+00:00
gmw:2026-06/24/content_38845066,美院毕业展别只看到“销冠”,55.0,2,internal_positive,A,生产基线,4,58,Alibaba,deepseek/deepseek-v4-flash,False,message.content,58,58,,,gen-1786274134-h8c7X1RZKfVCZaMAbKbC,stop,8.516668200492859,1,ok,,ecc7035e5d7f06982b47f9fe914e10852445a3f5bd99cf55cfad91f34d1125c9,4db686db313c8c80a20fe8a3a3a811fadb422092ad666c4febbe5f9b1e3a66eb,7978f8e7e944323737bd3856c38975538bd25910dde5a30a5b09ef4774da91e2,2026-08-09T11:15:42.164048+00:00
gmw:2026-06/24/content_38845066,美院毕业展别只看到“销冠”,55.0,2,internal_positive,A,生产基线,5,58,Alibaba,deepseek/deepseek-v4-flash,False,message.content,58,58,,,gen-1786274119-YF6vOwiABoeUXSAt2R5d,stop,11.155802499502897,1,ok,,ecc7035e5d7f06982b47f9fe914e10852445a3f5bd99cf55cfad91f34d1125c9,4db686db313c8c80a20fe8a3a3a811fadb422092ad666c4febbe5f9b1e3a66eb,7978f8e7e944323737bd3856c38975538bd25910dde5a30a5b09ef4774da91e2,2026-08-09T11:15:29.988558+00:00
gmw:2026-06/24/content_38845066,美院毕业展别只看到“销冠”,55.0,2,internal_positive,D,固定 provider + 关闭 reasoning,1,0,Alibaba,deepseek/deepseek-v4-flash,False,message.content,0,0,,,gen-1786273447-Ff3rwwoF1Exn8qkjRP9H,stop,1.899167500436306,1,ok,,ecc7035e5d7f06982b47f9fe914e10852445a3f5bd99cf55cfad91f34d1125c9,4db686db313c8c80a20fe8a3a3a811fadb422092ad666c4febbe5f9b1e3a66eb,601a6427485540cee5075ecd994307df05246048df0e9a5cde73919a6a2db36a,2026-08-09T11:04:07.844391+00:00
gmw:2026-06/24/content_38845066,美院毕业展别只看到“销冠”,55.0,2,internal_positive,D,固定 provider + 关闭 reasoning,2,0,Alibaba,deepseek/deepseek-v4-flash,False,message.content,0,0,,,gen-1786273453-G07ZiUqVAHpoAdWeEPMe,stop,2.060723401606083,1,ok,,ecc7035e5d7f06982b47f9fe914e10852445a3f5bd99cf55cfad91f34d1125c9,4db686db313c8c80a20fe8a3a3a811fadb422092ad666c4febbe5f9b1e3a66eb,601a6427485540cee5075ecd994307df05246048df0e9a5cde73919a6a2db36a,2026-08-09T11:04:14.599386+00:00
gmw:2026-06/24/content_38845066,美院毕业展别只看到“销冠”,55.0,2,internal_positive,D,固定 provider + 关闭 reasoning,3,0,Alibaba,deepseek/deepseek-v4-flash,False,message.content,0,0,,,gen-1786273440-IBLphOA1ykp51fykNNSk,stop,1.6182641983032227,1,ok,,ecc7035e5d7f06982b47f9fe914e10852445a3f5bd99cf55cfad91f34d1125c9,4db686db313c8c80a20fe8a3a3a811fadb422092ad666c4febbe5f9b1e3a66eb,601a6427485540cee5075ecd994307df05246048df0e9a5cde73919a6a2db36a,2026-08-09T11:04:01.268213+00:00
gmw:2026-06/24/content_38845066,美院毕业展别只看到“销冠”,55.0,2,internal_positive,D,固定 provider + 关闭 reasoning,4,0,Alibaba,deepseek/deepseek-v4-flash,False,message.content,0,0,,,gen-1786273444-zk8utE4H0cTxXfDMmRGC,stop,1.9842527993023396,1,ok,,ecc7035e5d7f06982b47f9fe914e10852445a3f5bd99cf55cfad91f34d1125c9,4db686db313c8c80a20fe8a3a3a811fadb422092ad666c4febbe5f9b1e3a66eb,601a6427485540cee5075ecd994307df05246048df0e9a5cde73919a6a2db36a,2026-08-09T11:04:04.640825+00:00
gmw:2026-06/24/content_38845066,美院毕业展别只看到“销冠”,55.0,2,internal_positive,D,固定 provider + 关闭 reasoning,5,0,Alibaba,deepseek/deepseek-v4-flash,False,message.content,0,0,,,gen-1786273443-wSX4wc0mXIwMQHLDOXnP,stop,1.8002494014799595,1,ok,,ecc7035e5d7f06982b47f9fe914e10852445a3f5bd99cf55cfad91f34d1125c9,4db686db313c8c80a20fe8a3a3a811fadb422092ad666c4febbe5f9b1e3a66eb,601a6427485540cee5075ecd994307df05246048df0e9a5cde73919a6a2db36a,2026-08-09T11:04:04.319300+00:00
jyb:/rmtxwwyyq/jyxx1306/202607/t20260706_2111499339,四川老年学学会老年健康教育专委会第三次学术会议在达州召开,60.0,3,external_positive,A,生产基线,1,55,Cloudflare,deepseek/deepseek-v4-flash,False,message.content,55,55,,,gen-1786273986-KyLYeaovGyUVFAdYZ8BK,stop,6.44320559874177,1,ok,,47ea68a643d6646f55abccc790a99f68195cc5a44c13c246d2abf5e829071a50,6b2da5c59af7c8dc7fec2d5a6aa4c856435e6a7df793acdc1b6247fc1f729ff1,d1a05d326a150927731e2e52cbb81dd1476ef72bf16d8c255b9f6fb1cc0a6da2,2026-08-09T11:13:12.234709+00:00
jyb:/rmtxwwyyq/jyxx1306/202607/t20260706_2111499339,四川老年学学会老年健康教育专委会第三次学术会议在达州召开,60.0,3,external_positive,A,生产基线,2,45,GMICloud,deepseek/deepseek-v4-flash,False,message.content,45,45,,,gen-1786274098-Fa8Pr0pc67BrDNXqdjOV,stop,18.60181340202689,1,ok,,47ea68a643d6646f55abccc790a99f68195cc5a44c13c246d2abf5e829071a50,6b2da5c59af7c8dc7fec2d5a6aa4c856435e6a7df793acdc1b6247fc1f729ff1,d1a05d326a150927731e2e52cbb81dd1476ef72bf16d8c255b9f6fb1cc0a6da2,2026-08-09T11:15:15.649665+00:00
jyb:/rmtxwwyyq/jyxx1306/202607/t20260706_2111499339,四川老年学学会老年健康教育专委会第三次学术会议在达州召开,60.0,3,external_positive,A,生产基线,3,50,CoreWeave,deepseek/deepseek-v4-flash,False,message.content,50,50,,,gen-1786274046-wY8LH3HM7otrc8OXtLYP,stop,4.541888799518347,1,ok,,47ea68a643d6646f55abccc790a99f68195cc5a44c13c246d2abf5e829071a50,6b2da5c59af7c8dc7fec2d5a6aa4c856435e6a7df793acdc1b6247fc1f729ff1,d1a05d326a150927731e2e52cbb81dd1476ef72bf16d8c255b9f6fb1cc0a6da2,2026-08-09T11:14:10.200570+00:00
jyb:/rmtxwwyyq/jyxx1306/202607/t20260706_2111499339,四川老年学学会老年健康教育专委会第三次学术会议在达州召开,60.0,3,external_positive,A,生产基线,4,50,Baidu,deepseek/deepseek-v4-flash,False,message.content,50,50,,,gen-1786274003-58Qqk98M5joMpV2ZBuf2,stop,6.222095299512148,1,ok,,47ea68a643d6646f55abccc790a99f68195cc5a44c13c246d2abf5e829071a50,6b2da5c59af7c8dc7fec2d5a6aa4c856435e6a7df793acdc1b6247fc1f729ff1,d1a05d326a150927731e2e52cbb81dd1476ef72bf16d8c255b9f6fb1cc0a6da2,2026-08-09T11:13:28.250175+00:00
jyb:/rmtxwwyyq/jyxx1306/202607/t20260706_2111499339,四川老年学学会老年健康教育专委会第三次学术会议在达州召开,60.0,3,external_positive,A,生产基线,5,45,Baidu,deepseek/deepseek-v4-flash,False,message.content,45,45,,,gen-1786274105-5wz4ZyFrtm3rJMmywVka,stop,61.06933079659939,1,ok,,47ea68a643d6646f55abccc790a99f68195cc5a44c13c246d2abf5e829071a50,6b2da5c59af7c8dc7fec2d5a6aa4c856435e6a7df793acdc1b6247fc1f729ff1,d1a05d326a150927731e2e52cbb81dd1476ef72bf16d8c255b9f6fb1cc0a6da2,2026-08-09T11:16:05.455364+00:00
jyb:/rmtxwwyyq/jyxx1306/202607/t20260706_2111499339,四川老年学学会老年健康教育专委会第三次学术会议在达州召开,60.0,3,external_positive,D,固定 provider + 关闭 reasoning,1,18,Alibaba,deepseek/deepseek-v4-flash,False,message.content,18,18,,,gen-1786273423-0Z1cveQpS50LNXdoDRKY,stop,2.1079798005521297,1,ok,,47ea68a643d6646f55abccc790a99f68195cc5a44c13c246d2abf5e829071a50,6b2da5c59af7c8dc7fec2d5a6aa4c856435e6a7df793acdc1b6247fc1f729ff1,f23baf47910f1a1a3f9fb3690be3ebdb1fb0dd547d08dadff14fb3d8c808d616,2026-08-09T11:03:44.150013+00:00
jyb:/rmtxwwyyq/jyxx1306/202607/t20260706_2111499339,四川老年学学会老年健康教育专委会第三次学术会议在达州召开,60.0,3,external_positive,D,固定 provider + 关闭 reasoning,2,18,Alibaba,deepseek/deepseek-v4-flash,False,message.content,18,18,,,gen-1786273421-sT1sC4hSXj8dCRX6jygx,stop,2.552972100675106,1,ok,,47ea68a643d6646f55abccc790a99f68195cc5a44c13c246d2abf5e829071a50,6b2da5c59af7c8dc7fec2d5a6aa4c856435e6a7df793acdc1b6247fc1f729ff1,f23baf47910f1a1a3f9fb3690be3ebdb1fb0dd547d08dadff14fb3d8c808d616,2026-08-09T11:03:42.010302+00:00
jyb:/rmtxwwyyq/jyxx1306/202607/t20260706_2111499339,四川老年学学会老年健康教育专委会第三次学术会议在达州召开,60.0,3,external_positive,D,固定 provider + 关闭 reasoning,3,75,Alibaba,deepseek/deepseek-v4-flash,False,message.content,75,75,,,gen-1786273452-VJ3qVkh9fBBiFa1qe8Cv,stop,1.7280696034431458,1,ok,,47ea68a643d6646f55abccc790a99f68195cc5a44c13c246d2abf5e829071a50,6b2da5c59af7c8dc7fec2d5a6aa4c856435e6a7df793acdc1b6247fc1f729ff1,f23baf47910f1a1a3f9fb3690be3ebdb1fb0dd547d08dadff14fb3d8c808d616,2026-08-09T11:04:12.681220+00:00
jyb:/rmtxwwyyq/jyxx1306/202607/t20260706_2111499339,四川老年学学会老年健康教育专委会第三次学术会议在达州召开,60.0,3,external_positive,D,固定 provider + 关闭 reasoning,4,20,Alibaba,deepseek/deepseek-v4-flash,False,message.content,20,20,,,gen-1786273450-X1B7D2bSzWZWlOnm8dC7,stop,1.5601256974041462,1,ok,,47ea68a643d6646f55abccc790a99f68195cc5a44c13c246d2abf5e829071a50,6b2da5c59af7c8dc7fec2d5a6aa4c856435e6a7df793acdc1b6247fc1f729ff1,f23baf47910f1a1a3f9fb3690be3ebdb1fb0dd547d08dadff14fb3d8c808d616,2026-08-09T11:04:10.643122+00:00
jyb:/rmtxwwyyq/jyxx1306/202607/t20260706_2111499339,四川老年学学会老年健康教育专委会第三次学术会议在达州召开,60.0,3,external_positive,D,固定 provider + 关闭 reasoning,5,18,Alibaba,deepseek/deepseek-v4-flash,False,message.content,18,18,,,gen-1786273423-tKJm6lrcmZbrEd6g4Y77,stop,2.597128100693226,1,ok,,47ea68a643d6646f55abccc790a99f68195cc5a44c13c246d2abf5e829071a50,6b2da5c59af7c8dc7fec2d5a6aa4c856435e6a7df793acdc1b6247fc1f729ff1,f23baf47910f1a1a3f9fb3690be3ebdb1fb0dd547d08dadff14fb3d8c808d616,2026-08-09T11:03:44.725186+00:00
jyb:/rmtzgjyb/202605/t20260521_2111481014,习近平同俄罗斯总统普京共同出席“中俄教育年”开幕式并致辞,95.0,4,internal_positive,A,生产基线,1,80,Alibaba,deepseek/deepseek-v4-flash,False,message.content,80,80,,,gen-1786274071-2O05tsSuIxtmrlrZnMdm,stop,15.021168898791075,1,ok,,042483e38cec908c3665159b432d8629be8bc31ab9bb22df944a97d1e16ad53f,e1cfb6fa5d71bb3f215543341e3a0dc57e51c7eb07b48259f3b2ce8807ffef9b,a03f16c20f731fa0fd8c6a4e8caf58f91c99f5fd69a7bfbdb2d860311c012bab,2026-08-09T11:14:45.277941+00:00
jyb:/rmtzgjyb/202605/t20260521_2111481014,习近平同俄罗斯总统普京共同出席“中俄教育年”开幕式并致辞,95.0,4,internal_positive,A,生产基线,2,80,Alibaba,deepseek/deepseek-v4-flash,False,message.content,80,80,,,gen-1786274084-nJ9VQcr2uVfHQ2nF4MP7,stop,9.605667799711227,1,ok,,042483e38cec908c3665159b432d8629be8bc31ab9bb22df944a97d1e16ad53f,e1cfb6fa5d71bb3f215543341e3a0dc57e51c7eb07b48259f3b2ce8807ffef9b,a03f16c20f731fa0fd8c6a4e8caf58f91c99f5fd69a7bfbdb2d860311c012bab,2026-08-09T11:14:52.921663+00:00
jyb:/rmtzgjyb/202605/t20260521_2111481014,习近平同俄罗斯总统普京共同出席“中俄教育年”开幕式并致辞,95.0,4,internal_positive,A,生产基线,3,83,Alibaba,deepseek/deepseek-v4-flash,False,message.content,83,83,,,gen-1786274064-vwKLbSe7g1oN8jLWxAGp,stop,13.01167070120573,1,ok,,042483e38cec908c3665159b432d8629be8bc31ab9bb22df944a97d1e16ad53f,e1cfb6fa5d71bb3f215543341e3a0dc57e51c7eb07b48259f3b2ce8807ffef9b,a03f16c20f731fa0fd8c6a4e8caf58f91c99f5fd69a7bfbdb2d860311c012bab,2026-08-09T11:14:36.224962+00:00
jyb:/rmtzgjyb/202605/t20260521_2111481014,习近平同俄罗斯总统普京共同出席“中俄教育年”开幕式并致辞,95.0,4,internal_positive,A,生产基线,4,82,Alibaba,deepseek/deepseek-v4-flash,False,message.content,82,82,,,gen-1786274073-P7UWxWQ9KwIxcLCaXn7k,stop,10.200879998505116,1,ok,,042483e38cec908c3665159b432d8629be8bc31ab9bb22df944a97d1e16ad53f,e1cfb6fa5d71bb3f215543341e3a0dc57e51c7eb07b48259f3b2ce8807ffef9b,a03f16c20f731fa0fd8c6a4e8caf58f91c99f5fd69a7bfbdb2d860311c012bab,2026-08-09T11:14:42.309127+00:00
jyb:/rmtzgjyb/202605/t20260521_2111481014,习近平同俄罗斯总统普京共同出席“中俄教育年”开幕式并致辞,95.0,4,internal_positive,A,生产基线,5,82,Alibaba,deepseek/deepseek-v4-flash,False,message.content,82,82,,,gen-1786274096-WcxOuO03c60iN0ZzAzBI,stop,17.136253599077463,1,ok,,042483e38cec908c3665159b432d8629be8bc31ab9bb22df944a97d1e16ad53f,e1cfb6fa5d71bb3f215543341e3a0dc57e51c7eb07b48259f3b2ce8807ffef9b,a03f16c20f731fa0fd8c6a4e8caf58f91c99f5fd69a7bfbdb2d860311c012bab,2026-08-09T11:15:12.580824+00:00
jyb:/rmtzgjyb/202605/t20260521_2111481014,习近平同俄罗斯总统普京共同出席“中俄教育年”开幕式并致辞,95.0,4,internal_positive,D,固定 provider + 关闭 reasoning,1,95,Alibaba,deepseek/deepseek-v4-flash,False,message.content,95,95,,,gen-1786273431-gmNwFdHej45FvkYJAv8J,stop,2.405817598104477,1,ok,,042483e38cec908c3665159b432d8629be8bc31ab9bb22df944a97d1e16ad53f,e1cfb6fa5d71bb3f215543341e3a0dc57e51c7eb07b48259f3b2ce8807ffef9b,9ee457d3ac5835d4ade55bb51b1942dfb3850443e13e440f4e638941a0c38225,2026-08-09T11:03:51.740959+00:00
jyb:/rmtzgjyb/202605/t20260521_2111481014,习近平同俄罗斯总统普京共同出席“中俄教育年”开幕式并致辞,95.0,4,internal_positive,D,固定 provider + 关闭 reasoning,2,95,Alibaba,deepseek/deepseek-v4-flash,False,message.content,95,95,,,gen-1786273448-Ug3Rbngu0XDZ3QDxPoCq,stop,1.8784579001367092,1,ok,,042483e38cec908c3665159b432d8629be8bc31ab9bb22df944a97d1e16ad53f,e1cfb6fa5d71bb3f215543341e3a0dc57e51c7eb07b48259f3b2ce8807ffef9b,9ee457d3ac5835d4ade55bb51b1942dfb3850443e13e440f4e638941a0c38225,2026-08-09T11:04:09.081572+00:00
jyb:/rmtzgjyb/202605/t20260521_2111481014,习近平同俄罗斯总统普京共同出席“中俄教育年”开幕式并致辞,95.0,4,internal_positive,D,固定 provider + 关闭 reasoning,3,95,Alibaba,deepseek/deepseek-v4-flash,False,message.content,95,95,,,gen-1786273444-6ZQa1yh3HD6Svbx914fQ,stop,2.432556800544262,1,ok,,042483e38cec908c3665159b432d8629be8bc31ab9bb22df944a97d1e16ad53f,e1cfb6fa5d71bb3f215543341e3a0dc57e51c7eb07b48259f3b2ce8807ffef9b,9ee457d3ac5835d4ade55bb51b1942dfb3850443e13e440f4e638941a0c38225,2026-08-09T11:04:05.405703+00:00
jyb:/rmtzgjyb/202605/t20260521_2111481014,习近平同俄罗斯总统普京共同出席“中俄教育年”开幕式并致辞,95.0,4,internal_positive,D,固定 provider + 关闭 reasoning,4,95,Alibaba,deepseek/deepseek-v4-flash,False,message.content,95,95,,,gen-1786273446-AKiiioF2W77lIpbPECTn,stop,2.052549198269844,1,ok,,042483e38cec908c3665159b432d8629be8bc31ab9bb22df944a97d1e16ad53f,e1cfb6fa5d71bb3f215543341e3a0dc57e51c7eb07b48259f3b2ce8807ffef9b,9ee457d3ac5835d4ade55bb51b1942dfb3850443e13e440f4e638941a0c38225,2026-08-09T11:04:07.068206+00:00
jyb:/rmtzgjyb/202605/t20260521_2111481014,习近平同俄罗斯总统普京共同出席“中俄教育年”开幕式并致辞,95.0,4,internal_positive,D,固定 provider + 关闭 reasoning,5,95,Alibaba,deepseek/deepseek-v4-flash,False,message.content,95,95,,,gen-1786273452-YL0yORxrS7fmYKKlZNE3,stop,1.7655619010329247,1,ok,,042483e38cec908c3665159b432d8629be8bc31ab9bb22df944a97d1e16ad53f,e1cfb6fa5d71bb3f215543341e3a0dc57e51c7eb07b48259f3b2ce8807ffef9b,9ee457d3ac5835d4ade55bb51b1942dfb3850443e13e440f4e638941a0c38225,2026-08-09T11:04:13.052011+00:00
qianlong:2026/0623/8686828,@高考生：北京市高考成绩查询指南,55.0,2,internal_positive,A,生产基线,1,27,Alibaba,deepseek/deepseek-v4-flash,False,message.content,27,27,,,gen-1786274034-UZ4pdAtjvynAyYpSqjc7,stop,6.581903498619795,1,ok,,2178b4823d32a8ea5b04cf8dd04dedb939cdb469af67b10d0ddadf0924b175ae,2efabe4f76377d8b26972b7d04a1ce403b1238eca092fe81ac4b25398663235d,23143e342efd7f4af45caf67cce39ed250673d2f346be94785e924a20371f4c5,2026-08-09T11:13:59.897841+00:00
qianlong:2026/0623/8686828,@高考生：北京市高考成绩查询指南,55.0,2,internal_positive,A,生产基线,2,25,Alibaba,deepseek/deepseek-v4-flash,False,message.content,25,25,,,gen-1786274099-dHuMYzKjXAqCFOawPKYo,stop,11.641419801861048,1,ok,,2178b4823d32a8ea5b04cf8dd04dedb939cdb469af67b10d0ddadf0924b175ae,2efabe4f76377d8b26972b7d04a1ce403b1238eca092fe81ac4b25398663235d,23143e342efd7f4af45caf67cce39ed250673d2f346be94785e924a20371f4c5,2026-08-09T11:15:10.174099+00:00
qianlong:2026/0623/8686828,@高考生：北京市高考成绩查询指南,55.0,2,internal_positive,A,生产基线,3,25,Alibaba,deepseek/deepseek-v4-flash,False,message.content,25,25,,,gen-1786274086-pHwe9eOeuU3Nt6i5BVA4,stop,6.541250798851252,1,ok,,2178b4823d32a8ea5b04cf8dd04dedb939cdb469af67b10d0ddadf0924b175ae,2efabe4f76377d8b26972b7d04a1ce403b1238eca092fe81ac4b25398663235d,23143e342efd7f4af45caf67cce39ed250673d2f346be94785e924a20371f4c5,2026-08-09T11:14:51.820563+00:00
qianlong:2026/0623/8686828,@高考生：北京市高考成绩查询指南,55.0,2,internal_positive,A,生产基线,4,25,Alibaba,deepseek/deepseek-v4-flash,False,message.content,25,25,,,gen-1786274061-TZAn3x1QOJovElURT8jw,stop,7.275205001235008,1,ok,,2178b4823d32a8ea5b04cf8dd04dedb939cdb469af67b10d0ddadf0924b175ae,2efabe4f76377d8b26972b7d04a1ce403b1238eca092fe81ac4b25398663235d,23143e342efd7f4af45caf67cce39ed250673d2f346be94785e924a20371f4c5,2026-08-09T11:14:27.242875+00:00
qianlong:2026/0623/8686828,@高考生：北京市高考成绩查询指南,55.0,2,internal_positive,A,生产基线,5,25,Alibaba,deepseek/deepseek-v4-flash,False,message.content,25,25,,,gen-1786274149-m2teBxeEx5Xt0BnGSf8S,stop,7.577280901372433,1,ok,,2178b4823d32a8ea5b04cf8dd04dedb939cdb469af67b10d0ddadf0924b175ae,2efabe4f76377d8b26972b7d04a1ce403b1238eca092fe81ac4b25398663235d,23143e342efd7f4af45caf67cce39ed250673d2f346be94785e924a20371f4c5,2026-08-09T11:15:55.698314+00:00
qianlong:2026/0623/8686828,@高考生：北京市高考成绩查询指南,55.0,2,internal_positive,D,固定 provider + 关闭 reasoning,1,85,Alibaba,deepseek/deepseek-v4-flash,False,message.content,85,85,,,gen-1786273428-YYU3HQo2IAfVWN2JTM88,stop,2.5111107006669044,1,ok,,2178b4823d32a8ea5b04cf8dd04dedb939cdb469af67b10d0ddadf0924b175ae,2efabe4f76377d8b26972b7d04a1ce403b1238eca092fe81ac4b25398663235d,1a9fe1de4d31f0986cde5cc82930c1851fee5014bea41f72f8d67a6f0fbe06b7,2026-08-09T11:03:49.283388+00:00
qianlong:2026/0623/8686828,@高考生：北京市高考成绩查询指南,55.0,2,internal_positive,D,固定 provider + 关闭 reasoning,2,85,Alibaba,deepseek/deepseek-v4-flash,False,message.content,85,85,,,gen-1786273435-1XS7ljoWx1B1WLxFZ5N6,stop,2.058414801955223,1,ok,,2178b4823d32a8ea5b04cf8dd04dedb939cdb469af67b10d0ddadf0924b175ae,2efabe4f76377d8b26972b7d04a1ce403b1238eca092fe81ac4b25398663235d,1a9fe1de4d31f0986cde5cc82930c1851fee5014bea41f72f8d67a6f0fbe06b7,2026-08-09T11:03:56.317886+00:00
qianlong:2026/0623/8686828,@高考生：北京市高考成绩查询指南,55.0,2,internal_positive,D,固定 provider + 关闭 reasoning,3,85,Alibaba,deepseek/deepseek-v4-flash,False,message.content,85,85,,,gen-1786273459-SqGCnXgkZAcSenemtmBl,stop,2.1537574976682663,1,ok,,2178b4823d32a8ea5b04cf8dd04dedb939cdb469af67b10d0ddadf0924b175ae,2efabe4f76377d8b26972b7d04a1ce403b1238eca092fe81ac4b25398663235d,1a9fe1de4d31f0986cde5cc82930c1851fee5014bea41f72f8d67a6f0fbe06b7,2026-08-09T11:04:20.514257+00:00
qianlong:2026/0623/8686828,@高考生：北京市高考成绩查询指南,55.0,2,internal_positive,D,固定 provider + 关闭 reasoning,4,85,Alibaba,deepseek/deepseek-v4-flash,False,message.content,85,85,,,gen-1786273428-aEFsMoIKGGmHCDjKTyyJ,stop,2.581937402486801,1,ok,,2178b4823d32a8ea5b04cf8dd04dedb939cdb469af67b10d0ddadf0924b175ae,2efabe4f76377d8b26972b7d04a1ce403b1238eca092fe81ac4b25398663235d,1a9fe1de4d31f0986cde5cc82930c1851fee5014bea41f72f8d67a6f0fbe06b7,2026-08-09T11:03:49.311224+00:00
qianlong:2026/0623/8686828,@高考生：北京市高考成绩查询指南,55.0,2,internal_positive,D,固定 provider + 关闭 reasoning,5,85,Alibaba,deepseek/deepseek-v4-flash,False,message.content,85,85,,,gen-1786273421-67a0dU1BROm6oeP7nl6h,stop,2.5782906003296375,1,ok,,2178b4823d32a8ea5b04cf8dd04dedb939cdb469af67b10d0ddadf0924b175ae,2efabe4f76377d8b26972b7d04a1ce403b1238eca092fe81ac4b25398663235d,1a9fe1de4d31f0986cde5cc82930c1851fee5014bea41f72f8d67a6f0fbe06b7,2026-08-09T11:03:42.040037+00:00
tencent:20260129A05KKH00,现象级儿童IP重磅回归！喜马拉雅上线《口袋里的超级坦克之勇者归来》,85.0,4,external_positive,A,生产基线,1,5,Parasail,deepseek/deepseek-v4-flash,False,message.content,5,5,,,gen-1786273981-3760bAnndhcIhcny333N,stop,18.693965300917625,1,ok,,cc5cde4c6c21e7d2679b8e14e17f00262be7a83c4239cbd15ee4f2bb50e81562,957243c21892f80a4ec4f150d01178c31aac7bae23c2fc913aea036c373143e4,1ec80579907fe3580eec490e59878ef17820e105945de54432e902e7f1412d3a,2026-08-09T11:13:18.165686+00:00
tencent:20260129A05KKH00,现象级儿童IP重磅回归！喜马拉雅上线《口袋里的超级坦克之勇者归来》,85.0,4,external_positive,A,生产基线,2,5,StreamLake,deepseek/deepseek-v4-flash,False,message.content,5,5,,,gen-1786274098-RdFocGsI0lHQSynpsYgO,stop,6.933515802025795,1,ok,,cc5cde4c6c21e7d2679b8e14e17f00262be7a83c4239cbd15ee4f2bb50e81562,957243c21892f80a4ec4f150d01178c31aac7bae23c2fc913aea036c373143e4,1ec80579907fe3580eec490e59878ef17820e105945de54432e902e7f1412d3a,2026-08-09T11:15:04.383724+00:00
tencent:20260129A05KKH00,现象级儿童IP重磅回归！喜马拉雅上线《口袋里的超级坦克之勇者归来》,85.0,4,external_positive,A,生产基线,3,5,CoreWeave,deepseek/deepseek-v4-flash,False,message.content,5,5,,,gen-1786274115-XYTOvKOTRJsQsqnIEfub,stop,6.2182356007397175,1,ok,,cc5cde4c6c21e7d2679b8e14e17f00262be7a83c4239cbd15ee4f2bb50e81562,957243c21892f80a4ec4f150d01178c31aac7bae23c2fc913aea036c373143e4,1ec80579907fe3580eec490e59878ef17820e105945de54432e902e7f1412d3a,2026-08-09T11:15:20.970827+00:00
tencent:20260129A05KKH00,现象级儿童IP重磅回归！喜马拉雅上线《口袋里的超级坦克之勇者归来》,85.0,4,external_positive,A,生产基线,4,5,CoreWeave,deepseek/deepseek-v4-flash,False,message.content,5,5,,,gen-1786274051-XXqgtAcAjHPRk0Hnwwv6,stop,3.4035704024136066,1,ok,,cc5cde4c6c21e7d2679b8e14e17f00262be7a83c4239cbd15ee4f2bb50e81562,957243c21892f80a4ec4f150d01178c31aac7bae23c2fc913aea036c373143e4,1ec80579907fe3580eec490e59878ef17820e105945de54432e902e7f1412d3a,2026-08-09T11:14:13.605500+00:00
tencent:20260129A05KKH00,现象级儿童IP重磅回归！喜马拉雅上线《口袋里的超级坦克之勇者归来》,85.0,4,external_positive,A,生产基线,5,5,CoreWeave,deepseek/deepseek-v4-flash,False,message.content,5,5,,,gen-1786274110-0DRjeD1I20onJGNUQhG3,stop,5.815568298101425,1,ok,,cc5cde4c6c21e7d2679b8e14e17f00262be7a83c4239cbd15ee4f2bb50e81562,957243c21892f80a4ec4f150d01178c31aac7bae23c2fc913aea036c373143e4,1ec80579907fe3580eec490e59878ef17820e105945de54432e902e7f1412d3a,2026-08-09T11:15:14.751170+00:00
tencent:20260129A05KKH00,现象级儿童IP重磅回归！喜马拉雅上线《口袋里的超级坦克之勇者归来》,85.0,4,external_positive,D,固定 provider + 关闭 reasoning,1,0,Alibaba,deepseek/deepseek-v4-flash,False,message.content,0,0,,,gen-1786273439-Y4vNij4o9a7hhNZSL263,stop,2.0558559000492096,1,ok,,cc5cde4c6c21e7d2679b8e14e17f00262be7a83c4239cbd15ee4f2bb50e81562,957243c21892f80a4ec4f150d01178c31aac7bae23c2fc913aea036c373143e4,5961f17001e096026d5c216c6a83067d36844e0bc3ea68113badfe19702788c2,2026-08-09T11:04:00.337490+00:00
tencent:20260129A05KKH00,现象级儿童IP重磅回归！喜马拉雅上线《口袋里的超级坦克之勇者归来》,85.0,4,external_positive,D,固定 provider + 关闭 reasoning,2,0,Alibaba,deepseek/deepseek-v4-flash,False,message.content,0,0,,,gen-1786273437-dDmLEUUTaylijlLpQpGT,stop,2.056071698665619,1,ok,,cc5cde4c6c21e7d2679b8e14e17f00262be7a83c4239cbd15ee4f2bb50e81562,957243c21892f80a4ec4f150d01178c31aac7bae23c2fc913aea036c373143e4,5961f17001e096026d5c216c6a83067d36844e0bc3ea68113badfe19702788c2,2026-08-09T11:03:57.878777+00:00
tencent:20260129A05KKH00,现象级儿童IP重磅回归！喜马拉雅上线《口袋里的超级坦克之勇者归来》,85.0,4,external_positive,D,固定 provider + 关闭 reasoning,3,19,Alibaba,deepseek/deepseek-v4-flash,False,message.content,19,19,,,gen-1786273433-UD9GUC85zQRDGgdGMzZh,stop,2.0674804002046585,1,ok,,cc5cde4c6c21e7d2679b8e14e17f00262be7a83c4239cbd15ee4f2bb50e81562,957243c21892f80a4ec4f150d01178c31aac7bae23c2fc913aea036c373143e4,5961f17001e096026d5c216c6a83067d36844e0bc3ea68113badfe19702788c2,2026-08-09T11:03:53.809859+00:00
tencent:20260129A05KKH00,现象级儿童IP重磅回归！喜马拉雅上线《口袋里的超级坦克之勇者归来》,85.0,4,external_positive,D,固定 provider + 关闭 reasoning,4,0,Alibaba,deepseek/deepseek-v4-flash,False,message.content,0,0,,,gen-1786273430-asWINtRCHPbVObAVxvrb,stop,2.0705638006329536,1,ok,,cc5cde4c6c21e7d2679b8e14e17f00262be7a83c4239cbd15ee4f2bb50e81562,957243c21892f80a4ec4f150d01178c31aac7bae23c2fc913aea036c373143e4,5961f17001e096026d5c216c6a83067d36844e0bc3ea68113badfe19702788c2,2026-08-09T11:03:51.205226+00:00
tencent:20260129A05KKH00,现象级儿童IP重磅回归！喜马拉雅上线《口袋里的超级坦克之勇者归来》,85.0,4,external_positive,D,固定 provider + 关闭 reasoning,5,0,Alibaba,deepseek/deepseek-v4-flash,False,message.content,0,0,,,gen-1786273453-7mHTIikf4rmvMzznX6uc,stop,2.158076401799917,1,ok,,cc5cde4c6c21e7d2679b8e14e17f00262be7a83c4239cbd15ee4f2bb50e81562,957243c21892f80a4ec4f150d01178c31aac7bae23c2fc913aea036c373143e4,5961f17001e096026d5c216c6a83067d36844e0bc3ea68113badfe19702788c2,2026-08-09T11:04:14.566728+00:00
tencent:20260330A084NA00,初高中学龄人口将次第达峰，多所高校适时调整师范专业招生规模,85.0,4,external_positive,A,生产基线,1,85,Parasail,deepseek/deepseek-v4-flash,False,message.content,85,85,,,gen-1786274022-y8rEBztaVgFD6776AXYD,stop,19.37288210168481,1,ok,,a88398fa7cf3bd679d3cf6ce2f10a279f540f25e7063e176c04a7f5151ae5711,fcc9f41e7cc658a7a59e61cdfd6310fc9b3d0e327e3007f5fb71f1b9126e3c6e,bc62b49c56e9a3bee28baf8075852f9e2717d9cbd5ad7fa4bfd9df1b005dea7a,2026-08-09T11:14:00.847293+00:00
tencent:20260330A084NA00,初高中学龄人口将次第达峰，多所高校适时调整师范专业招生规模,85.0,4,external_positive,A,生产基线,2,85,StreamLake,deepseek/deepseek-v4-flash,False,message.content,85,85,,,gen-1786274082-IiEeelM36j47dPSdv5b7,stop,9.570399101823568,1,ok,,a88398fa7cf3bd679d3cf6ce2f10a279f540f25e7063e176c04a7f5151ae5711,fcc9f41e7cc658a7a59e61cdfd6310fc9b3d0e327e3007f5fb71f1b9126e3c6e,bc62b49c56e9a3bee28baf8075852f9e2717d9cbd5ad7fa4bfd9df1b005dea7a,2026-08-09T11:14:50.312886+00:00
tencent:20260330A084NA00,初高中学龄人口将次第达峰，多所高校适时调整师范专业招生规模,85.0,4,external_positive,A,生产基线,3,85,CoreWeave,deepseek/deepseek-v4-flash,False,message.content,85,85,,,gen-1786274094-naKTNbTxiTU9EHmUvtbU,stop,18.631665099412203,1,ok,,a88398fa7cf3bd679d3cf6ce2f10a279f540f25e7063e176c04a7f5151ae5711,fcc9f41e7cc658a7a59e61cdfd6310fc9b3d0e327e3007f5fb71f1b9126e3c6e,bc62b49c56e9a3bee28baf8075852f9e2717d9cbd5ad7fa4bfd9df1b005dea7a,2026-08-09T11:15:11.855404+00:00
tencent:20260330A084NA00,初高中学龄人口将次第达峰，多所高校适时调整师范专业招生规模,85.0,4,external_positive,A,生产基线,4,85,CoreWeave,deepseek/deepseek-v4-flash,False,message.content,85,85,,,gen-1786274069-zr75YhjN0BvhTojVeHXi,stop,40.43248099833727,1,ok,,a88398fa7cf3bd679d3cf6ce2f10a279f540f25e7063e176c04a7f5151ae5711,fcc9f41e7cc658a7a59e61cdfd6310fc9b3d0e327e3007f5fb71f1b9126e3c6e,bc62b49c56e9a3bee28baf8075852f9e2717d9cbd5ad7fa4bfd9df1b005dea7a,2026-08-09T11:15:08.717005+00:00
tencent:20260330A084NA00,初高中学龄人口将次第达峰，多所高校适时调整师范专业招生规模,85.0,4,external_positive,A,生产基线,5,85,SiliconFlow,deepseek/deepseek-v4-flash,False,message.content,85,85,,,gen-1786274119-et5G8QeCe7uvQJ84Gw2d,stop,6.0131672993302345,1,ok,,a88398fa7cf3bd679d3cf6ce2f10a279f540f25e7063e176c04a7f5151ae5711,fcc9f41e7cc658a7a59e61cdfd6310fc9b3d0e327e3007f5fb71f1b9126e3c6e,bc62b49c56e9a3bee28baf8075852f9e2717d9cbd5ad7fa4bfd9df1b005dea7a,2026-08-09T11:15:23.971803+00:00
tencent:20260330A084NA00,初高中学龄人口将次第达峰，多所高校适时调整师范专业招生规模,85.0,4,external_positive,D,固定 provider + 关闭 reasoning,1,85,Alibaba,deepseek/deepseek-v4-flash,False,message.content,85,85,,,gen-1786273452-twFmNedyPkDAXfXiy0Gd,stop,2.805537600070238,1,ok,,a88398fa7cf3bd679d3cf6ce2f10a279f540f25e7063e176c04a7f5151ae5711,fcc9f41e7cc658a7a59e61cdfd6310fc9b3d0e327e3007f5fb71f1b9126e3c6e,bd3741038e5dd4c451506344697ed83253035ef9016e2d3186d2e9f0f48cbb6d,2026-08-09T11:04:13.313270+00:00
tencent:20260330A084NA00,初高中学龄人口将次第达峰，多所高校适时调整师范专业招生规模,85.0,4,external_positive,D,固定 provider + 关闭 reasoning,2,85,Alibaba,deepseek/deepseek-v4-flash,False,message.content,85,85,,,gen-1786273442-LBoLMsSGlV3zynLn0pDC,stop,2.228227201849222,1,ok,,a88398fa7cf3bd679d3cf6ce2f10a279f540f25e7063e176c04a7f5151ae5711,fcc9f41e7cc658a7a59e61cdfd6310fc9b3d0e327e3007f5fb71f1b9126e3c6e,bd3741038e5dd4c451506344697ed83253035ef9016e2d3186d2e9f0f48cbb6d,2026-08-09T11:04:02.971798+00:00
tencent:20260330A084NA00,初高中学龄人口将次第达峰，多所高校适时调整师范专业招生规模,85.0,4,external_positive,D,固定 provider + 关闭 reasoning,3,82,Alibaba,deepseek/deepseek-v4-flash,False,message.content,82,82,,,gen-1786273444-7IYWskpl6wUv7Gdccvym,stop,1.9593360982835293,1,ok,,a88398fa7cf3bd679d3cf6ce2f10a279f540f25e7063e176c04a7f5151ae5711,fcc9f41e7cc658a7a59e61cdfd6310fc9b3d0e327e3007f5fb71f1b9126e3c6e,bd3741038e5dd4c451506344697ed83253035ef9016e2d3186d2e9f0f48cbb6d,2026-08-09T11:04:05.506329+00:00
tencent:20260330A084NA00,初高中学龄人口将次第达峰，多所高校适时调整师范专业招生规模,85.0,4,external_positive,D,固定 provider + 关闭 reasoning,4,75,Alibaba,deepseek/deepseek-v4-flash,False,message.content,75,75,,,gen-1786273446-QzqxcWUcohCpmVpJuznC,stop,2.0271881967782974,1,ok,,a88398fa7cf3bd679d3cf6ce2f10a279f540f25e7063e176c04a7f5151ae5711,fcc9f41e7cc658a7a59e61cdfd6310fc9b3d0e327e3007f5fb71f1b9126e3c6e,bd3741038e5dd4c451506344697ed83253035ef9016e2d3186d2e9f0f48cbb6d,2026-08-09T11:04:07.388535+00:00
tencent:20260330A084NA00,初高中学龄人口将次第达峰，多所高校适时调整师范专业招生规模,85.0,4,external_positive,D,固定 provider + 关闭 reasoning,5,75,Alibaba,deepseek/deepseek-v4-flash,False,message.content,75,75,,,gen-1786273448-ktnvMPyovdAL5EuzyBOr,stop,1.9766522012650967,1,ok,,a88398fa7cf3bd679d3cf6ce2f10a279f540f25e7063e176c04a7f5151ae5711,fcc9f41e7cc658a7a59e61cdfd6310fc9b3d0e327e3007f5fb71f1b9126e3c6e,bd3741038e5dd4c451506344697ed83253035ef9016e2d3186d2e9f0f48cbb6d,2026-08-09T11:04:09.416711+00:00
tencent:20260414A02HL800,黄炎培职业教育思想研究会2025—2026学术年会在佛山举行,50.0,2,internal_positive,A,生产基线,1,10,Alibaba,deepseek/deepseek-v4-flash,False,message.content,10,10,,,gen-1786274016-79HlaEj7kH1u767ve9HM,stop,9.086396500468254,1,ok,,21166f6606677119ec61e2ba75d68911af6610c0cdb09fa3f97ab040f5dfc79f,18fd35377dd45c4c6a2e52d34ac563f639d4e0582b7723780878deb42d9cc5d9,ba7bbb7e955cfbcea62019f6f27f1c61616d84e934e56485a01913f6ea4f7a63,2026-08-09T11:13:44.265009+00:00
tencent:20260414A02HL800,黄炎培职业教育思想研究会2025—2026学术年会在佛山举行,50.0,2,internal_positive,A,生产基线,2,5,Alibaba,deepseek/deepseek-v4-flash,False,message.content,5,5,,,gen-1786274112-G2VC4Kdq0j3fjtBjOUQ0,stop,6.974574100226164,1,ok,,21166f6606677119ec61e2ba75d68911af6610c0cdb09fa3f97ab040f5dfc79f,18fd35377dd45c4c6a2e52d34ac563f639d4e0582b7723780878deb42d9cc5d9,ba7bbb7e955cfbcea62019f6f27f1c61616d84e934e56485a01913f6ea4f7a63,2026-08-09T11:15:18.831335+00:00
tencent:20260414A02HL800,黄炎培职业教育思想研究会2025—2026学术年会在佛山举行,50.0,2,internal_positive,A,生产基线,3,5,Alibaba,deepseek/deepseek-v4-flash,False,message.content,5,5,,,gen-1786274091-JKZo43kS8Oib7kdQ0F0H,stop,7.1344828978180885,1,ok,,21166f6606677119ec61e2ba75d68911af6610c0cdb09fa3f97ab040f5dfc79f,18fd35377dd45c4c6a2e52d34ac563f639d4e0582b7723780878deb42d9cc5d9,ba7bbb7e955cfbcea62019f6f27f1c61616d84e934e56485a01913f6ea4f7a63,2026-08-09T11:14:57.448781+00:00
tencent:20260414A02HL800,黄炎培职业教育思想研究会2025—2026学术年会在佛山举行,50.0,2,internal_positive,A,生产基线,4,5,Alibaba,deepseek/deepseek-v4-flash,False,message.content,5,5,,,gen-1786274126-vAC9j45OKdMUTV8vLYym,stop,4.961843501776457,1,ok,,21166f6606677119ec61e2ba75d68911af6610c0cdb09fa3f97ab040f5dfc79f,18fd35377dd45c4c6a2e52d34ac563f639d4e0582b7723780878deb42d9cc5d9,ba7bbb7e955cfbcea62019f6f27f1c61616d84e934e56485a01913f6ea4f7a63,2026-08-09T11:15:30.017067+00:00
tencent:20260414A02HL800,黄炎培职业教育思想研究会2025—2026学术年会在佛山举行,50.0,2,internal_positive,A,生产基线,5,5,Alibaba,deepseek/deepseek-v4-flash,False,message.content,5,5,,,gen-1786274056-pMIdy2Sgjeh2XFw2urhv,stop,8.089114401489496,1,ok,,21166f6606677119ec61e2ba75d68911af6610c0cdb09fa3f97ab040f5dfc79f,18fd35377dd45c4c6a2e52d34ac563f639d4e0582b7723780878deb42d9cc5d9,ba7bbb7e955cfbcea62019f6f27f1c61616d84e934e56485a01913f6ea4f7a63,2026-08-09T11:14:23.210661+00:00
tencent:20260414A02HL800,黄炎培职业教育思想研究会2025—2026学术年会在佛山举行,50.0,2,internal_positive,D,固定 provider + 关闭 reasoning,1,15,Alibaba,deepseek/deepseek-v4-flash,False,message.content,15,15,,,gen-1786273447-gPUVj7HNhJDkNR1RQUF9,stop,1.6467728018760681,1,ok,,21166f6606677119ec61e2ba75d68911af6610c0cdb09fa3f97ab040f5dfc79f,18fd35377dd45c4c6a2e52d34ac563f639d4e0582b7723780878deb42d9cc5d9,2ec9822f264040e925ed2cbf0d2b46fafb6ddcf1cbbb730be0a5fc0d20da1190,2026-08-09T11:04:08.045655+00:00
tencent:20260414A02HL800,黄炎培职业教育思想研究会2025—2026学术年会在佛山举行,50.0,2,internal_positive,D,固定 provider + 关闭 reasoning,2,20,Alibaba,deepseek/deepseek-v4-flash,False,message.content,20,20,,,gen-1786273437-eJpdhyQK6m7hWQ8Tag7e,stop,2.1778395995497704,1,ok,,21166f6606677119ec61e2ba75d68911af6610c0cdb09fa3f97ab040f5dfc79f,18fd35377dd45c4c6a2e52d34ac563f639d4e0582b7723780878deb42d9cc5d9,2ec9822f264040e925ed2cbf0d2b46fafb6ddcf1cbbb730be0a5fc0d20da1190,2026-08-09T11:03:58.497843+00:00
tencent:20260414A02HL800,黄炎培职业教育思想研究会2025—2026学术年会在佛山举行,50.0,2,internal_positive,D,固定 provider + 关闭 reasoning,3,0,Alibaba,deepseek/deepseek-v4-flash,False,message.content,0,0,,,gen-1786273456-Jmxffh7gYZ8BMDrrqCPM,stop,1.9881519973278046,1,ok,,21166f6606677119ec61e2ba75d68911af6610c0cdb09fa3f97ab040f5dfc79f,18fd35377dd45c4c6a2e52d34ac563f639d4e0582b7723780878deb42d9cc5d9,2ec9822f264040e925ed2cbf0d2b46fafb6ddcf1cbbb730be0a5fc0d20da1190,2026-08-09T11:04:17.106873+00:00
tencent:20260414A02HL800,黄炎培职业教育思想研究会2025—2026学术年会在佛山举行,50.0,2,internal_positive,D,固定 provider + 关闭 reasoning,4,0,Alibaba,deepseek/deepseek-v4-flash,False,message.content,0,0,,,gen-1786273426-El4GBW7o4MtVVxTfvhBu,stop,2.127821698784828,1,ok,,21166f6606677119ec61e2ba75d68911af6610c0cdb09fa3f97ab040f5dfc79f,18fd35377dd45c4c6a2e52d34ac563f639d4e0582b7723780878deb42d9cc5d9,2ec9822f264040e925ed2cbf0d2b46fafb6ddcf1cbbb730be0a5fc0d20da1190,2026-08-09T11:03:46.826822+00:00
tencent:20260414A02HL800,黄炎培职业教育思想研究会2025—2026学术年会在佛山举行,50.0,2,internal_positive,D,固定 provider + 关闭 reasoning,5,15,Alibaba,deepseek/deepseek-v4-flash,False,message.content,15,15,,,gen-1786273426-WHMWrHwrVaMrGFZwe3rS,stop,2.546466700732708,1,ok,,21166f6606677119ec61e2ba75d68911af6610c0cdb09fa3f97ab040f5dfc79f,18fd35377dd45c4c6a2e52d34ac563f639d4e0582b7723780878deb42d9cc5d9,2ec9822f264040e925ed2cbf0d2b46fafb6ddcf1cbbb730be0a5fc0d20da1190,2026-08-09T11:03:46.985654+00:00
tencent:20260618A04KRO00,2027QS世界大学排名发布：港大11名，北大13名，清华14名，浙大47名,60.0,3,internal_positive,A,生产基线,1,58,Alibaba,deepseek/deepseek-v4-flash,False,message.content,58,58,,,gen-1786274007-imZcbPIhq3JXJ4eYrv3Z,stop,12.36969169974327,1,ok,,5b0738d5eb0fca332793134330f2c2a5b5023b9b09e0757902f8dabaa060dd59,a292f23c312f639b27def3d6670072066f2253a2cc4c38592b165030667d774a,39dfb4fbcc655dd32b5ff9bbcde8c1996a0e71dfe25fbca816e5096bcbf87c81,2026-08-09T11:13:38.969810+00:00
tencent:20260618A04KRO00,2027QS世界大学排名发布：港大11名，北大13名，清华14名，浙大47名,60.0,3,internal_positive,A,生产基线,2,55,Alibaba,deepseek/deepseek-v4-flash,False,message.content,55,55,,,gen-1786274045-pCHIGa9zi0z655Vw0Aso,stop,9.058274298906326,1,ok,,5b0738d5eb0fca332793134330f2c2a5b5023b9b09e0757902f8dabaa060dd59,a292f23c312f639b27def3d6670072066f2253a2cc4c38592b165030667d774a,39dfb4fbcc655dd32b5ff9bbcde8c1996a0e71dfe25fbca816e5096bcbf87c81,2026-08-09T11:14:13.800305+00:00
tencent:20260618A04KRO00,2027QS世界大学排名发布：港大11名，北大13名，清华14名，浙大47名,60.0,3,internal_positive,A,生产基线,3,55,Alibaba,deepseek/deepseek-v4-flash,False,message.content,55,55,,,gen-1786274075-TSNNJYgDhKKp2TbdanhY,stop,7.369217898696661,1,ok,,5b0738d5eb0fca332793134330f2c2a5b5023b9b09e0757902f8dabaa060dd59,a292f23c312f639b27def3d6670072066f2253a2cc4c38592b165030667d774a,39dfb4fbcc655dd32b5ff9bbcde8c1996a0e71dfe25fbca816e5096bcbf87c81,2026-08-09T11:14:41.474133+00:00
tencent:20260618A04KRO00,2027QS世界大学排名发布：港大11名，北大13名，清华14名，浙大47名,60.0,3,internal_positive,A,生产基线,4,55,Alibaba,deepseek/deepseek-v4-flash,False,message.content,55,55,,,gen-1786274094-FPo1t1tat4eRoHUeqGqw,stop,9.422687701880932,1,ok,,5b0738d5eb0fca332793134330f2c2a5b5023b9b09e0757902f8dabaa060dd59,a292f23c312f639b27def3d6670072066f2253a2cc4c38592b165030667d774a,39dfb4fbcc655dd32b5ff9bbcde8c1996a0e71dfe25fbca816e5096bcbf87c81,2026-08-09T11:15:02.345760+00:00
tencent:20260618A04KRO00,2027QS世界大学排名发布：港大11名，北大13名，清华14名，浙大47名,60.0,3,internal_positive,A,生产基线,5,55,Alibaba,deepseek/deepseek-v4-flash,False,message.content,55,55,,,gen-1786274061-ZApx4KPFXx5BkJgriaI8,stop,10.54791709780693,1,ok,,5b0738d5eb0fca332793134330f2c2a5b5023b9b09e0757902f8dabaa060dd59,a292f23c312f639b27def3d6670072066f2253a2cc4c38592b165030667d774a,39dfb4fbcc655dd32b5ff9bbcde8c1996a0e71dfe25fbca816e5096bcbf87c81,2026-08-09T11:14:31.314417+00:00
tencent:20260618A04KRO00,2027QS世界大学排名发布：港大11名，北大13名，清华14名，浙大47名,60.0,3,internal_positive,D,固定 provider + 关闭 reasoning,1,20,Alibaba,deepseek/deepseek-v4-flash,False,message.content,20,20,,,gen-1786273426-qNurhbOuujDHUH21aVgv,stop,2.3819639980793,1,ok,,5b0738d5eb0fca332793134330f2c2a5b5023b9b09e0757902f8dabaa060dd59,a292f23c312f639b27def3d6670072066f2253a2cc4c38592b165030667d774a,efe83cb33dc4604f5a0c9a679100155d91951123cabe96d97527fa36ae0f93ea,2026-08-09T11:03:46.746613+00:00
tencent:20260618A04KRO00,2027QS世界大学排名发布：港大11名，北大13名，清华14名，浙大47名,60.0,3,internal_positive,D,固定 provider + 关闭 reasoning,2,20,Alibaba,deepseek/deepseek-v4-flash,False,message.content,20,20,,,gen-1786273433-5eyOpLHHWD1oTgZ0YcYr,stop,1.8537327982485294,1,ok,,5b0738d5eb0fca332793134330f2c2a5b5023b9b09e0757902f8dabaa060dd59,a292f23c312f639b27def3d6670072066f2253a2cc4c38592b165030667d774a,efe83cb33dc4604f5a0c9a679100155d91951123cabe96d97527fa36ae0f93ea,2026-08-09T11:03:53.854519+00:00
tencent:20260618A04KRO00,2027QS世界大学排名发布：港大11名，北大13名，清华14名，浙大47名,60.0,3,internal_positive,D,固定 provider + 关闭 reasoning,3,20,Alibaba,deepseek/deepseek-v4-flash,False,message.content,20,20,,,gen-1786273449-Z6aUHsElGs89zCDS6vzJ,stop,2.283101700246334,1,ok,,5b0738d5eb0fca332793134330f2c2a5b5023b9b09e0757902f8dabaa060dd59,a292f23c312f639b27def3d6670072066f2253a2cc4c38592b165030667d774a,efe83cb33dc4604f5a0c9a679100155d91951123cabe96d97527fa36ae0f93ea,2026-08-09T11:04:09.964948+00:00
tencent:20260618A04KRO00,2027QS世界大学排名发布：港大11名，北大13名，清华14名，浙大47名,60.0,3,internal_positive,D,固定 provider + 关闭 reasoning,4,20,Alibaba,deepseek/deepseek-v4-flash,False,message.content,20,20,,,gen-1786273444-GW9NX4jFwtolXoLYThfU,stop,2.0325701013207436,1,ok,,5b0738d5eb0fca332793134330f2c2a5b5023b9b09e0757902f8dabaa060dd59,a292f23c312f639b27def3d6670072066f2253a2cc4c38592b165030667d774a,efe83cb33dc4604f5a0c9a679100155d91951123cabe96d97527fa36ae0f93ea,2026-08-09T11:04:05.014316+00:00
tencent:20260618A04KRO00,2027QS世界大学排名发布：港大11名，北大13名，清华14名，浙大47名,60.0,3,internal_positive,D,固定 provider + 关闭 reasoning,5,20,Alibaba,deepseek/deepseek-v4-flash,False,message.content,20,20,,,gen-1786273431-BCBka5fgeJRcoH5f1P07,stop,2.714750498533249,1,ok,,5b0738d5eb0fca332793134330f2c2a5b5023b9b09e0757902f8dabaa060dd59,a292f23c312f639b27def3d6670072066f2253a2cc4c38592b165030667d774a,efe83cb33dc4604f5a0c9a679100155d91951123cabe96d97527fa36ae0f93ea,2026-08-09T11:03:51.999525+00:00
