article_id,title,stored_score,score_band,category,config_name,config_label,repetition,parsed_score,response_provider,response_model,message_content_empty,fallback_source,raw_output,message_content,message_reasoning,choice_reasoning_content,response_id,finish_reason,latency_seconds,http_attempts,status,error,prompt_sha256,common_payload_sha256,request_payload_sha256,completed_at
7575107124934689315,喝红酒能软化血管？冬季心血管疾病高发，这些说法不可信,20.0,1,internal_positive,A,生产基线,1,0,Alibaba,deepseek/deepseek-v4-flash,False,message.content,0,0,,,gen-1786248536-QtE90nsssbSVwoGQhpsg,stop,3.6960284002125263,1,ok,,0e1c7cbdec39b4c1ae7111a9c6c3674a0bf06b1192de76642de58019d3775c85,386a87aac1e437a735d95e0333807a56a8aedbedfb80148e9478d874865bc385,0e1a5cede62dcc0d4d820b760b740622b45343cae5c120b7bc651e89fcf2b378,2026-08-09T04:08:58.863758+00:00
7575107124934689315,喝红酒能软化血管？冬季心血管疾病高发，这些说法不可信,20.0,1,internal_positive,A,生产基线,2,0,Alibaba,deepseek/deepseek-v4-flash,False,message.content,0,0,,,gen-1786248639-ntvaxIj6AX4r1M5hKI6f,stop,3.283380299806595,1,ok,,0e1c7cbdec39b4c1ae7111a9c6c3674a0bf06b1192de76642de58019d3775c85,386a87aac1e437a735d95e0333807a56a8aedbedfb80148e9478d874865bc385,0e1a5cede62dcc0d4d820b760b740622b45343cae5c120b7bc651e89fcf2b378,2026-08-09T04:10:41.143934+00:00
7575107124934689315,喝红酒能软化血管？冬季心血管疾病高发，这些说法不可信,20.0,1,internal_positive,A,生产基线,3,0,Alibaba,deepseek/deepseek-v4-flash,False,message.content,0,0,,,gen-1786248577-WTyw21ybW5OmarsPnVsF,stop,3.140582397580147,1,ok,,0e1c7cbdec39b4c1ae7111a9c6c3674a0bf06b1192de76642de58019d3775c85,386a87aac1e437a735d95e0333807a56a8aedbedfb80148e9478d874865bc385,0e1a5cede62dcc0d4d820b760b740622b45343cae5c120b7bc651e89fcf2b378,2026-08-09T04:09:39.508412+00:00
7575107124934689315,喝红酒能软化血管？冬季心血管疾病高发，这些说法不可信,20.0,1,internal_positive,A,生产基线,4,15,Alibaba,deepseek/deepseek-v4-flash,False,message.content,15,15,,,gen-1786248477-bNuWG4DzvrpaHaGoYCe5,stop,4.074582599103451,1,ok,,0e1c7cbdec39b4c1ae7111a9c6c3674a0bf06b1192de76642de58019d3775c85,386a87aac1e437a735d95e0333807a56a8aedbedfb80148e9478d874865bc385,0e1a5cede62dcc0d4d820b760b740622b45343cae5c120b7bc651e89fcf2b378,2026-08-09T04:08:01.002839+00:00
7575107124934689315,喝红酒能软化血管？冬季心血管疾病高发，这些说法不可信,20.0,1,internal_positive,A,生产基线,5,0,Alibaba,deepseek/deepseek-v4-flash,False,message.content,0,0,,,gen-1786248682-o7CxfTV5fxhfkjyG62vS,stop,3.2022236995399,1,ok,,0e1c7cbdec39b4c1ae7111a9c6c3674a0bf06b1192de76642de58019d3775c85,386a87aac1e437a735d95e0333807a56a8aedbedfb80148e9478d874865bc385,0e1a5cede62dcc0d4d820b760b740622b45343cae5c120b7bc651e89fcf2b378,2026-08-09T04:11:24.217883+00:00
7575107124934689315,喝红酒能软化血管？冬季心血管疾病高发，这些说法不可信,20.0,1,internal_positive,B,固定 provider,1,0,Alibaba,deepseek/deepseek-v4-flash,False,message.content,0,0,,,gen-1786248616-sNRRlWh0eHnWYMApGoAX,stop,2.4953433014452457,1,ok,,0e1c7cbdec39b4c1ae7111a9c6c3674a0bf06b1192de76642de58019d3775c85,386a87aac1e437a735d95e0333807a56a8aedbedfb80148e9478d874865bc385,fe335177d49f10f5b3a4489c334d98e48eb6d24aca9975f46e0a4115ee8bb0c6,2026-08-09T04:10:17.952002+00:00
7575107124934689315,喝红酒能软化血管？冬季心血管疾病高发，这些说法不可信,20.0,1,internal_positive,B,固定 provider,2,0,Alibaba,deepseek/deepseek-v4-flash,False,message.content,0,0,,,gen-1786248599-9cRdC8hGds81Fv2mI9vf,stop,3.058634601533413,1,ok,,0e1c7cbdec39b4c1ae7111a9c6c3674a0bf06b1192de76642de58019d3775c85,386a87aac1e437a735d95e0333807a56a8aedbedfb80148e9478d874865bc385,fe335177d49f10f5b3a4489c334d98e48eb6d24aca9975f46e0a4115ee8bb0c6,2026-08-09T04:10:01.380882+00:00
7575107124934689315,喝红酒能软化血管？冬季心血管疾病高发，这些说法不可信,20.0,1,internal_positive,B,固定 provider,3,0,Alibaba,deepseek/deepseek-v4-flash,False,message.content,0,0,,,gen-1786248587-Xy8TGt2q4UChARCXylQB,stop,2.7601519003510475,1,ok,,0e1c7cbdec39b4c1ae7111a9c6c3674a0bf06b1192de76642de58019d3775c85,386a87aac1e437a735d95e0333807a56a8aedbedfb80148e9478d874865bc385,fe335177d49f10f5b3a4489c334d98e48eb6d24aca9975f46e0a4115ee8bb0c6,2026-08-09T04:09:49.094499+00:00
7575107124934689315,喝红酒能软化血管？冬季心血管疾病高发，这些说法不可信,20.0,1,internal_positive,B,固定 provider,4,0,Alibaba,deepseek/deepseek-v4-flash,False,message.content,0,0,,,gen-1786248642-iT0P7u9htLV8uwqiQjZk,stop,4.044220797717571,1,ok,,0e1c7cbdec39b4c1ae7111a9c6c3674a0bf06b1192de76642de58019d3775c85,386a87aac1e437a735d95e0333807a56a8aedbedfb80148e9478d874865bc385,fe335177d49f10f5b3a4489c334d98e48eb6d24aca9975f46e0a4115ee8bb0c6,2026-08-09T04:10:45.189782+00:00
7575107124934689315,喝红酒能软化血管？冬季心血管疾病高发，这些说法不可信,20.0,1,internal_positive,B,固定 provider,5,0,Alibaba,deepseek/deepseek-v4-flash,False,message.content,0,0,,,gen-1786248516-WXKiXsbojtH4bupWYrKz,stop,3.498861201107502,1,ok,,0e1c7cbdec39b4c1ae7111a9c6c3674a0bf06b1192de76642de58019d3775c85,386a87aac1e437a735d95e0333807a56a8aedbedfb80148e9478d874865bc385,fe335177d49f10f5b3a4489c334d98e48eb6d24aca9975f46e0a4115ee8bb0c6,2026-08-09T04:08:38.741563+00:00
7575107124934689315,喝红酒能软化血管？冬季心血管疾病高发，这些说法不可信,20.0,1,internal_positive,C,关闭 reasoning,1,0,Alibaba,deepseek/deepseek-v4-flash,False,message.content,0,0,,,gen-1786248453-R1JTNq9R7attBQO5DQWk,stop,2.195177301764488,1,ok,,0e1c7cbdec39b4c1ae7111a9c6c3674a0bf06b1192de76642de58019d3775c85,386a87aac1e437a735d95e0333807a56a8aedbedfb80148e9478d874865bc385,768fdbaaef8c8586f27541e853eddd318816225503e0d3559dc469049be073c8,2026-08-09T04:07:34.674029+00:00
7575107124934689315,喝红酒能软化血管？冬季心血管疾病高发，这些说法不可信,20.0,1,internal_positive,C,关闭 reasoning,2,0,Alibaba,deepseek/deepseek-v4-flash,False,message.content,0,0,,,gen-1786248667-qhG6dDOBavrcXUJcGwgc,stop,2.0120960995554924,1,ok,,0e1c7cbdec39b4c1ae7111a9c6c3674a0bf06b1192de76642de58019d3775c85,386a87aac1e437a735d95e0333807a56a8aedbedfb80148e9478d874865bc385,768fdbaaef8c8586f27541e853eddd318816225503e0d3559dc469049be073c8,2026-08-09T04:11:08.355678+00:00
7575107124934689315,喝红酒能软化血管？冬季心血管疾病高发，这些说法不可信,20.0,1,internal_positive,C,关闭 reasoning,3,0,Alibaba,deepseek/deepseek-v4-flash,False,message.content,0,0,,,gen-1786248490-q0KlpPH0SgfnbKMSRvu6,stop,1.6954542994499207,1,ok,,0e1c7cbdec39b4c1ae7111a9c6c3674a0bf06b1192de76642de58019d3775c85,386a87aac1e437a735d95e0333807a56a8aedbedfb80148e9478d874865bc385,768fdbaaef8c8586f27541e853eddd318816225503e0d3559dc469049be073c8,2026-08-09T04:08:11.019578+00:00
7575107124934689315,喝红酒能软化血管？冬季心血管疾病高发，这些说法不可信,20.0,1,internal_positive,C,关闭 reasoning,4,0,Alibaba,deepseek/deepseek-v4-flash,False,message.content,0,0,,,gen-1786248674-Wm3b9P0uTImYuDEJBPJF,stop,1.652285497635603,1,ok,,0e1c7cbdec39b4c1ae7111a9c6c3674a0bf06b1192de76642de58019d3775c85,386a87aac1e437a735d95e0333807a56a8aedbedfb80148e9478d874865bc385,768fdbaaef8c8586f27541e853eddd318816225503e0d3559dc469049be073c8,2026-08-09T04:11:15.060959+00:00
7575107124934689315,喝红酒能软化血管？冬季心血管疾病高发，这些说法不可信,20.0,1,internal_positive,C,关闭 reasoning,5,0,Alibaba,deepseek/deepseek-v4-flash,False,message.content,0,0,,,gen-1786248658-1kCh30nAKBIzRfXIvQRl,stop,2.0088278017938137,1,ok,,0e1c7cbdec39b4c1ae7111a9c6c3674a0bf06b1192de76642de58019d3775c85,386a87aac1e437a735d95e0333807a56a8aedbedfb80148e9478d874865bc385,768fdbaaef8c8586f27541e853eddd318816225503e0d3559dc469049be073c8,2026-08-09T04:10:59.426810+00:00
7575107124934689315,喝红酒能软化血管？冬季心血管疾病高发，这些说法不可信,20.0,1,internal_positive,D,固定 provider + 关闭 reasoning,1,0,Alibaba,deepseek/deepseek-v4-flash,False,message.content,0,0,,,gen-1786248576-FjpNXJtESe2hjMn2TbXq,stop,1.714495699852705,1,ok,,0e1c7cbdec39b4c1ae7111a9c6c3674a0bf06b1192de76642de58019d3775c85,386a87aac1e437a735d95e0333807a56a8aedbedfb80148e9478d874865bc385,81cbc1397bc7592793e6e92fe8412a6147aa22fdcf077810271de3b6bbcc5516,2026-08-09T04:09:37.633493+00:00
7575107124934689315,喝红酒能软化血管？冬季心血管疾病高发，这些说法不可信,20.0,1,internal_positive,D,固定 provider + 关闭 reasoning,2,0,Alibaba,deepseek/deepseek-v4-flash,False,message.content,0,0,,,gen-1786248639-S15kNvCbPev4q2KfT4qz,stop,1.7579260990023613,1,ok,,0e1c7cbdec39b4c1ae7111a9c6c3674a0bf06b1192de76642de58019d3775c85,386a87aac1e437a735d95e0333807a56a8aedbedfb80148e9478d874865bc385,81cbc1397bc7592793e6e92fe8412a6147aa22fdcf077810271de3b6bbcc5516,2026-08-09T04:10:40.524874+00:00
7575107124934689315,喝红酒能软化血管？冬季心血管疾病高发，这些说法不可信,20.0,1,internal_positive,D,固定 provider + 关闭 reasoning,3,0,Alibaba,deepseek/deepseek-v4-flash,False,message.content,0,0,,,gen-1786248622-8uqdzzysCKKIjIfIJlh1,stop,1.8425824008882046,1,ok,,0e1c7cbdec39b4c1ae7111a9c6c3674a0bf06b1192de76642de58019d3775c85,386a87aac1e437a735d95e0333807a56a8aedbedfb80148e9478d874865bc385,81cbc1397bc7592793e6e92fe8412a6147aa22fdcf077810271de3b6bbcc5516,2026-08-09T04:10:23.230775+00:00
7575107124934689315,喝红酒能软化血管？冬季心血管疾病高发，这些说法不可信,20.0,1,internal_positive,D,固定 provider + 关闭 reasoning,4,0,Alibaba,deepseek/deepseek-v4-flash,False,message.content,0,0,,,gen-1786248607-cdqPEMMyWwQOSBuNbxGA,stop,1.7675283998250961,1,ok,,0e1c7cbdec39b4c1ae7111a9c6c3674a0bf06b1192de76642de58019d3775c85,386a87aac1e437a735d95e0333807a56a8aedbedfb80148e9478d874865bc385,81cbc1397bc7592793e6e92fe8412a6147aa22fdcf077810271de3b6bbcc5516,2026-08-09T04:10:08.204853+00:00
7575107124934689315,喝红酒能软化血管？冬季心血管疾病高发，这些说法不可信,20.0,1,internal_positive,D,固定 provider + 关闭 reasoning,5,0,Alibaba,deepseek/deepseek-v4-flash,False,message.content,0,0,,,gen-1786248534-WCSPHQ1QYdDDjaSnwC70,stop,1.9397285990417004,1,ok,,0e1c7cbdec39b4c1ae7111a9c6c3674a0bf06b1192de76642de58019d3775c85,386a87aac1e437a735d95e0333807a56a8aedbedfb80148e9478d874865bc385,81cbc1397bc7592793e6e92fe8412a6147aa22fdcf077810271de3b6bbcc5516,2026-08-09T04:08:55.166301+00:00
7575141576054211087,河南两部门联合发文！事关学校餐饮具清洗消毒,40.0,2,external_positive,A,生产基线,1,75,Alibaba,deepseek/deepseek-v4-flash,False,message.content,75,75,,,gen-1786248624-4iONsDy4awcH6BXkKiQr,stop,6.5544202998280525,1,ok,,5d6df71a475c6c78b6c50966d77d7a349c9735cc3a18ae1e67febc0667affd3e,7ec5b4833deab94ce6c5a6759b1ae05b585b9fb719f99c376b8c4f8b83943fd7,368fadbbdada19ea2b41579be2a8b23a13d60ddbe6a9532bac55f9323446e3f4,2026-08-09T04:10:29.786556+00:00
7575141576054211087,河南两部门联合发文！事关学校餐饮具清洗消毒,40.0,2,external_positive,A,生产基线,2,55,Alibaba,deepseek/deepseek-v4-flash,False,message.content,55,55,,,gen-1786248630-Sk2RHnZBuNkpbPUSc7Qs,stop,4.672790098935366,1,ok,,5d6df71a475c6c78b6c50966d77d7a349c9735cc3a18ae1e67febc0667affd3e,7ec5b4833deab94ce6c5a6759b1ae05b585b9fb719f99c376b8c4f8b83943fd7,368fadbbdada19ea2b41579be2a8b23a13d60ddbe6a9532bac55f9323446e3f4,2026-08-09T04:10:34.735553+00:00
7575141576054211087,河南两部门联合发文！事关学校餐饮具清洗消毒,40.0,2,external_positive,A,生产基线,3,75,Alibaba,deepseek/deepseek-v4-flash,False,message.content,75,75,,,gen-1786248615-A66O4LdD9qQLk2x7XNeW,stop,4.566111698746681,1,ok,,5d6df71a475c6c78b6c50966d77d7a349c9735cc3a18ae1e67febc0667affd3e,7ec5b4833deab94ce6c5a6759b1ae05b585b9fb719f99c376b8c4f8b83943fd7,368fadbbdada19ea2b41579be2a8b23a13d60ddbe6a9532bac55f9323446e3f4,2026-08-09T04:10:18.779579+00:00
7575141576054211087,河南两部门联合发文！事关学校餐饮具清洗消毒,40.0,2,external_positive,A,生产基线,4,85,Alibaba,deepseek/deepseek-v4-flash,False,message.content,85,85,,,gen-1786248551-g2EKzVEwhtkLDTcOZDTJ,stop,4.420381899923086,1,ok,,5d6df71a475c6c78b6c50966d77d7a349c9735cc3a18ae1e67febc0667affd3e,7ec5b4833deab94ce6c5a6759b1ae05b585b9fb719f99c376b8c4f8b83943fd7,368fadbbdada19ea2b41579be2a8b23a13d60ddbe6a9532bac55f9323446e3f4,2026-08-09T04:09:14.924423+00:00
7575141576054211087,河南两部门联合发文！事关学校餐饮具清洗消毒,40.0,2,external_positive,A,生产基线,5,85,Alibaba,deepseek/deepseek-v4-flash,False,message.content,85,85,,,gen-1786248500-6lTR1LRjIOf0OJmn5HQr,stop,3.8369606994092464,1,ok,,5d6df71a475c6c78b6c50966d77d7a349c9735cc3a18ae1e67febc0667affd3e,7ec5b4833deab94ce6c5a6759b1ae05b585b9fb719f99c376b8c4f8b83943fd7,368fadbbdada19ea2b41579be2a8b23a13d60ddbe6a9532bac55f9323446e3f4,2026-08-09T04:08:22.764333+00:00
7575141576054211087,河南两部门联合发文！事关学校餐饮具清洗消毒,40.0,2,external_positive,B,固定 provider,1,80,Alibaba,deepseek/deepseek-v4-flash,False,message.content,80,80,,,gen-1786248642-O3tnHn8OUfaDk4YIMPTR,stop,4.324796002358198,1,ok,,5d6df71a475c6c78b6c50966d77d7a349c9735cc3a18ae1e67febc0667affd3e,7ec5b4833deab94ce6c5a6759b1ae05b585b9fb719f99c376b8c4f8b83943fd7,2fa845fae93de27023c98692cb62dd1c570324a38de1f4517bb0a196d495da7f,2026-08-09T04:10:45.366273+00:00
7575141576054211087,河南两部门联合发文！事关学校餐饮具清洗消毒,40.0,2,external_positive,B,固定 provider,2,85,Alibaba,deepseek/deepseek-v4-flash,False,message.content,85,85,,,gen-1786248672-2y789mwnOi1WR6NpBoJO,stop,5.518077600747347,1,ok,,5d6df71a475c6c78b6c50966d77d7a349c9735cc3a18ae1e67febc0667affd3e,7ec5b4833deab94ce6c5a6759b1ae05b585b9fb719f99c376b8c4f8b83943fd7,2fa845fae93de27023c98692cb62dd1c570324a38de1f4517bb0a196d495da7f,2026-08-09T04:11:16.846309+00:00
7575141576054211087,河南两部门联合发文！事关学校餐饮具清洗消毒,40.0,2,external_positive,B,固定 provider,3,85,Alibaba,deepseek/deepseek-v4-flash,False,message.content,85,85,,,gen-1786248653-oqQqOuodoN5x8GvdbB2n,stop,4.962732300162315,1,ok,,5d6df71a475c6c78b6c50966d77d7a349c9735cc3a18ae1e67febc0667affd3e,7ec5b4833deab94ce6c5a6759b1ae05b585b9fb719f99c376b8c4f8b83943fd7,2fa845fae93de27023c98692cb62dd1c570324a38de1f4517bb0a196d495da7f,2026-08-09T04:10:57.342167+00:00
7575141576054211087,河南两部门联合发文！事关学校餐饮具清洗消毒,40.0,2,external_positive,B,固定 provider,4,85,Alibaba,deepseek/deepseek-v4-flash,False,message.content,85,85,,,gen-1786248519-D7bqxAvin8AaG0g2ANjX,stop,3.6844214983284473,1,ok,,5d6df71a475c6c78b6c50966d77d7a349c9735cc3a18ae1e67febc0667affd3e,7ec5b4833deab94ce6c5a6759b1ae05b585b9fb719f99c376b8c4f8b83943fd7,2fa845fae93de27023c98692cb62dd1c570324a38de1f4517bb0a196d495da7f,2026-08-09T04:08:42.360906+00:00
7575141576054211087,河南两部门联合发文！事关学校餐饮具清洗消毒,40.0,2,external_positive,B,固定 provider,5,75,Alibaba,deepseek/deepseek-v4-flash,False,message.content,75,75,,,gen-1786248536-zULwp9bvmb52mNVYdYci,stop,4.04869170114398,1,ok,,5d6df71a475c6c78b6c50966d77d7a349c9735cc3a18ae1e67febc0667affd3e,7ec5b4833deab94ce6c5a6759b1ae05b585b9fb719f99c376b8c4f8b83943fd7,2fa845fae93de27023c98692cb62dd1c570324a38de1f4517bb0a196d495da7f,2026-08-09T04:08:59.180182+00:00
7575141576054211087,河南两部门联合发文！事关学校餐饮具清洗消毒,40.0,2,external_positive,C,关闭 reasoning,1,85,Alibaba,deepseek/deepseek-v4-flash,False,message.content,85,85,,,gen-1786248656-X1k38MVoPo8gpYzvrY4B,stop,1.6920319981873035,1,ok,,5d6df71a475c6c78b6c50966d77d7a349c9735cc3a18ae1e67febc0667affd3e,7ec5b4833deab94ce6c5a6759b1ae05b585b9fb719f99c376b8c4f8b83943fd7,98e9c0111306c0a710f1605972c2ebc6da938ada97876cc2bebe286211575694,2026-08-09T04:10:57.542201+00:00
7575141576054211087,河南两部门联合发文！事关学校餐饮具清洗消毒,40.0,2,external_positive,C,关闭 reasoning,2,85,Alibaba,deepseek/deepseek-v4-flash,False,message.content,85,85,,,gen-1786248609-Cmu7STMcO6dYLWKyhUiT,stop,1.8468383997678757,1,ok,,5d6df71a475c6c78b6c50966d77d7a349c9735cc3a18ae1e67febc0667affd3e,7ec5b4833deab94ce6c5a6759b1ae05b585b9fb719f99c376b8c4f8b83943fd7,98e9c0111306c0a710f1605972c2ebc6da938ada97876cc2bebe286211575694,2026-08-09T04:10:10.418201+00:00
7575141576054211087,河南两部门联合发文！事关学校餐饮具清洗消毒,40.0,2,external_positive,C,关闭 reasoning,3,85,Alibaba,deepseek/deepseek-v4-flash,False,message.content,85,85,,,gen-1786248451-M4gBG3UeMcnA7lOjcJvE,stop,2.436065800487995,1,ok,,5d6df71a475c6c78b6c50966d77d7a349c9735cc3a18ae1e67febc0667affd3e,7ec5b4833deab94ce6c5a6759b1ae05b585b9fb719f99c376b8c4f8b83943fd7,98e9c0111306c0a710f1605972c2ebc6da938ada97876cc2bebe286211575694,2026-08-09T04:07:32.354416+00:00
7575141576054211087,河南两部门联合发文！事关学校餐饮具清洗消毒,40.0,2,external_positive,C,关闭 reasoning,4,75,Alibaba,deepseek/deepseek-v4-flash,False,message.content,75,75,,,gen-1786248677-uwA7hBIxbpftOOZMNi4z,stop,2.230740901082754,1,ok,,5d6df71a475c6c78b6c50966d77d7a349c9735cc3a18ae1e67febc0667affd3e,7ec5b4833deab94ce6c5a6759b1ae05b585b9fb719f99c376b8c4f8b83943fd7,98e9c0111306c0a710f1605972c2ebc6da938ada97876cc2bebe286211575694,2026-08-09T04:11:18.324348+00:00
7575141576054211087,河南两部门联合发文！事关学校餐饮具清洗消毒,40.0,2,external_positive,C,关闭 reasoning,5,85,Alibaba,deepseek/deepseek-v4-flash,False,message.content,85,85,,,gen-1786248604-2b5QA4wTAPzp6Gq4SUNP,stop,2.2042157016694546,1,ok,,5d6df71a475c6c78b6c50966d77d7a349c9735cc3a18ae1e67febc0667affd3e,7ec5b4833deab94ce6c5a6759b1ae05b585b9fb719f99c376b8c4f8b83943fd7,98e9c0111306c0a710f1605972c2ebc6da938ada97876cc2bebe286211575694,2026-08-09T04:10:05.536353+00:00
7575141576054211087,河南两部门联合发文！事关学校餐饮具清洗消毒,40.0,2,external_positive,D,固定 provider + 关闭 reasoning,1,85,Alibaba,deepseek/deepseek-v4-flash,False,message.content,85,85,,,gen-1786248552-fRN8cCk7Xv5zno7OyhDx,stop,1.6127469018101692,1,ok,,5d6df71a475c6c78b6c50966d77d7a349c9735cc3a18ae1e67febc0667affd3e,7ec5b4833deab94ce6c5a6759b1ae05b585b9fb719f99c376b8c4f8b83943fd7,11ca195c8597877994ff8366038a7a6a0330dc7f3ee5d6a7ccb6a03ad1efcf3e,2026-08-09T04:09:13.412798+00:00
7575141576054211087,河南两部门联合发文！事关学校餐饮具清洗消毒,40.0,2,external_positive,D,固定 provider + 关闭 reasoning,2,85,Alibaba,deepseek/deepseek-v4-flash,False,message.content,85,85,,,gen-1786248520-UfNncH0WzpwLtxxBZpf4,stop,1.7695849984884262,1,ok,,5d6df71a475c6c78b6c50966d77d7a349c9735cc3a18ae1e67febc0667affd3e,7ec5b4833deab94ce6c5a6759b1ae05b585b9fb719f99c376b8c4f8b83943fd7,11ca195c8597877994ff8366038a7a6a0330dc7f3ee5d6a7ccb6a03ad1efcf3e,2026-08-09T04:08:41.403890+00:00
7575141576054211087,河南两部门联合发文！事关学校餐饮具清洗消毒,40.0,2,external_positive,D,固定 provider + 关闭 reasoning,3,85,Alibaba,deepseek/deepseek-v4-flash,False,message.content,85,85,,,gen-1786248557-pBBTCZlFzBy2Tc4Y7ujb,stop,1.6939416006207466,1,ok,,5d6df71a475c6c78b6c50966d77d7a349c9735cc3a18ae1e67febc0667affd3e,7ec5b4833deab94ce6c5a6759b1ae05b585b9fb719f99c376b8c4f8b83943fd7,11ca195c8597877994ff8366038a7a6a0330dc7f3ee5d6a7ccb6a03ad1efcf3e,2026-08-09T04:09:18.697695+00:00
7575141576054211087,河南两部门联合发文！事关学校餐饮具清洗消毒,40.0,2,external_positive,D,固定 provider + 关闭 reasoning,4,85,Alibaba,deepseek/deepseek-v4-flash,False,message.content,85,85,,,gen-1786248503-hYOq0tVX5xpIe8H2JAL0,stop,2.141408998519182,1,ok,,5d6df71a475c6c78b6c50966d77d7a349c9735cc3a18ae1e67febc0667affd3e,7ec5b4833deab94ce6c5a6759b1ae05b585b9fb719f99c376b8c4f8b83943fd7,11ca195c8597877994ff8366038a7a6a0330dc7f3ee5d6a7ccb6a03ad1efcf3e,2026-08-09T04:08:24.583321+00:00
7575141576054211087,河南两部门联合发文！事关学校餐饮具清洗消毒,40.0,2,external_positive,D,固定 provider + 关闭 reasoning,5,75,Alibaba,deepseek/deepseek-v4-flash,False,message.content,75,75,,,gen-1786248526-digwR7buUHh8pCOu6N3M,stop,1.890310201793909,1,ok,,5d6df71a475c6c78b6c50966d77d7a349c9735cc3a18ae1e67febc0667affd3e,7ec5b4833deab94ce6c5a6759b1ae05b585b9fb719f99c376b8c4f8b83943fd7,11ca195c8597877994ff8366038a7a6a0330dc7f3ee5d6a7ccb6a03ad1efcf3e,2026-08-09T04:08:47.371869+00:00
7581807128730534452,中国技术为攻克艾滋病开新路，国产“抗艾”疫苗已在路上,0.0,0,internal_positive,A,生产基线,1,0,Alibaba,deepseek/deepseek-v4-flash,False,message.content,0,0,,,gen-1786248646-dxsVmTzNpZAh6R1wB5FI,stop,3.3049547001719475,1,ok,,631f9db4dea1e805b728070cbe67c6429cfeae58e40d3170bd8f9728361fb1ea,a8f08d7b6707a3dd352135a0c4a17e77f32e73418ae4add4121065aa29c47d0c,7c2ee3a54e581988dc5f0df22c864c6b2e8c30bda9ef5823a47cc84ee54eb539,2026-08-09T04:10:48.672551+00:00
7581807128730534452,中国技术为攻克艾滋病开新路，国产“抗艾”疫苗已在路上,0.0,0,internal_positive,A,生产基线,2,0,Alibaba,deepseek/deepseek-v4-flash,False,message.content,0,0,,,gen-1786248463-aYtFEkYlD7mEfultxLjS,stop,5.046336401253939,1,ok,,631f9db4dea1e805b728070cbe67c6429cfeae58e40d3170bd8f9728361fb1ea,a8f08d7b6707a3dd352135a0c4a17e77f32e73418ae4add4121065aa29c47d0c,7c2ee3a54e581988dc5f0df22c864c6b2e8c30bda9ef5823a47cc84ee54eb539,2026-08-09T04:07:47.655037+00:00
7581807128730534452,中国技术为攻克艾滋病开新路，国产“抗艾”疫苗已在路上,0.0,0,internal_positive,A,生产基线,3,5,Alibaba,deepseek/deepseek-v4-flash,False,message.content,5,5,,,gen-1786248550-Ic3ibHFgJQrIattZi7mv,stop,3.1891188994050026,1,ok,,631f9db4dea1e805b728070cbe67c6429cfeae58e40d3170bd8f9728361fb1ea,a8f08d7b6707a3dd352135a0c4a17e77f32e73418ae4add4121065aa29c47d0c,7c2ee3a54e581988dc5f0df22c864c6b2e8c30bda9ef5823a47cc84ee54eb539,2026-08-09T04:09:12.319014+00:00
7581807128730534452,中国技术为攻克艾滋病开新路，国产“抗艾”疫苗已在路上,0.0,0,internal_positive,A,生产基线,4,0,Alibaba,deepseek/deepseek-v4-flash,False,message.content,0,0,,,gen-1786248678-W4RAhTl4QJAcnwgpbF75,stop,4.275559801608324,1,ok,,631f9db4dea1e805b728070cbe67c6429cfeae58e40d3170bd8f9728361fb1ea,a8f08d7b6707a3dd352135a0c4a17e77f32e73418ae4add4121065aa29c47d0c,7c2ee3a54e581988dc5f0df22c864c6b2e8c30bda9ef5823a47cc84ee54eb539,2026-08-09T04:11:21.596469+00:00
7581807128730534452,中国技术为攻克艾滋病开新路，国产“抗艾”疫苗已在路上,0.0,0,internal_positive,A,生产基线,5,0,Alibaba,deepseek/deepseek-v4-flash,False,message.content,0,0,,,gen-1786248474-HX8OESIqBlW6fonghQYk,stop,3.7932110019028187,1,ok,,631f9db4dea1e805b728070cbe67c6429cfeae58e40d3170bd8f9728361fb1ea,a8f08d7b6707a3dd352135a0c4a17e77f32e73418ae4add4121065aa29c47d0c,7c2ee3a54e581988dc5f0df22c864c6b2e8c30bda9ef5823a47cc84ee54eb539,2026-08-09T04:07:57.459608+00:00
7581807128730534452,中国技术为攻克艾滋病开新路，国产“抗艾”疫苗已在路上,0.0,0,internal_positive,B,固定 provider,1,5,Alibaba,deepseek/deepseek-v4-flash,False,message.content,5,5,,,gen-1786248566-KjKlUP9JW2Y75fi1qGwc,stop,4.153779100626707,1,ok,,631f9db4dea1e805b728070cbe67c6429cfeae58e40d3170bd8f9728361fb1ea,a8f08d7b6707a3dd352135a0c4a17e77f32e73418ae4add4121065aa29c47d0c,3befc78da832c2a646bec4fb24db34c12aaeb78feb280b9d51c8f0eee1df9593,2026-08-09T04:09:29.742123+00:00
7581807128730534452,中国技术为攻克艾滋病开新路，国产“抗艾”疫苗已在路上,0.0,0,internal_positive,B,固定 provider,2,0,Alibaba,deepseek/deepseek-v4-flash,False,message.content,0,0,,,gen-1786248600-7eMjWpdMORvxe97AvwLY,stop,3.873776398599148,1,ok,,631f9db4dea1e805b728070cbe67c6429cfeae58e40d3170bd8f9728361fb1ea,a8f08d7b6707a3dd352135a0c4a17e77f32e73418ae4add4121065aa29c47d0c,3befc78da832c2a646bec4fb24db34c12aaeb78feb280b9d51c8f0eee1df9593,2026-08-09T04:10:03.360134+00:00
7581807128730534452,中国技术为攻克艾滋病开新路，国产“抗艾”疫苗已在路上,0.0,0,internal_positive,B,固定 provider,3,0,Alibaba,deepseek/deepseek-v4-flash,False,message.content,0,0,,,gen-1786248526-qLoJ3u8UKJJQOCxKUvUe,stop,4.076920200139284,1,ok,,631f9db4dea1e805b728070cbe67c6429cfeae58e40d3170bd8f9728361fb1ea,a8f08d7b6707a3dd352135a0c4a17e77f32e73418ae4add4121065aa29c47d0c,3befc78da832c2a646bec4fb24db34c12aaeb78feb280b9d51c8f0eee1df9593,2026-08-09T04:08:49.845478+00:00
7581807128730534452,中国技术为攻克艾滋病开新路，国产“抗艾”疫苗已在路上,0.0,0,internal_positive,B,固定 provider,4,0,Alibaba,deepseek/deepseek-v4-flash,False,message.content,0,0,,,gen-1786248653-OQYY098E2mATtQA0TB1f,stop,4.108664099127054,1,ok,,631f9db4dea1e805b728070cbe67c6429cfeae58e40d3170bd8f9728361fb1ea,a8f08d7b6707a3dd352135a0c4a17e77f32e73418ae4add4121065aa29c47d0c,3befc78da832c2a646bec4fb24db34c12aaeb78feb280b9d51c8f0eee1df9593,2026-08-09T04:10:57.045790+00:00
7581807128730534452,中国技术为攻克艾滋病开新路，国产“抗艾”疫苗已在路上,0.0,0,internal_positive,B,固定 provider,5,5,Alibaba,deepseek/deepseek-v4-flash,False,message.content,5,5,,,gen-1786248491-xb9pF86uduntzkSK99P3,stop,4.20553569868207,1,ok,,631f9db4dea1e805b728070cbe67c6429cfeae58e40d3170bd8f9728361fb1ea,a8f08d7b6707a3dd352135a0c4a17e77f32e73418ae4add4121065aa29c47d0c,3befc78da832c2a646bec4fb24db34c12aaeb78feb280b9d51c8f0eee1df9593,2026-08-09T04:08:15.082480+00:00
7581807128730534452,中国技术为攻克艾滋病开新路，国产“抗艾”疫苗已在路上,0.0,0,internal_positive,C,关闭 reasoning,1,75,Alibaba,deepseek/deepseek-v4-flash,False,message.content,75,75,,,gen-1786248584-KPBllgoIcQJrOK6jzZzb,stop,1.5178375989198685,1,ok,,631f9db4dea1e805b728070cbe67c6429cfeae58e40d3170bd8f9728361fb1ea,a8f08d7b6707a3dd352135a0c4a17e77f32e73418ae4add4121065aa29c47d0c,fbd28d239562370c9b8c867bb42faf378b3fce68f05de5ad7045b42200f09039,2026-08-09T04:09:45.378552+00:00
7581807128730534452,中国技术为攻克艾滋病开新路，国产“抗艾”疫苗已在路上,0.0,0,internal_positive,C,关闭 reasoning,2,75,Alibaba,deepseek/deepseek-v4-flash,False,message.content,75,75,,,gen-1786248560-f73wxLqDQTuPF3imdQTI,stop,1.734910599887371,1,ok,,631f9db4dea1e805b728070cbe67c6429cfeae58e40d3170bd8f9728361fb1ea,a8f08d7b6707a3dd352135a0c4a17e77f32e73418ae4add4121065aa29c47d0c,fbd28d239562370c9b8c867bb42faf378b3fce68f05de5ad7045b42200f09039,2026-08-09T04:09:20.749874+00:00
7581807128730534452,中国技术为攻克艾滋病开新路，国产“抗艾”疫苗已在路上,0.0,0,internal_positive,C,关闭 reasoning,3,75,Alibaba,deepseek/deepseek-v4-flash,False,message.content,75,75,,,gen-1786248588-ehDDWxrXWw8uiJoBkMG3,stop,1.7083502002060413,1,ok,,631f9db4dea1e805b728070cbe67c6429cfeae58e40d3170bd8f9728361fb1ea,a8f08d7b6707a3dd352135a0c4a17e77f32e73418ae4add4121065aa29c47d0c,fbd28d239562370c9b8c867bb42faf378b3fce68f05de5ad7045b42200f09039,2026-08-09T04:09:48.741957+00:00
7581807128730534452,中国技术为攻克艾滋病开新路，国产“抗艾”疫苗已在路上,0.0,0,internal_positive,C,关闭 reasoning,4,15,Alibaba,deepseek/deepseek-v4-flash,False,message.content,15,15,,,gen-1786248499-SmsmIGJCAjo8B7VpQjh6,stop,1.633076298981905,1,ok,,631f9db4dea1e805b728070cbe67c6429cfeae58e40d3170bd8f9728361fb1ea,a8f08d7b6707a3dd352135a0c4a17e77f32e73418ae4add4121065aa29c47d0c,fbd28d239562370c9b8c867bb42faf378b3fce68f05de5ad7045b42200f09039,2026-08-09T04:08:19.933164+00:00
7581807128730534452,中国技术为攻克艾滋病开新路，国产“抗艾”疫苗已在路上,0.0,0,internal_positive,C,关闭 reasoning,5,75,Alibaba,deepseek/deepseek-v4-flash,False,message.content,75,75,,,gen-1786248572-EMNHTQ6lsey0CxgIi028,stop,2.1174184009432793,1,ok,,631f9db4dea1e805b728070cbe67c6429cfeae58e40d3170bd8f9728361fb1ea,a8f08d7b6707a3dd352135a0c4a17e77f32e73418ae4add4121065aa29c47d0c,fbd28d239562370c9b8c867bb42faf378b3fce68f05de5ad7045b42200f09039,2026-08-09T04:09:33.182548+00:00
7581807128730534452,中国技术为攻克艾滋病开新路，国产“抗艾”疫苗已在路上,0.0,0,internal_positive,D,固定 provider + 关闭 reasoning,1,15,Alibaba,deepseek/deepseek-v4-flash,False,message.content,15,15,,,gen-1786248651-6OgMKymi0aQ1YvN0lA3f,stop,1.8280839994549751,1,ok,,631f9db4dea1e805b728070cbe67c6429cfeae58e40d3170bd8f9728361fb1ea,a8f08d7b6707a3dd352135a0c4a17e77f32e73418ae4add4121065aa29c47d0c,14d67cceab171725c3228842182bf211d5bce3c511b349d63492fa91e79d9306,2026-08-09T04:10:52.378032+00:00
7581807128730534452,中国技术为攻克艾滋病开新路，国产“抗艾”疫苗已在路上,0.0,0,internal_positive,D,固定 provider + 关闭 reasoning,2,15,Alibaba,deepseek/deepseek-v4-flash,False,message.content,15,15,,,gen-1786248480-1H8eVsj7yN4vqiodc53E,stop,1.9272752031683922,1,ok,,631f9db4dea1e805b728070cbe67c6429cfeae58e40d3170bd8f9728361fb1ea,a8f08d7b6707a3dd352135a0c4a17e77f32e73418ae4add4121065aa29c47d0c,14d67cceab171725c3228842182bf211d5bce3c511b349d63492fa91e79d9306,2026-08-09T04:08:01.700927+00:00
7581807128730534452,中国技术为攻克艾滋病开新路，国产“抗艾”疫苗已在路上,0.0,0,internal_positive,D,固定 provider + 关闭 reasoning,3,0,Alibaba,deepseek/deepseek-v4-flash,False,message.content,0,0,,,gen-1786248513-sL0nVrFkHc47RMB4kvMU,stop,1.6427705995738506,1,ok,,631f9db4dea1e805b728070cbe67c6429cfeae58e40d3170bd8f9728361fb1ea,a8f08d7b6707a3dd352135a0c4a17e77f32e73418ae4add4121065aa29c47d0c,14d67cceab171725c3228842182bf211d5bce3c511b349d63492fa91e79d9306,2026-08-09T04:08:34.319683+00:00
7581807128730534452,中国技术为攻克艾滋病开新路，国产“抗艾”疫苗已在路上,0.0,0,internal_positive,D,固定 provider + 关闭 reasoning,4,20,Alibaba,deepseek/deepseek-v4-flash,False,message.content,20,20,,,gen-1786248492-mtzXvpZZpXBx7DZghNek,stop,1.734544400125742,1,ok,,631f9db4dea1e805b728070cbe67c6429cfeae58e40d3170bd8f9728361fb1ea,a8f08d7b6707a3dd352135a0c4a17e77f32e73418ae4add4121065aa29c47d0c,14d67cceab171725c3228842182bf211d5bce3c511b349d63492fa91e79d9306,2026-08-09T04:08:13.400916+00:00
7581807128730534452,中国技术为攻克艾滋病开新路，国产“抗艾”疫苗已在路上,0.0,0,internal_positive,D,固定 provider + 关闭 reasoning,5,75,Alibaba,deepseek/deepseek-v4-flash,False,message.content,75,75,,,gen-1786248562-qXIJxcvehuUmKNK9E3pZ,stop,2.1164279989898205,1,ok,,631f9db4dea1e805b728070cbe67c6429cfeae58e40d3170bd8f9728361fb1ea,a8f08d7b6707a3dd352135a0c4a17e77f32e73418ae4add4121065aa29c47d0c,14d67cceab171725c3228842182bf211d5bce3c511b349d63492fa91e79d9306,2026-08-09T04:09:22.898889+00:00
7584276121978405412,马鞍山雨山区：产业“造血”让落星村“和美蝶变”,10.0,0,external_positive,A,生产基线,1,40,Alibaba,deepseek/deepseek-v4-flash,False,message.content,40,40,,,gen-1786248505-ebWHTdRwWcnw2OV9n71b,stop,4.793402601033449,1,ok,,e1ce2634b9fc905116a824e03058678fb710ecc3b13353cb51c7488cb21ca7ea,d6319d43b7922058119780751e88040e1ac3c564d4ca3de39cb279fdc170cfac,3e3c0248d605cd27d79cb1ba4d24ce42aeda272e55416003921c3a352201b4cb,2026-08-09T04:08:29.378058+00:00
7584276121978405412,马鞍山雨山区：产业“造血”让落星村“和美蝶变”,10.0,0,external_positive,A,生产基线,2,20,Alibaba,deepseek/deepseek-v4-flash,False,message.content,20,20,,,gen-1786248453-rUB6UHuIHYUGwecqRJ3a,stop,4.02522599697113,1,ok,,e1ce2634b9fc905116a824e03058678fb710ecc3b13353cb51c7488cb21ca7ea,d6319d43b7922058119780751e88040e1ac3c564d4ca3de39cb279fdc170cfac,3e3c0248d605cd27d79cb1ba4d24ce42aeda272e55416003921c3a352201b4cb,2026-08-09T04:07:36.381143+00:00
7584276121978405412,马鞍山雨山区：产业“造血”让落星村“和美蝶变”,10.0,0,external_positive,A,生产基线,3,30,Alibaba,deepseek/deepseek-v4-flash,False,message.content,30,30,,,gen-1786248630-zCzap0ipzoCt0QWPRfQD,stop,5.0884030014276505,1,ok,,e1ce2634b9fc905116a824e03058678fb710ecc3b13353cb51c7488cb21ca7ea,d6319d43b7922058119780751e88040e1ac3c564d4ca3de39cb279fdc170cfac,3e3c0248d605cd27d79cb1ba4d24ce42aeda272e55416003921c3a352201b4cb,2026-08-09T04:10:34.876350+00:00
7584276121978405412,马鞍山雨山区：产业“造血”让落星村“和美蝶变”,10.0,0,external_positive,A,生产基线,4,45,Alibaba,deepseek/deepseek-v4-flash,False,message.content,45,45,,,gen-1786248459-HRK6siFuBnWeJJ2XMGuj,stop,4.383442498743534,1,ok,,e1ce2634b9fc905116a824e03058678fb710ecc3b13353cb51c7488cb21ca7ea,d6319d43b7922058119780751e88040e1ac3c564d4ca3de39cb279fdc170cfac,3e3c0248d605cd27d79cb1ba4d24ce42aeda272e55416003921c3a352201b4cb,2026-08-09T04:07:42.607282+00:00
7584276121978405412,马鞍山雨山区：产业“造血”让落星村“和美蝶变”,10.0,0,external_positive,A,生产基线,5,20,Alibaba,deepseek/deepseek-v4-flash,False,message.content,20,20,,,gen-1786248679-k8Su9b9C35biKbjFTIJd,stop,6.420827500522137,1,ok,,e1ce2634b9fc905116a824e03058678fb710ecc3b13353cb51c7488cb21ca7ea,d6319d43b7922058119780751e88040e1ac3c564d4ca3de39cb279fdc170cfac,3e3c0248d605cd27d79cb1ba4d24ce42aeda272e55416003921c3a352201b4cb,2026-08-09T04:11:25.165575+00:00
7584276121978405412,马鞍山雨山区：产业“造血”让落星村“和美蝶变”,10.0,0,external_positive,B,固定 provider,1,30,Alibaba,deepseek/deepseek-v4-flash,False,message.content,30,30,,,gen-1786248460-HQrw5UjIgvtw33kYyRqp,stop,4.33265670016408,1,ok,,e1ce2634b9fc905116a824e03058678fb710ecc3b13353cb51c7488cb21ca7ea,d6319d43b7922058119780751e88040e1ac3c564d4ca3de39cb279fdc170cfac,9358762cb275e3b311fae44b8809e853a081c38771c5edd23b97d4849c697500,2026-08-09T04:07:43.657759+00:00
7584276121978405412,马鞍山雨山区：产业“造血”让落星村“和美蝶变”,10.0,0,external_positive,B,固定 provider,2,25,Alibaba,deepseek/deepseek-v4-flash,False,message.content,25,25,,,gen-1786248528-2Qq9Z1rHsL2K4Wp4t6ym,stop,3.995016500353813,1,ok,,e1ce2634b9fc905116a824e03058678fb710ecc3b13353cb51c7488cb21ca7ea,d6319d43b7922058119780751e88040e1ac3c564d4ca3de39cb279fdc170cfac,9358762cb275e3b311fae44b8809e853a081c38771c5edd23b97d4849c697500,2026-08-09T04:08:51.465565+00:00
7584276121978405412,马鞍山雨山区：产业“造血”让落星村“和美蝶变”,10.0,0,external_positive,B,固定 provider,3,45,Alibaba,deepseek/deepseek-v4-flash,False,message.content,45,45,,,gen-1786248576-sthekTkAvfIyhIO4LmJO,stop,7.1451131999492645,1,ok,,e1ce2634b9fc905116a824e03058678fb710ecc3b13353cb51c7488cb21ca7ea,d6319d43b7922058119780751e88040e1ac3c564d4ca3de39cb279fdc170cfac,9358762cb275e3b311fae44b8809e853a081c38771c5edd23b97d4849c697500,2026-08-09T04:09:42.763371+00:00
7584276121978405412,马鞍山雨山区：产业“造血”让落星村“和美蝶变”,10.0,0,external_positive,B,固定 provider,4,25,Alibaba,deepseek/deepseek-v4-flash,False,message.content,25,25,,,gen-1786248665-YAlgISSyIQ6HgWQ39B7H,stop,4.964917998760939,1,ok,,e1ce2634b9fc905116a824e03058678fb710ecc3b13353cb51c7488cb21ca7ea,d6319d43b7922058119780751e88040e1ac3c564d4ca3de39cb279fdc170cfac,9358762cb275e3b311fae44b8809e853a081c38771c5edd23b97d4849c697500,2026-08-09T04:11:09.852935+00:00
7584276121978405412,马鞍山雨山区：产业“造血”让落星村“和美蝶变”,10.0,0,external_positive,B,固定 provider,5,30,Alibaba,deepseek/deepseek-v4-flash,False,message.content,30,30,,,gen-1786248512-7Yx17QArlEe8J4hoN2Dl,stop,5.552112903445959,1,ok,,e1ce2634b9fc905116a824e03058678fb710ecc3b13353cb51c7488cb21ca7ea,d6319d43b7922058119780751e88040e1ac3c564d4ca3de39cb279fdc170cfac,9358762cb275e3b311fae44b8809e853a081c38771c5edd23b97d4849c697500,2026-08-09T04:08:36.572116+00:00
7584276121978405412,马鞍山雨山区：产业“造血”让落星村“和美蝶变”,10.0,0,external_positive,C,关闭 reasoning,1,20,Alibaba,deepseek/deepseek-v4-flash,False,message.content,20,20,,,gen-1786248473-tXYMv7LUH3D8utgkF4eu,stop,1.8779869005084038,1,ok,,e1ce2634b9fc905116a824e03058678fb710ecc3b13353cb51c7488cb21ca7ea,d6319d43b7922058119780751e88040e1ac3c564d4ca3de39cb279fdc170cfac,8863517b57b6f5fdb5831ec0db849a070d300208cf9d192d28bec4184a657283,2026-08-09T04:07:54.528277+00:00
7584276121978405412,马鞍山雨山区：产业“造血”让落星村“和美蝶变”,10.0,0,external_positive,C,关闭 reasoning,2,20,Alibaba,deepseek/deepseek-v4-flash,False,message.content,20,20,,,gen-1786248570-HBDPWDyJcmmiwuZmV9Ba,stop,2.019994802772999,1,ok,,e1ce2634b9fc905116a824e03058678fb710ecc3b13353cb51c7488cb21ca7ea,d6319d43b7922058119780751e88040e1ac3c564d4ca3de39cb279fdc170cfac,8863517b57b6f5fdb5831ec0db849a070d300208cf9d192d28bec4184a657283,2026-08-09T04:09:30.939049+00:00
7584276121978405412,马鞍山雨山区：产业“造血”让落星村“和美蝶变”,10.0,0,external_positive,C,关闭 reasoning,3,30,Alibaba,deepseek/deepseek-v4-flash,False,message.content,30,30,,,gen-1786248672-tKT5QjfIDX6ttBWQaoly,stop,1.9837163016200066,1,ok,,e1ce2634b9fc905116a824e03058678fb710ecc3b13353cb51c7488cb21ca7ea,d6319d43b7922058119780751e88040e1ac3c564d4ca3de39cb279fdc170cfac,8863517b57b6f5fdb5831ec0db849a070d300208cf9d192d28bec4184a657283,2026-08-09T04:11:13.407295+00:00
7584276121978405412,马鞍山雨山区：产业“造血”让落星村“和美蝶变”,10.0,0,external_positive,C,关闭 reasoning,4,30,Alibaba,deepseek/deepseek-v4-flash,False,message.content,30,30,,,gen-1786248522-FJajPkMSYHouVTSDrnOT,stop,2.1535192988812923,1,ok,,e1ce2634b9fc905116a824e03058678fb710ecc3b13353cb51c7488cb21ca7ea,d6319d43b7922058119780751e88040e1ac3c564d4ca3de39cb279fdc170cfac,8863517b57b6f5fdb5831ec0db849a070d300208cf9d192d28bec4184a657283,2026-08-09T04:08:43.124170+00:00
7584276121978405412,马鞍山雨山区：产业“造血”让落星村“和美蝶变”,10.0,0,external_positive,C,关闭 reasoning,5,15,Alibaba,deepseek/deepseek-v4-flash,False,message.content,15,15,,,gen-1786248577-biLHA8jUEy6DGbNYbinr,stop,1.8073302023112774,1,ok,,e1ce2634b9fc905116a824e03058678fb710ecc3b13353cb51c7488cb21ca7ea,d6319d43b7922058119780751e88040e1ac3c564d4ca3de39cb279fdc170cfac,8863517b57b6f5fdb5831ec0db849a070d300208cf9d192d28bec4184a657283,2026-08-09T04:09:38.640162+00:00
7584276121978405412,马鞍山雨山区：产业“造血”让落星村“和美蝶变”,10.0,0,external_positive,D,固定 provider + 关闭 reasoning,1,15,Alibaba,deepseek/deepseek-v4-flash,False,message.content,15,15,,,gen-1786248524-29yRnadm6Xx1uUllNR05,stop,1.8918593972921371,1,ok,,e1ce2634b9fc905116a824e03058678fb710ecc3b13353cb51c7488cb21ca7ea,d6319d43b7922058119780751e88040e1ac3c564d4ca3de39cb279fdc170cfac,c5b4bc9e787eb03955b2d32d8742c955e569a5b74654d0bfe28c1bda0371420d,2026-08-09T04:08:45.479130+00:00
7584276121978405412,马鞍山雨山区：产业“造血”让落星村“和美蝶变”,10.0,0,external_positive,D,固定 provider + 关闭 reasoning,2,30,Alibaba,deepseek/deepseek-v4-flash,False,message.content,30,30,,,gen-1786248545-v9ZhoqYmVyoiKNVGVtbb,stop,1.9201278984546661,1,ok,,e1ce2634b9fc905116a824e03058678fb710ecc3b13353cb51c7488cb21ca7ea,d6319d43b7922058119780751e88040e1ac3c564d4ca3de39cb279fdc170cfac,c5b4bc9e787eb03955b2d32d8742c955e569a5b74654d0bfe28c1bda0371420d,2026-08-09T04:09:06.530034+00:00
7584276121978405412,马鞍山雨山区：产业“造血”让落星村“和美蝶变”,10.0,0,external_positive,D,固定 provider + 关闭 reasoning,3,20,Alibaba,deepseek/deepseek-v4-flash,False,message.content,20,20,,,gen-1786248476-K17v1qdHgbO4qUsbmiVO,stop,1.7164206989109516,1,ok,,e1ce2634b9fc905116a824e03058678fb710ecc3b13353cb51c7488cb21ca7ea,d6319d43b7922058119780751e88040e1ac3c564d4ca3de39cb279fdc170cfac,c5b4bc9e787eb03955b2d32d8742c955e569a5b74654d0bfe28c1bda0371420d,2026-08-09T04:07:57.119884+00:00
7584276121978405412,马鞍山雨山区：产业“造血”让落星村“和美蝶变”,10.0,0,external_positive,D,固定 provider + 关闭 reasoning,4,20,Alibaba,deepseek/deepseek-v4-flash,False,message.content,20,20,,,gen-1786248538-vD1wOXggA0qDmhVdTXTC,stop,1.6556953005492687,1,ok,,e1ce2634b9fc905116a824e03058678fb710ecc3b13353cb51c7488cb21ca7ea,d6319d43b7922058119780751e88040e1ac3c564d4ca3de39cb279fdc170cfac,c5b4bc9e787eb03955b2d32d8742c955e569a5b74654d0bfe28c1bda0371420d,2026-08-09T04:08:59.227014+00:00
7584276121978405412,马鞍山雨山区：产业“造血”让落星村“和美蝶变”,10.0,0,external_positive,D,固定 provider + 关闭 reasoning,5,20,Alibaba,deepseek/deepseek-v4-flash,False,message.content,20,20,,,gen-1786248690-N6vKO1u64aVDqyxYFFRS,stop,1.8345570974051952,1,ok,,e1ce2634b9fc905116a824e03058678fb710ecc3b13353cb51c7488cb21ca7ea,d6319d43b7922058119780751e88040e1ac3c564d4ca3de39cb279fdc170cfac,c5b4bc9e787eb03955b2d32d8742c955e569a5b74654d0bfe28c1bda0371420d,2026-08-09T04:11:31.023706+00:00
7610991657323987498,怕冷的玉米，有了“保暖又管饱”的新方案,70.0,3,internal_positive,A,生产基线,1,65,Alibaba,deepseek/deepseek-v4-flash,False,message.content,65,65,,,gen-1786248493-mN0wmeEQvYcgD8HoqhVR,stop,6.626665700227022,1,ok,,750a75ebffcbb0b24db7d23ece2a79bb4cb392530e3bcbd10a52317b75633a9d,39e01daacc2f0d4e681728e9d66ca498abf48316f622bc485a7091c16c74fbf4,a850caed49445187c7aff30b82a8c3ceb0c22d425582dcfcdc98f3a45f4d55a2,2026-08-09T04:08:19.317764+00:00
7610991657323987498,怕冷的玉米，有了“保暖又管饱”的新方案,70.0,3,internal_positive,A,生产基线,2,60,Alibaba,deepseek/deepseek-v4-flash,False,message.content,60,60,,,gen-1786248517-2ssnjXAvxIdHkx81liUw,stop,4.372421100735664,1,ok,,750a75ebffcbb0b24db7d23ece2a79bb4cb392530e3bcbd10a52317b75633a9d,39e01daacc2f0d4e681728e9d66ca498abf48316f622bc485a7091c16c74fbf4,a850caed49445187c7aff30b82a8c3ceb0c22d425582dcfcdc98f3a45f4d55a2,2026-08-09T04:08:41.086306+00:00
7610991657323987498,怕冷的玉米，有了“保暖又管饱”的新方案,70.0,3,internal_positive,A,生产基线,3,65,Alibaba,deepseek/deepseek-v4-flash,False,message.content,65,65,,,gen-1786248629-fTY2wCwOHZ3uOtA6BTU4,stop,5.704915899783373,1,ok,,750a75ebffcbb0b24db7d23ece2a79bb4cb392530e3bcbd10a52317b75633a9d,39e01daacc2f0d4e681728e9d66ca498abf48316f622bc485a7091c16c74fbf4,a850caed49445187c7aff30b82a8c3ceb0c22d425582dcfcdc98f3a45f4d55a2,2026-08-09T04:10:34.599341+00:00
7610991657323987498,怕冷的玉米，有了“保暖又管饱”的新方案,70.0,3,internal_positive,A,生产基线,4,55,Alibaba,deepseek/deepseek-v4-flash,False,message.content,55,55,,,gen-1786248468-Kwb8YVRf59KsfmojFfSQ,stop,4.287828601896763,1,ok,,750a75ebffcbb0b24db7d23ece2a79bb4cb392530e3bcbd10a52317b75633a9d,39e01daacc2f0d4e681728e9d66ca498abf48316f622bc485a7091c16c74fbf4,a850caed49445187c7aff30b82a8c3ceb0c22d425582dcfcdc98f3a45f4d55a2,2026-08-09T04:07:51.946549+00:00
7610991657323987498,怕冷的玉米，有了“保暖又管饱”的新方案,70.0,3,internal_positive,A,生产基线,5,60,Alibaba,deepseek/deepseek-v4-flash,False,message.content,60,60,,,gen-1786248483-CfRYy8tlzlOyf57UNUeX,stop,4.567028198391199,1,ok,,750a75ebffcbb0b24db7d23ece2a79bb4cb392530e3bcbd10a52317b75633a9d,39e01daacc2f0d4e681728e9d66ca498abf48316f622bc485a7091c16c74fbf4,a850caed49445187c7aff30b82a8c3ceb0c22d425582dcfcdc98f3a45f4d55a2,2026-08-09T04:08:07.158007+00:00
7610991657323987498,怕冷的玉米，有了“保暖又管饱”的新方案,70.0,3,internal_positive,B,固定 provider,1,60,Alibaba,deepseek/deepseek-v4-flash,False,message.content,60,60,,,gen-1786248573-oRyFZKwKGvb2xmYaUa3y,stop,3.644590098410845,1,ok,,750a75ebffcbb0b24db7d23ece2a79bb4cb392530e3bcbd10a52317b75633a9d,39e01daacc2f0d4e681728e9d66ca498abf48316f622bc485a7091c16c74fbf4,a4fc6015ecd546a7c2a16ecc6f1ac8bc72c6191bae52260133242089feee401a,2026-08-09T04:09:36.366522+00:00
7610991657323987498,怕冷的玉米，有了“保暖又管饱”的新方案,70.0,3,internal_positive,B,固定 provider,2,65,Alibaba,deepseek/deepseek-v4-flash,False,message.content,65,65,,,gen-1786248685-AVW5bPHNusqeUQIkyXun,stop,3.1635274030268192,1,ok,,750a75ebffcbb0b24db7d23ece2a79bb4cb392530e3bcbd10a52317b75633a9d,39e01daacc2f0d4e681728e9d66ca498abf48316f622bc485a7091c16c74fbf4,a4fc6015ecd546a7c2a16ecc6f1ac8bc72c6191bae52260133242089feee401a,2026-08-09T04:11:27.382873+00:00
7610991657323987498,怕冷的玉米，有了“保暖又管饱”的新方案,70.0,3,internal_positive,B,固定 provider,3,55,Alibaba,deepseek/deepseek-v4-flash,False,message.content,55,55,,,gen-1786248593-dGu2QdVVb5AqCsn5W6Ek,stop,4.342330500483513,1,ok,,750a75ebffcbb0b24db7d23ece2a79bb4cb392530e3bcbd10a52317b75633a9d,39e01daacc2f0d4e681728e9d66ca498abf48316f622bc485a7091c16c74fbf4,a4fc6015ecd546a7c2a16ecc6f1ac8bc72c6191bae52260133242089feee401a,2026-08-09T04:09:56.867374+00:00
7610991657323987498,怕冷的玉米，有了“保暖又管饱”的新方案,70.0,3,internal_positive,B,固定 provider,4,65,Alibaba,deepseek/deepseek-v4-flash,False,message.content,65,65,,,gen-1786248547-HooVQdyl9PtyZFOZSWlI,stop,3.810439396649599,1,ok,,750a75ebffcbb0b24db7d23ece2a79bb4cb392530e3bcbd10a52317b75633a9d,39e01daacc2f0d4e681728e9d66ca498abf48316f622bc485a7091c16c74fbf4,a4fc6015ecd546a7c2a16ecc6f1ac8bc72c6191bae52260133242089feee401a,2026-08-09T04:09:09.648944+00:00
7610991657323987498,怕冷的玉米，有了“保暖又管饱”的新方案,70.0,3,internal_positive,B,固定 provider,5,65,Alibaba,deepseek/deepseek-v4-flash,False,message.content,65,65,,,gen-1786248613-tvg1J6clcWCG0vrX6XyO,stop,5.396542098373175,1,ok,,750a75ebffcbb0b24db7d23ece2a79bb4cb392530e3bcbd10a52317b75633a9d,39e01daacc2f0d4e681728e9d66ca498abf48316f622bc485a7091c16c74fbf4,a4fc6015ecd546a7c2a16ecc6f1ac8bc72c6191bae52260133242089feee401a,2026-08-09T04:10:18.111553+00:00
7610991657323987498,怕冷的玉米，有了“保暖又管饱”的新方案,70.0,3,internal_positive,C,关闭 reasoning,1,15,Alibaba,deepseek/deepseek-v4-flash,False,message.content,15,15,,,gen-1786248451-kU7ezQsFj6wrc5Otyx7M,stop,2.8830804973840714,1,ok,,750a75ebffcbb0b24db7d23ece2a79bb4cb392530e3bcbd10a52317b75633a9d,39e01daacc2f0d4e681728e9d66ca498abf48316f622bc485a7091c16c74fbf4,73dcac85e8b8350b8c536045c0744211ec4f6acae3fdd0920723f06a39fc401b,2026-08-09T04:07:32.800366+00:00
7610991657323987498,怕冷的玉米，有了“保暖又管饱”的新方案,70.0,3,internal_positive,C,关闭 reasoning,2,20,Alibaba,deepseek/deepseek-v4-flash,False,message.content,20,20,,,gen-1786248482-2U7wIL3Y3yqeQFBNFmlq,stop,1.9114190004765987,1,ok,,750a75ebffcbb0b24db7d23ece2a79bb4cb392530e3bcbd10a52317b75633a9d,39e01daacc2f0d4e681728e9d66ca498abf48316f622bc485a7091c16c74fbf4,73dcac85e8b8350b8c536045c0744211ec4f6acae3fdd0920723f06a39fc401b,2026-08-09T04:08:03.613800+00:00
7610991657323987498,怕冷的玉米，有了“保暖又管饱”的新方案,70.0,3,internal_positive,C,关闭 reasoning,3,20,Alibaba,deepseek/deepseek-v4-flash,False,message.content,20,20,,,gen-1786248566-0OU5GyfBsNiorcBFJF44,stop,1.4613464027643204,1,ok,,750a75ebffcbb0b24db7d23ece2a79bb4cb392530e3bcbd10a52317b75633a9d,39e01daacc2f0d4e681728e9d66ca498abf48316f622bc485a7091c16c74fbf4,73dcac85e8b8350b8c536045c0744211ec4f6acae3fdd0920723f06a39fc401b,2026-08-09T04:09:27.358540+00:00
7610991657323987498,怕冷的玉米，有了“保暖又管饱”的新方案,70.0,3,internal_positive,C,关闭 reasoning,4,20,Alibaba,deepseek/deepseek-v4-flash,False,message.content,20,20,,,gen-1786248655-kcSYo2HbZ5V52nHKwvMp,stop,1.7901935018599033,1,ok,,750a75ebffcbb0b24db7d23ece2a79bb4cb392530e3bcbd10a52317b75633a9d,39e01daacc2f0d4e681728e9d66ca498abf48316f622bc485a7091c16c74fbf4,73dcac85e8b8350b8c536045c0744211ec4f6acae3fdd0920723f06a39fc401b,2026-08-09T04:10:55.848118+00:00
7610991657323987498,怕冷的玉米，有了“保暖又管饱”的新方案,70.0,3,internal_positive,C,关闭 reasoning,5,20,Alibaba,deepseek/deepseek-v4-flash,False,message.content,20,20,,,gen-1786248457-1iQ1X3NPBwdpNOP6yHe4,stop,1.5729500018060207,1,ok,,750a75ebffcbb0b24db7d23ece2a79bb4cb392530e3bcbd10a52317b75633a9d,39e01daacc2f0d4e681728e9d66ca498abf48316f622bc485a7091c16c74fbf4,73dcac85e8b8350b8c536045c0744211ec4f6acae3fdd0920723f06a39fc401b,2026-08-09T04:07:38.365980+00:00
7610991657323987498,怕冷的玉米，有了“保暖又管饱”的新方案,70.0,3,internal_positive,D,固定 provider + 关闭 reasoning,1,20,Alibaba,deepseek/deepseek-v4-flash,False,message.content,20,20,,,gen-1786248639-yTKaWYBuFdCAXgZI1NsW,stop,1.983857598155737,1,ok,,750a75ebffcbb0b24db7d23ece2a79bb4cb392530e3bcbd10a52317b75633a9d,39e01daacc2f0d4e681728e9d66ca498abf48316f622bc485a7091c16c74fbf4,25f72d3864964e03acd09bf34d68612c29e977c46b1d37dab8cab6ff042961dd,2026-08-09T04:10:39.781402+00:00
7610991657323987498,怕冷的玉米，有了“保暖又管饱”的新方案,70.0,3,internal_positive,D,固定 provider + 关闭 reasoning,2,20,Alibaba,deepseek/deepseek-v4-flash,False,message.content,20,20,,,gen-1786248545-13aoCdFdzJebVeaHBdKQ,stop,1.6388467997312546,1,ok,,750a75ebffcbb0b24db7d23ece2a79bb4cb392530e3bcbd10a52317b75633a9d,39e01daacc2f0d4e681728e9d66ca498abf48316f622bc485a7091c16c74fbf4,25f72d3864964e03acd09bf34d68612c29e977c46b1d37dab8cab6ff042961dd,2026-08-09T04:09:05.836810+00:00
7610991657323987498,怕冷的玉米，有了“保暖又管饱”的新方案,70.0,3,internal_positive,D,固定 provider + 关闭 reasoning,3,20,Alibaba,deepseek/deepseek-v4-flash,False,message.content,20,20,,,gen-1786248612-Gys8e3GtuoZnhtQt9PnE,stop,1.932132601737976,1,ok,,750a75ebffcbb0b24db7d23ece2a79bb4cb392530e3bcbd10a52317b75633a9d,39e01daacc2f0d4e681728e9d66ca498abf48316f622bc485a7091c16c74fbf4,25f72d3864964e03acd09bf34d68612c29e977c46b1d37dab8cab6ff042961dd,2026-08-09T04:10:13.497760+00:00
7610991657323987498,怕冷的玉米，有了“保暖又管饱”的新方案,70.0,3,internal_positive,D,固定 provider + 关闭 reasoning,4,20,Alibaba,deepseek/deepseek-v4-flash,False,message.content,20,20,,,gen-1786248587-BklT2hricONWfaz4OF9e,stop,1.8582693003118038,1,ok,,750a75ebffcbb0b24db7d23ece2a79bb4cb392530e3bcbd10a52317b75633a9d,39e01daacc2f0d4e681728e9d66ca498abf48316f622bc485a7091c16c74fbf4,25f72d3864964e03acd09bf34d68612c29e977c46b1d37dab8cab6ff042961dd,2026-08-09T04:09:48.298959+00:00
7610991657323987498,怕冷的玉米，有了“保暖又管饱”的新方案,70.0,3,internal_positive,D,固定 provider + 关闭 reasoning,5,20,Alibaba,deepseek/deepseek-v4-flash,False,message.content,20,20,,,gen-1786248596-PKk7ZYFao54gLUTnkTRV,stop,1.7543588988482952,1,ok,,750a75ebffcbb0b24db7d23ece2a79bb4cb392530e3bcbd10a52317b75633a9d,39e01daacc2f0d4e681728e9d66ca498abf48316f622bc485a7091c16c74fbf4,25f72d3864964e03acd09bf34d68612c29e977c46b1d37dab8cab6ff042961dd,2026-08-09T04:09:57.792516+00:00
7612865761753580083,福建师范大学实地调研吴石故居及其红色旅游发展,60.0,3,external_positive,A,生产基线,1,25,Alibaba,deepseek/deepseek-v4-flash,False,message.content,25,25,,,gen-1786248592-nbx1BVACzlmKGstFO8O9,stop,7.321509700268507,1,ok,,08d8eab8ce1a177c2c25d8c16829ac2c2fe3a264eb82ceae03ec74f849d109f2,cc8ba93503e5f0d6aa39c5c158612ba7d7e068c9ec09f6db728aa4fe11dd815f,985890ee2d4b734f7ef89b419d4924a4e8f2bfa0a5dadeedc743d8c68e09b094,2026-08-09T04:09:58.320706+00:00
7612865761753580083,福建师范大学实地调研吴石故居及其红色旅游发展,60.0,3,external_positive,A,生产基线,2,10,Alibaba,deepseek/deepseek-v4-flash,False,message.content,10,10,,,gen-1786248608-S0pd9R2xLvHdFhe332FC,stop,3.698912300169468,1,ok,,08d8eab8ce1a177c2c25d8c16829ac2c2fe3a264eb82ceae03ec74f849d109f2,cc8ba93503e5f0d6aa39c5c158612ba7d7e068c9ec09f6db728aa4fe11dd815f,985890ee2d4b734f7ef89b419d4924a4e8f2bfa0a5dadeedc743d8c68e09b094,2026-08-09T04:10:10.968840+00:00
7612865761753580083,福建师范大学实地调研吴石故居及其红色旅游发展,60.0,3,external_positive,A,生产基线,3,10,Alibaba,deepseek/deepseek-v4-flash,False,message.content,10,10,,,gen-1786248687-vJfSwwdwfZJgfph9kJ6c,stop,3.41717179864645,1,ok,,08d8eab8ce1a177c2c25d8c16829ac2c2fe3a264eb82ceae03ec74f849d109f2,cc8ba93503e5f0d6aa39c5c158612ba7d7e068c9ec09f6db728aa4fe11dd815f,985890ee2d4b734f7ef89b419d4924a4e8f2bfa0a5dadeedc743d8c68e09b094,2026-08-09T04:11:29.764176+00:00
7612865761753580083,福建师范大学实地调研吴石故居及其红色旅游发展,60.0,3,external_positive,A,生产基线,4,15,Alibaba,deepseek/deepseek-v4-flash,False,message.content,15,15,,,gen-1786248473-zwgysEDQJUOd3eeEnKqW,stop,3.4248329997062683,1,ok,,08d8eab8ce1a177c2c25d8c16829ac2c2fe3a264eb82ceae03ec74f849d109f2,cc8ba93503e5f0d6aa39c5c158612ba7d7e068c9ec09f6db728aa4fe11dd815f,985890ee2d4b734f7ef89b419d4924a4e8f2bfa0a5dadeedc743d8c68e09b094,2026-08-09T04:07:55.658926+00:00
7612865761753580083,福建师范大学实地调研吴石故居及其红色旅游发展,60.0,3,external_positive,A,生产基线,5,15,Alibaba,deepseek/deepseek-v4-flash,False,message.content,15,15,,,gen-1786248489-b5oZWFmn6fYXOGb5H1xC,stop,5.557431600987911,1,ok,,08d8eab8ce1a177c2c25d8c16829ac2c2fe3a264eb82ceae03ec74f849d109f2,cc8ba93503e5f0d6aa39c5c158612ba7d7e068c9ec09f6db728aa4fe11dd815f,985890ee2d4b734f7ef89b419d4924a4e8f2bfa0a5dadeedc743d8c68e09b094,2026-08-09T04:08:14.523114+00:00
7612865761753580083,福建师范大学实地调研吴石故居及其红色旅游发展,60.0,3,external_positive,B,固定 provider,1,15,Alibaba,deepseek/deepseek-v4-flash,False,message.content,15,15,,,gen-1786248590-8Fk94vOzNInYMtItLePb,stop,3.5386601984500885,1,ok,,08d8eab8ce1a177c2c25d8c16829ac2c2fe3a264eb82ceae03ec74f849d109f2,cc8ba93503e5f0d6aa39c5c158612ba7d7e068c9ec09f6db728aa4fe11dd815f,dff7644a0b0acc2f2e07bc6c7295934d1a2ee4628b392b6b8798ab7a6efa93c7,2026-08-09T04:09:53.629794+00:00
7612865761753580083,福建师范大学实地调研吴石故居及其红色旅游发展,60.0,3,external_positive,B,固定 provider,2,55,Alibaba,deepseek/deepseek-v4-flash,False,message.content,55,55,,,gen-1786248612-kB1HwbXWMNU3rDz1F0Xf,stop,4.438771601766348,1,ok,,08d8eab8ce1a177c2c25d8c16829ac2c2fe3a264eb82ceae03ec74f849d109f2,cc8ba93503e5f0d6aa39c5c158612ba7d7e068c9ec09f6db728aa4fe11dd815f,dff7644a0b0acc2f2e07bc6c7295934d1a2ee4628b392b6b8798ab7a6efa93c7,2026-08-09T04:10:15.455254+00:00
7612865761753580083,福建师范大学实地调研吴石故居及其红色旅游发展,60.0,3,external_positive,B,固定 provider,3,20,Alibaba,deepseek/deepseek-v4-flash,False,message.content,20,20,,,gen-1786248540-YR8hCLw5NuZdVLC6SlyR,stop,2.919912301003933,1,ok,,08d8eab8ce1a177c2c25d8c16829ac2c2fe3a264eb82ceae03ec74f849d109f2,cc8ba93503e5f0d6aa39c5c158612ba7d7e068c9ec09f6db728aa4fe11dd815f,dff7644a0b0acc2f2e07bc6c7295934d1a2ee4628b392b6b8798ab7a6efa93c7,2026-08-09T04:09:02.101430+00:00
7612865761753580083,福建师范大学实地调研吴石故居及其红色旅游发展,60.0,3,external_positive,B,固定 provider,4,50,Alibaba,deepseek/deepseek-v4-flash,False,message.content,50,50,,,gen-1786248686-KcvKdZFdNBwLqbnW3PZP,stop,4.8457753993570805,1,ok,,08d8eab8ce1a177c2c25d8c16829ac2c2fe3a264eb82ceae03ec74f849d109f2,cc8ba93503e5f0d6aa39c5c158612ba7d7e068c9ec09f6db728aa4fe11dd815f,dff7644a0b0acc2f2e07bc6c7295934d1a2ee4628b392b6b8798ab7a6efa93c7,2026-08-09T04:11:30.012629+00:00
7612865761753580083,福建师范大学实地调研吴石故居及其红色旅游发展,60.0,3,external_positive,B,固定 provider,5,35,Alibaba,deepseek/deepseek-v4-flash,False,message.content,35,35,,,gen-1786248675-QUeMfv17qF7QCTamxzKx,stop,6.149435501545668,1,ok,,08d8eab8ce1a177c2c25d8c16829ac2c2fe3a264eb82ceae03ec74f849d109f2,cc8ba93503e5f0d6aa39c5c158612ba7d7e068c9ec09f6db728aa4fe11dd815f,dff7644a0b0acc2f2e07bc6c7295934d1a2ee4628b392b6b8798ab7a6efa93c7,2026-08-09T04:11:21.013598+00:00
7612865761753580083,福建师范大学实地调研吴石故居及其红色旅游发展,60.0,3,external_positive,C,关闭 reasoning,1,15,Alibaba,deepseek/deepseek-v4-flash,False,message.content,15,15,,,gen-1786248575-NGZ7x77EUNbfGyF1wiDC,stop,1.4814294017851353,1,ok,,08d8eab8ce1a177c2c25d8c16829ac2c2fe3a264eb82ceae03ec74f849d109f2,cc8ba93503e5f0d6aa39c5c158612ba7d7e068c9ec09f6db728aa4fe11dd815f,a1b03974c94d9029add86bc123d85be1164add05b02ad6bf5e20700aa61b4e8d,2026-08-09T04:09:36.518212+00:00
7612865761753580083,福建师范大学实地调研吴石故居及其红色旅游发展,60.0,3,external_positive,C,关闭 reasoning,2,15,Alibaba,deepseek/deepseek-v4-flash,False,message.content,15,15,,,gen-1786248626-98TX9ptggNmGqJs62k4W,stop,1.6700602993369102,1,ok,,08d8eab8ce1a177c2c25d8c16829ac2c2fe3a264eb82ceae03ec74f849d109f2,cc8ba93503e5f0d6aa39c5c158612ba7d7e068c9ec09f6db728aa4fe11dd815f,a1b03974c94d9029add86bc123d85be1164add05b02ad6bf5e20700aa61b4e8d,2026-08-09T04:10:27.621405+00:00
7612865761753580083,福建师范大学实地调研吴石故居及其红色旅游发展,60.0,3,external_positive,C,关闭 reasoning,3,15,Alibaba,deepseek/deepseek-v4-flash,False,message.content,15,15,,,gen-1786248596-L1cZsbbHoXpylxN9emQq,stop,1.5494093000888824,1,ok,,08d8eab8ce1a177c2c25d8c16829ac2c2fe3a264eb82ceae03ec74f849d109f2,cc8ba93503e5f0d6aa39c5c158612ba7d7e068c9ec09f6db728aa4fe11dd815f,a1b03974c94d9029add86bc123d85be1164add05b02ad6bf5e20700aa61b4e8d,2026-08-09T04:09:57.067462+00:00
7612865761753580083,福建师范大学实地调研吴石故居及其红色旅游发展,60.0,3,external_positive,C,关闭 reasoning,4,15,Alibaba,deepseek/deepseek-v4-flash,False,message.content,15,15,,,gen-1786248563-CMro33wbjvUqEYHaUBMR,stop,1.8837915994226933,1,ok,,08d8eab8ce1a177c2c25d8c16829ac2c2fe3a264eb82ceae03ec74f849d109f2,cc8ba93503e5f0d6aa39c5c158612ba7d7e068c9ec09f6db728aa4fe11dd815f,a1b03974c94d9029add86bc123d85be1164add05b02ad6bf5e20700aa61b4e8d,2026-08-09T04:09:24.784102+00:00
7612865761753580083,福建师范大学实地调研吴石故居及其红色旅游发展,60.0,3,external_positive,C,关闭 reasoning,5,15,Alibaba,deepseek/deepseek-v4-flash,False,message.content,15,15,,,gen-1786248568-fQHwEPOxOisw3q1Dzv9k,stop,1.626315899193287,1,ok,,08d8eab8ce1a177c2c25d8c16829ac2c2fe3a264eb82ceae03ec74f849d109f2,cc8ba93503e5f0d6aa39c5c158612ba7d7e068c9ec09f6db728aa4fe11dd815f,a1b03974c94d9029add86bc123d85be1164add05b02ad6bf5e20700aa61b4e8d,2026-08-09T04:09:28.986225+00:00
7612865761753580083,福建师范大学实地调研吴石故居及其红色旅游发展,60.0,3,external_positive,D,固定 provider + 关闭 reasoning,1,15,Alibaba,deepseek/deepseek-v4-flash,False,message.content,15,15,,,gen-1786248481-CZCJUOHLJQ95r3pwfcYX,stop,1.5853117033839226,1,ok,,08d8eab8ce1a177c2c25d8c16829ac2c2fe3a264eb82ceae03ec74f849d109f2,cc8ba93503e5f0d6aa39c5c158612ba7d7e068c9ec09f6db728aa4fe11dd815f,076fc2cc52dbac798971747b1521236276da07787cda02bae5e824043159f50f,2026-08-09T04:08:02.589619+00:00
7612865761753580083,福建师范大学实地调研吴石故居及其红色旅游发展,60.0,3,external_positive,D,固定 provider + 关闭 reasoning,2,15,Alibaba,deepseek/deepseek-v4-flash,False,message.content,15,15,,,gen-1786248585-HAqFAXixO4d2Pq0R5Eov,stop,1.5033678002655506,1,ok,,08d8eab8ce1a177c2c25d8c16829ac2c2fe3a264eb82ceae03ec74f849d109f2,cc8ba93503e5f0d6aa39c5c158612ba7d7e068c9ec09f6db728aa4fe11dd815f,076fc2cc52dbac798971747b1521236276da07787cda02bae5e824043159f50f,2026-08-09T04:09:45.598539+00:00
7612865761753580083,福建师范大学实地调研吴石故居及其红色旅游发展,60.0,3,external_positive,D,固定 provider + 关闭 reasoning,3,15,Alibaba,deepseek/deepseek-v4-flash,False,message.content,15,15,,,gen-1786248545-5bNg3PsJrhsCaiuz8iHr,stop,1.81362060084939,1,ok,,08d8eab8ce1a177c2c25d8c16829ac2c2fe3a264eb82ceae03ec74f849d109f2,cc8ba93503e5f0d6aa39c5c158612ba7d7e068c9ec09f6db728aa4fe11dd815f,076fc2cc52dbac798971747b1521236276da07787cda02bae5e824043159f50f,2026-08-09T04:09:05.930393+00:00
7612865761753580083,福建师范大学实地调研吴石故居及其红色旅游发展,60.0,3,external_positive,D,固定 provider + 关闭 reasoning,4,15,Alibaba,deepseek/deepseek-v4-flash,False,message.content,15,15,,,gen-1786248638-Ox3njAdUNUUYNBgSPmIC,stop,1.585503101348877,1,ok,,08d8eab8ce1a177c2c25d8c16829ac2c2fe3a264eb82ceae03ec74f849d109f2,cc8ba93503e5f0d6aa39c5c158612ba7d7e068c9ec09f6db728aa4fe11dd815f,076fc2cc52dbac798971747b1521236276da07787cda02bae5e824043159f50f,2026-08-09T04:10:38.765642+00:00
7612865761753580083,福建师范大学实地调研吴石故居及其红色旅游发展,60.0,3,external_positive,D,固定 provider + 关闭 reasoning,5,15,Alibaba,deepseek/deepseek-v4-flash,False,message.content,15,15,,,gen-1786248472-zrQzVM6afWKJEoXKFcCk,stop,2.0493512004613876,1,ok,,08d8eab8ce1a177c2c25d8c16829ac2c2fe3a264eb82ceae03ec74f849d109f2,cc8ba93503e5f0d6aa39c5c158612ba7d7e068c9ec09f6db728aa4fe11dd815f,076fc2cc52dbac798971747b1521236276da07787cda02bae5e824043159f50f,2026-08-09T04:07:53.590690+00:00
7621751307979768361,庐江县汤池镇中心小学数学教研组开展集体备课暨公开课研讨活动,30.0,1,external_positive,A,生产基线,1,10,Alibaba,deepseek/deepseek-v4-flash,False,message.content,10,10,,,gen-1786248589-JfYBGW3YIPAMws5moTHX,stop,3.5027031004428864,1,ok,,2f52521c379ef7075722d810f7deb0535d4c7741217906f6f284728ef058f886,1549b7424d968d9e2780d61fe7016951de1c54dec394a96b4002a9427e9fd517,e89bdd9cb0413c6469eaba5e9c4defec2a9b0ea78bb6cbff612d1c1edde2c6bb,2026-08-09T04:09:51.803213+00:00
7621751307979768361,庐江县汤池镇中心小学数学教研组开展集体备课暨公开课研讨活动,30.0,1,external_positive,A,生产基线,2,10,Alibaba,deepseek/deepseek-v4-flash,False,message.content,10,10,,,gen-1786248532-2iVt5m8aFTh58VKcM5La,stop,3.194980401545763,1,ok,,2f52521c379ef7075722d810f7deb0535d4c7741217906f6f284728ef058f886,1549b7424d968d9e2780d61fe7016951de1c54dec394a96b4002a9427e9fd517,e89bdd9cb0413c6469eaba5e9c4defec2a9b0ea78bb6cbff612d1c1edde2c6bb,2026-08-09T04:08:54.526492+00:00
7621751307979768361,庐江县汤池镇中心小学数学教研组开展集体备课暨公开课研讨活动,30.0,1,external_positive,A,生产基线,3,10,Alibaba,deepseek/deepseek-v4-flash,False,message.content,10,10,,,gen-1786248530-MsqHpPHVhgHvs0eON9gk,stop,3.166166801005602,1,ok,,2f52521c379ef7075722d810f7deb0535d4c7741217906f6f284728ef058f886,1549b7424d968d9e2780d61fe7016951de1c54dec394a96b4002a9427e9fd517,e89bdd9cb0413c6469eaba5e9c4defec2a9b0ea78bb6cbff612d1c1edde2c6bb,2026-08-09T04:08:53.012970+00:00
7621751307979768361,庐江县汤池镇中心小学数学教研组开展集体备课暨公开课研讨活动,30.0,1,external_positive,A,生产基线,4,10,Alibaba,deepseek/deepseek-v4-flash,False,message.content,10,10,,,gen-1786248601-PKPUdP0s8KTotOrFcRbg,stop,2.7963359020650387,1,ok,,2f52521c379ef7075722d810f7deb0535d4c7741217906f6f284728ef058f886,1549b7424d968d9e2780d61fe7016951de1c54dec394a96b4002a9427e9fd517,e89bdd9cb0413c6469eaba5e9c4defec2a9b0ea78bb6cbff612d1c1edde2c6bb,2026-08-09T04:10:03.456165+00:00
7621751307979768361,庐江县汤池镇中心小学数学教研组开展集体备课暨公开课研讨活动,30.0,1,external_positive,A,生产基线,5,5,Alibaba,deepseek/deepseek-v4-flash,False,message.content,5,5,,,gen-1786248573-XHJveLHfHodWT55W5TL2,stop,3.0137332007288933,1,ok,,2f52521c379ef7075722d810f7deb0535d4c7741217906f6f284728ef058f886,1549b7424d968d9e2780d61fe7016951de1c54dec394a96b4002a9427e9fd517,e89bdd9cb0413c6469eaba5e9c4defec2a9b0ea78bb6cbff612d1c1edde2c6bb,2026-08-09T04:09:35.917430+00:00
7621751307979768361,庐江县汤池镇中心小学数学教研组开展集体备课暨公开课研讨活动,30.0,1,external_positive,B,固定 provider,1,10,Alibaba,deepseek/deepseek-v4-flash,False,message.content,10,10,,,gen-1786248562-8vzpkPVfkIrju71tN733,stop,3.2108472995460033,1,ok,,2f52521c379ef7075722d810f7deb0535d4c7741217906f6f284728ef058f886,1549b7424d968d9e2780d61fe7016951de1c54dec394a96b4002a9427e9fd517,c8129265c58701bdcd4f949498d9773dfd9f991db40ad67c01f0b6e27e36f857,2026-08-09T04:09:25.199783+00:00
7621751307979768361,庐江县汤池镇中心小学数学教研组开展集体备课暨公开课研讨活动,30.0,1,external_positive,B,固定 provider,2,20,Alibaba,deepseek/deepseek-v4-flash,False,message.content,20,20,,,gen-1786248605-usnDn9YbxPh1tb7RFTh6,stop,3.303379401564598,1,ok,,2f52521c379ef7075722d810f7deb0535d4c7741217906f6f284728ef058f886,1549b7424d968d9e2780d61fe7016951de1c54dec394a96b4002a9427e9fd517,c8129265c58701bdcd4f949498d9773dfd9f991db40ad67c01f0b6e27e36f857,2026-08-09T04:10:07.785324+00:00
7621751307979768361,庐江县汤池镇中心小学数学教研组开展集体备课暨公开课研讨活动,30.0,1,external_positive,B,固定 provider,3,10,Alibaba,deepseek/deepseek-v4-flash,False,message.content,10,10,,,gen-1786248458-SuOtQY7aWMdnUfN2Vwqn,stop,3.5383020974695683,1,ok,,2f52521c379ef7075722d810f7deb0535d4c7741217906f6f284728ef058f886,1549b7424d968d9e2780d61fe7016951de1c54dec394a96b4002a9427e9fd517,c8129265c58701bdcd4f949498d9773dfd9f991db40ad67c01f0b6e27e36f857,2026-08-09T04:07:40.720457+00:00
7621751307979768361,庐江县汤池镇中心小学数学教研组开展集体备课暨公开课研讨活动,30.0,1,external_positive,B,固定 provider,4,10,Alibaba,deepseek/deepseek-v4-flash,False,message.content,10,10,,,gen-1786248500-5ssUYb3lpDuxcpxidopx,stop,3.544285301119089,1,ok,,2f52521c379ef7075722d810f7deb0535d4c7741217906f6f284728ef058f886,1549b7424d968d9e2780d61fe7016951de1c54dec394a96b4002a9427e9fd517,c8129265c58701bdcd4f949498d9773dfd9f991db40ad67c01f0b6e27e36f857,2026-08-09T04:08:22.614412+00:00
7621751307979768361,庐江县汤池镇中心小学数学教研组开展集体备课暨公开课研讨活动,30.0,1,external_positive,B,固定 provider,5,5,Alibaba,deepseek/deepseek-v4-flash,False,message.content,5,5,,,gen-1786248607-jMlTYWtFUHFCIzg9H7jr,stop,2.778837699443102,1,ok,,2f52521c379ef7075722d810f7deb0535d4c7741217906f6f284728ef058f886,1549b7424d968d9e2780d61fe7016951de1c54dec394a96b4002a9427e9fd517,c8129265c58701bdcd4f949498d9773dfd9f991db40ad67c01f0b6e27e36f857,2026-08-09T04:10:09.601616+00:00
7621751307979768361,庐江县汤池镇中心小学数学教研组开展集体备课暨公开课研讨活动,30.0,1,external_positive,C,关闭 reasoning,1,5,Alibaba,deepseek/deepseek-v4-flash,False,message.content,5,5,,,gen-1786248584-2q0IKWIIsRN5bAfsCqZK,stop,1.5957508012652397,1,ok,,2f52521c379ef7075722d810f7deb0535d4c7741217906f6f284728ef058f886,1549b7424d968d9e2780d61fe7016951de1c54dec394a96b4002a9427e9fd517,84778ac1d8fb47e8f61dbd1ce8f8ab3c494e5f1b2137bca282597d11a7f20fb1,2026-08-09T04:09:45.027528+00:00
7621751307979768361,庐江县汤池镇中心小学数学教研组开展集体备课暨公开课研讨活动,30.0,1,external_positive,C,关闭 reasoning,2,5,Alibaba,deepseek/deepseek-v4-flash,False,message.content,5,5,,,gen-1786248609-BypP1P0b6tqSSRh1SnlD,stop,1.8070750012993813,1,ok,,2f52521c379ef7075722d810f7deb0535d4c7741217906f6f284728ef058f886,1549b7424d968d9e2780d61fe7016951de1c54dec394a96b4002a9427e9fd517,84778ac1d8fb47e8f61dbd1ce8f8ab3c494e5f1b2137bca282597d11a7f20fb1,2026-08-09T04:10:10.014031+00:00
7621751307979768361,庐江县汤池镇中心小学数学教研组开展集体备课暨公开课研讨活动,30.0,1,external_positive,C,关闭 reasoning,3,5,Alibaba,deepseek/deepseek-v4-flash,False,message.content,5,5,,,gen-1786248592-vFrOLZ7v0Fn391rv1SK3,stop,1.6741200983524323,1,ok,,2f52521c379ef7075722d810f7deb0535d4c7741217906f6f284728ef058f886,1549b7424d968d9e2780d61fe7016951de1c54dec394a96b4002a9427e9fd517,84778ac1d8fb47e8f61dbd1ce8f8ab3c494e5f1b2137bca282597d11a7f20fb1,2026-08-09T04:09:52.965950+00:00
7621751307979768361,庐江县汤池镇中心小学数学教研组开展集体备课暨公开课研讨活动,30.0,1,external_positive,C,关闭 reasoning,4,5,Alibaba,deepseek/deepseek-v4-flash,False,message.content,5,5,,,gen-1786248532-QEe2upU2dsaXj8oGPGv3,stop,1.9627868980169296,1,ok,,2f52521c379ef7075722d810f7deb0535d4c7741217906f6f284728ef058f886,1549b7424d968d9e2780d61fe7016951de1c54dec394a96b4002a9427e9fd517,84778ac1d8fb47e8f61dbd1ce8f8ab3c494e5f1b2137bca282597d11a7f20fb1,2026-08-09T04:08:53.263808+00:00
7621751307979768361,庐江县汤池镇中心小学数学教研组开展集体备课暨公开课研讨活动,30.0,1,external_positive,C,关闭 reasoning,5,5,Alibaba,deepseek/deepseek-v4-flash,False,message.content,5,5,,,gen-1786248671-bzrCfG9CMe69VrqagiN8,stop,1.6481686010956764,1,ok,,2f52521c379ef7075722d810f7deb0535d4c7741217906f6f284728ef058f886,1549b7424d968d9e2780d61fe7016951de1c54dec394a96b4002a9427e9fd517,84778ac1d8fb47e8f61dbd1ce8f8ab3c494e5f1b2137bca282597d11a7f20fb1,2026-08-09T04:11:11.646003+00:00
7621751307979768361,庐江县汤池镇中心小学数学教研组开展集体备课暨公开课研讨活动,30.0,1,external_positive,D,固定 provider + 关闭 reasoning,1,5,Alibaba,deepseek/deepseek-v4-flash,False,message.content,5,5,,,gen-1786248617-4dfi4KJrZlHjRJqrubKl,stop,1.7359162010252476,1,ok,,2f52521c379ef7075722d810f7deb0535d4c7741217906f6f284728ef058f886,1549b7424d968d9e2780d61fe7016951de1c54dec394a96b4002a9427e9fd517,f7d21dd8a7ccfe698dfdc625ea7fe5bbf09208c352f8456586f73fdacf9d31c0,2026-08-09T04:10:18.300393+00:00
7621751307979768361,庐江县汤池镇中心小学数学教研组开展集体备课暨公开课研讨活动,30.0,1,external_positive,D,固定 provider + 关闭 reasoning,2,5,Alibaba,deepseek/deepseek-v4-flash,False,message.content,5,5,,,gen-1786248472-igYNFz7tzDWMecFo9HOb,stop,1.6263859011232853,1,ok,,2f52521c379ef7075722d810f7deb0535d4c7741217906f6f284728ef058f886,1549b7424d968d9e2780d61fe7016951de1c54dec394a96b4002a9427e9fd517,f7d21dd8a7ccfe698dfdc625ea7fe5bbf09208c352f8456586f73fdacf9d31c0,2026-08-09T04:07:53.574315+00:00
7621751307979768361,庐江县汤池镇中心小学数学教研组开展集体备课暨公开课研讨活动,30.0,1,external_positive,D,固定 provider + 关闭 reasoning,3,5,Alibaba,deepseek/deepseek-v4-flash,False,message.content,5,5,,,gen-1786248595-zX6ODY5cycspWis8zrVL,stop,1.7009586989879608,1,ok,,2f52521c379ef7075722d810f7deb0535d4c7741217906f6f284728ef058f886,1549b7424d968d9e2780d61fe7016951de1c54dec394a96b4002a9427e9fd517,f7d21dd8a7ccfe698dfdc625ea7fe5bbf09208c352f8456586f73fdacf9d31c0,2026-08-09T04:09:56.354772+00:00
7621751307979768361,庐江县汤池镇中心小学数学教研组开展集体备课暨公开课研讨活动,30.0,1,external_positive,D,固定 provider + 关闭 reasoning,4,5,Alibaba,deepseek/deepseek-v4-flash,False,message.content,5,5,,,gen-1786248587-esdS3cnRnnlP91jKbL5F,stop,2.2759060002863407,1,ok,,2f52521c379ef7075722d810f7deb0535d4c7741217906f6f284728ef058f886,1549b7424d968d9e2780d61fe7016951de1c54dec394a96b4002a9427e9fd517,f7d21dd8a7ccfe698dfdc625ea7fe5bbf09208c352f8456586f73fdacf9d31c0,2026-08-09T04:09:48.607534+00:00
7621751307979768361,庐江县汤池镇中心小学数学教研组开展集体备课暨公开课研讨活动,30.0,1,external_positive,D,固定 provider + 关闭 reasoning,5,5,Alibaba,deepseek/deepseek-v4-flash,False,message.content,5,5,,,gen-1786248574-wb1SVHtg3s2vlE13a2F6,stop,1.8819505982100964,1,ok,,2f52521c379ef7075722d810f7deb0535d4c7741217906f6f284728ef058f886,1549b7424d968d9e2780d61fe7016951de1c54dec394a96b4002a9427e9fd517,f7d21dd8a7ccfe698dfdc625ea7fe5bbf09208c352f8456586f73fdacf9d31c0,2026-08-09T04:09:35.616850+00:00
7621859959659053610,江油市厚坝镇小学召开2026年春季德育工作会,60.0,3,external_positive,A,生产基线,1,20,Alibaba,deepseek/deepseek-v4-flash,False,message.content,20,20,,,gen-1786248615-2lkq3Nbxs2IQUKy72bFp,stop,3.982915200293064,1,ok,,7b06dadfbf681d3a4ae35b349e665577fa645ff5db0eb803362f330eed1faf10,b3dc6ce47ca8a2fee6da94dffb23b1726ea7aab15d1d3f18c8cf003978ac3739,49ab7630aabfc7289e6a8315ba53b9914db7709ba5405b4682dc9f67119ea0ea,2026-08-09T04:10:18.767055+00:00
7621859959659053610,江油市厚坝镇小学召开2026年春季德育工作会,60.0,3,external_positive,A,生产基线,2,10,Alibaba,deepseek/deepseek-v4-flash,False,message.content,10,10,,,gen-1786248585-YnB2oC1teJbU57kI0y33,stop,3.638348799198866,1,ok,,7b06dadfbf681d3a4ae35b349e665577fa645ff5db0eb803362f330eed1faf10,b3dc6ce47ca8a2fee6da94dffb23b1726ea7aab15d1d3f18c8cf003978ac3739,49ab7630aabfc7289e6a8315ba53b9914db7709ba5405b4682dc9f67119ea0ea,2026-08-09T04:09:48.333577+00:00
7621859959659053610,江油市厚坝镇小学召开2026年春季德育工作会,60.0,3,external_positive,A,生产基线,3,20,Alibaba,deepseek/deepseek-v4-flash,False,message.content,20,20,,,gen-1786248503-xySpvqI3ZvEOYUTSuXPi,stop,4.5401623994112015,1,ok,,7b06dadfbf681d3a4ae35b349e665577fa645ff5db0eb803362f330eed1faf10,b3dc6ce47ca8a2fee6da94dffb23b1726ea7aab15d1d3f18c8cf003978ac3739,49ab7630aabfc7289e6a8315ba53b9914db7709ba5405b4682dc9f67119ea0ea,2026-08-09T04:08:27.245641+00:00
7621859959659053610,江油市厚坝镇小学召开2026年春季德育工作会,60.0,3,external_positive,A,生产基线,4,10,Alibaba,deepseek/deepseek-v4-flash,False,message.content,10,10,,,gen-1786248491-GnWqmtrwIAWqZsvUYjMn,stop,4.4963018000125885,1,ok,,7b06dadfbf681d3a4ae35b349e665577fa645ff5db0eb803362f330eed1faf10,b3dc6ce47ca8a2fee6da94dffb23b1726ea7aab15d1d3f18c8cf003978ac3739,49ab7630aabfc7289e6a8315ba53b9914db7709ba5405b4682dc9f67119ea0ea,2026-08-09T04:08:15.031375+00:00
7621859959659053610,江油市厚坝镇小学召开2026年春季德育工作会,60.0,3,external_positive,A,生产基线,5,10,Alibaba,deepseek/deepseek-v4-flash,False,message.content,10,10,,,gen-1786248615-xcOltcypoIbj7dq4OCYr,stop,3.340685799717903,1,ok,,7b06dadfbf681d3a4ae35b349e665577fa645ff5db0eb803362f330eed1faf10,b3dc6ce47ca8a2fee6da94dffb23b1726ea7aab15d1d3f18c8cf003978ac3739,49ab7630aabfc7289e6a8315ba53b9914db7709ba5405b4682dc9f67119ea0ea,2026-08-09T04:10:17.857143+00:00
7621859959659053610,江油市厚坝镇小学召开2026年春季德育工作会,60.0,3,external_positive,B,固定 provider,1,10,Alibaba,deepseek/deepseek-v4-flash,False,message.content,10,10,,,gen-1786248676-Z9nPLAKZ3UYI11X9oFkz,stop,3.6810609996318817,1,ok,,7b06dadfbf681d3a4ae35b349e665577fa645ff5db0eb803362f330eed1faf10,b3dc6ce47ca8a2fee6da94dffb23b1726ea7aab15d1d3f18c8cf003978ac3739,169e216eecc091412c4510bc8fbaad568bd9292dffc9383e0b7b80ba58098d12,2026-08-09T04:11:18.743372+00:00
7621859959659053610,江油市厚坝镇小学召开2026年春季德育工作会,60.0,3,external_positive,B,固定 provider,2,20,Alibaba,deepseek/deepseek-v4-flash,False,message.content,20,20,,,gen-1786248537-Iqo8POX0wOvb48s4BZiw,stop,3.701822202652693,1,ok,,7b06dadfbf681d3a4ae35b349e665577fa645ff5db0eb803362f330eed1faf10,b3dc6ce47ca8a2fee6da94dffb23b1726ea7aab15d1d3f18c8cf003978ac3739,169e216eecc091412c4510bc8fbaad568bd9292dffc9383e0b7b80ba58098d12,2026-08-09T04:09:00.015925+00:00
7621859959659053610,江油市厚坝镇小学召开2026年春季德育工作会,60.0,3,external_positive,B,固定 provider,3,10,Alibaba,deepseek/deepseek-v4-flash,False,message.content,10,10,,,gen-1786248547-rcuwKboEu36nvqDBenXT,stop,4.141179401427507,1,ok,,7b06dadfbf681d3a4ae35b349e665577fa645ff5db0eb803362f330eed1faf10,b3dc6ce47ca8a2fee6da94dffb23b1726ea7aab15d1d3f18c8cf003978ac3739,169e216eecc091412c4510bc8fbaad568bd9292dffc9383e0b7b80ba58098d12,2026-08-09T04:09:10.072904+00:00
7621859959659053610,江油市厚坝镇小学召开2026年春季德育工作会,60.0,3,external_positive,B,固定 provider,4,10,Alibaba,deepseek/deepseek-v4-flash,False,message.content,10,10,,,gen-1786248519-UFElYwkkbFTfsf5OpR7P,stop,3.707998998463154,1,ok,,7b06dadfbf681d3a4ae35b349e665577fa645ff5db0eb803362f330eed1faf10,b3dc6ce47ca8a2fee6da94dffb23b1726ea7aab15d1d3f18c8cf003978ac3739,169e216eecc091412c4510bc8fbaad568bd9292dffc9383e0b7b80ba58098d12,2026-08-09T04:08:42.450956+00:00
7621859959659053610,江油市厚坝镇小学召开2026年春季德育工作会,60.0,3,external_positive,B,固定 provider,5,15,Alibaba,deepseek/deepseek-v4-flash,False,message.content,15,15,,,gen-1786248650-rQFjCCsPIcYfRSbCUNGR,stop,3.7014070004224777,1,ok,,7b06dadfbf681d3a4ae35b349e665577fa645ff5db0eb803362f330eed1faf10,b3dc6ce47ca8a2fee6da94dffb23b1726ea7aab15d1d3f18c8cf003978ac3739,169e216eecc091412c4510bc8fbaad568bd9292dffc9383e0b7b80ba58098d12,2026-08-09T04:10:53.492493+00:00
7621859959659053610,江油市厚坝镇小学召开2026年春季德育工作会,60.0,3,external_positive,C,关闭 reasoning,1,15,Alibaba,deepseek/deepseek-v4-flash,False,message.content,15,15,,,gen-1786248635-wkJ30rPdoFfmJBuKH5ur,stop,2.175286401063204,1,ok,,7b06dadfbf681d3a4ae35b349e665577fa645ff5db0eb803362f330eed1faf10,b3dc6ce47ca8a2fee6da94dffb23b1726ea7aab15d1d3f18c8cf003978ac3739,58b04cfb520f799524c7b7ec183a5351fbcc7bba5e2ad13d24611292c132d891,2026-08-09T04:10:36.323696+00:00
7621859959659053610,江油市厚坝镇小学召开2026年春季德育工作会,60.0,3,external_positive,C,关闭 reasoning,2,15,Alibaba,deepseek/deepseek-v4-flash,False,message.content,15,15,,,gen-1786248568-jjfxN2kmKxYWymFT7lNt,stop,1.7115672007203102,1,ok,,7b06dadfbf681d3a4ae35b349e665577fa645ff5db0eb803362f330eed1faf10,b3dc6ce47ca8a2fee6da94dffb23b1726ea7aab15d1d3f18c8cf003978ac3739,58b04cfb520f799524c7b7ec183a5351fbcc7bba5e2ad13d24611292c132d891,2026-08-09T04:09:28.797107+00:00
7621859959659053610,江油市厚坝镇小学召开2026年春季德育工作会,60.0,3,external_positive,C,关闭 reasoning,3,15,Alibaba,deepseek/deepseek-v4-flash,False,message.content,15,15,,,gen-1786248638-AXSiDWRnUC8fjLXIyRvc,stop,1.8821444995701313,1,ok,,7b06dadfbf681d3a4ae35b349e665577fa645ff5db0eb803362f330eed1faf10,b3dc6ce47ca8a2fee6da94dffb23b1726ea7aab15d1d3f18c8cf003978ac3739,58b04cfb520f799524c7b7ec183a5351fbcc7bba5e2ad13d24611292c132d891,2026-08-09T04:10:39.445652+00:00
7621859959659053610,江油市厚坝镇小学召开2026年春季德育工作会,60.0,3,external_positive,C,关闭 reasoning,4,15,Alibaba,deepseek/deepseek-v4-flash,False,message.content,15,15,,,gen-1786248610-UOKKJBaBBFbZNQwxr1FP,stop,1.5488307997584343,1,ok,,7b06dadfbf681d3a4ae35b349e665577fa645ff5db0eb803362f330eed1faf10,b3dc6ce47ca8a2fee6da94dffb23b1726ea7aab15d1d3f18c8cf003978ac3739,58b04cfb520f799524c7b7ec183a5351fbcc7bba5e2ad13d24611292c132d891,2026-08-09T04:10:11.564234+00:00
7621859959659053610,江油市厚坝镇小学召开2026年春季德育工作会,60.0,3,external_positive,C,关闭 reasoning,5,15,Alibaba,deepseek/deepseek-v4-flash,False,message.content,15,15,,,gen-1786248528-QZ4SlocfTT6nrfSX57xE,stop,1.6264742985367775,1,ok,,7b06dadfbf681d3a4ae35b349e665577fa645ff5db0eb803362f330eed1faf10,b3dc6ce47ca8a2fee6da94dffb23b1726ea7aab15d1d3f18c8cf003978ac3739,58b04cfb520f799524c7b7ec183a5351fbcc7bba5e2ad13d24611292c132d891,2026-08-09T04:08:48.999777+00:00
7621859959659053610,江油市厚坝镇小学召开2026年春季德育工作会,60.0,3,external_positive,D,固定 provider + 关闭 reasoning,1,15,Alibaba,deepseek/deepseek-v4-flash,False,message.content,15,15,,,gen-1786248627-4oAuTJZHM9IDzrFlVzYe,stop,1.917918298393488,1,ok,,7b06dadfbf681d3a4ae35b349e665577fa645ff5db0eb803362f330eed1faf10,b3dc6ce47ca8a2fee6da94dffb23b1726ea7aab15d1d3f18c8cf003978ac3739,1ec8de2a6a72264eb96584f9ba7960e9e8c0ad1c44af5b2c951a116072be99d4,2026-08-09T04:10:28.220393+00:00
7621859959659053610,江油市厚坝镇小学召开2026年春季德育工作会,60.0,3,external_positive,D,固定 provider + 关闭 reasoning,2,15,Alibaba,deepseek/deepseek-v4-flash,False,message.content,15,15,,,gen-1786248494-GZKTEdLNgzTwDxP1udgS,stop,1.6080375984311104,1,ok,,7b06dadfbf681d3a4ae35b349e665577fa645ff5db0eb803362f330eed1faf10,b3dc6ce47ca8a2fee6da94dffb23b1726ea7aab15d1d3f18c8cf003978ac3739,1ec8de2a6a72264eb96584f9ba7960e9e8c0ad1c44af5b2c951a116072be99d4,2026-08-09T04:08:15.010306+00:00
7621859959659053610,江油市厚坝镇小学召开2026年春季德育工作会,60.0,3,external_positive,D,固定 provider + 关闭 reasoning,3,15,Alibaba,deepseek/deepseek-v4-flash,False,message.content,15,15,,,gen-1786248570-6Mvth4Npq0jsdb2fF5cH,stop,1.8645910024642944,1,ok,,7b06dadfbf681d3a4ae35b349e665577fa645ff5db0eb803362f330eed1faf10,b3dc6ce47ca8a2fee6da94dffb23b1726ea7aab15d1d3f18c8cf003978ac3739,1ec8de2a6a72264eb96584f9ba7960e9e8c0ad1c44af5b2c951a116072be99d4,2026-08-09T04:09:31.063842+00:00
7621859959659053610,江油市厚坝镇小学召开2026年春季德育工作会,60.0,3,external_positive,D,固定 provider + 关闭 reasoning,4,15,Alibaba,deepseek/deepseek-v4-flash,False,message.content,15,15,,,gen-1786248681-RKb214g0vhXwLPMKPhf8,stop,1.6803978011012077,1,ok,,7b06dadfbf681d3a4ae35b349e665577fa645ff5db0eb803362f330eed1faf10,b3dc6ce47ca8a2fee6da94dffb23b1726ea7aab15d1d3f18c8cf003978ac3739,1ec8de2a6a72264eb96584f9ba7960e9e8c0ad1c44af5b2c951a116072be99d4,2026-08-09T04:11:22.586875+00:00
7621859959659053610,江油市厚坝镇小学召开2026年春季德育工作会,60.0,3,external_positive,D,固定 provider + 关闭 reasoning,5,15,Alibaba,deepseek/deepseek-v4-flash,False,message.content,15,15,,,gen-1786248641-BGIwpvZaVNabEi04YKUw,stop,1.8622976019978523,1,ok,,7b06dadfbf681d3a4ae35b349e665577fa645ff5db0eb803362f330eed1faf10,b3dc6ce47ca8a2fee6da94dffb23b1726ea7aab15d1d3f18c8cf003978ac3739,1ec8de2a6a72264eb96584f9ba7960e9e8c0ad1c44af5b2c951a116072be99d4,2026-08-09T04:10:42.388454+00:00
7624721540059333183,张雪因手掌太红被网友劝就医！医生提醒……,0.0,0,external_positive,A,生产基线,1,0,Alibaba,deepseek/deepseek-v4-flash,False,message.content,0,0,,,gen-1786248482-3MjVwbuq6EK1qyyZupLn,stop,2.823131799697876,1,ok,,8925a7bde785a3c4fc69fb9bbf98ab1783d23f2c2e23b05c693b6d32085c7ef6,e9ee1b90b6a7128b4390ea7339b2e9ecb2152b592cf2a8745f3eff1b22399368,bfc1de1b6fdcb93f5975a874d42dbc0c5b7a6a1192c8c11e216d63882ea963f1,2026-08-09T04:08:04.398846+00:00
7624721540059333183,张雪因手掌太红被网友劝就医！医生提醒……,0.0,0,external_positive,A,生产基线,2,0,Alibaba,deepseek/deepseek-v4-flash,False,message.content,0,0,,,gen-1786248478-WMESx2giWvIKvTGsPzmC,stop,2.65107199922204,1,ok,,8925a7bde785a3c4fc69fb9bbf98ab1783d23f2c2e23b05c693b6d32085c7ef6,e9ee1b90b6a7128b4390ea7339b2e9ecb2152b592cf2a8745f3eff1b22399368,bfc1de1b6fdcb93f5975a874d42dbc0c5b7a6a1192c8c11e216d63882ea963f1,2026-08-09T04:07:59.772330+00:00
7624721540059333183,张雪因手掌太红被网友劝就医！医生提醒……,0.0,0,external_positive,A,生产基线,3,2,Alibaba,deepseek/deepseek-v4-flash,False,message.content,2,2,,,gen-1786248564-0jdvr9UVcD2Hsp1s4zkh,stop,2.499627497047186,1,ok,,8925a7bde785a3c4fc69fb9bbf98ab1783d23f2c2e23b05c693b6d32085c7ef6,e9ee1b90b6a7128b4390ea7339b2e9ecb2152b592cf2a8745f3eff1b22399368,bfc1de1b6fdcb93f5975a874d42dbc0c5b7a6a1192c8c11e216d63882ea963f1,2026-08-09T04:09:25.895878+00:00
7624721540059333183,张雪因手掌太红被网友劝就医！医生提醒……,0.0,0,external_positive,A,生产基线,4,0,Alibaba,deepseek/deepseek-v4-flash,False,message.content,0,0,,,gen-1786248608-3ysoDEDuQ89C8d2Ol0Op,stop,2.566881000995636,1,ok,,8925a7bde785a3c4fc69fb9bbf98ab1783d23f2c2e23b05c693b6d32085c7ef6,e9ee1b90b6a7128b4390ea7339b2e9ecb2152b592cf2a8745f3eff1b22399368,bfc1de1b6fdcb93f5975a874d42dbc0c5b7a6a1192c8c11e216d63882ea963f1,2026-08-09T04:10:10.353859+00:00
7624721540059333183,张雪因手掌太红被网友劝就医！医生提醒……,0.0,0,external_positive,A,生产基线,5,0,Alibaba,deepseek/deepseek-v4-flash,False,message.content,0,0,,,gen-1786248589-ZIGNS59GLqAbDIceyfEF,stop,3.7777125984430313,1,ok,,8925a7bde785a3c4fc69fb9bbf98ab1783d23f2c2e23b05c693b6d32085c7ef6,e9ee1b90b6a7128b4390ea7339b2e9ecb2152b592cf2a8745f3eff1b22399368,bfc1de1b6fdcb93f5975a874d42dbc0c5b7a6a1192c8c11e216d63882ea963f1,2026-08-09T04:09:52.643199+00:00
7624721540059333183,张雪因手掌太红被网友劝就医！医生提醒……,0.0,0,external_positive,B,固定 provider,1,0,Alibaba,deepseek/deepseek-v4-flash,False,message.content,0,0,,,gen-1786248568-an92fIvLGJPw6RkQ74Vv,stop,3.2078099995851517,1,ok,,8925a7bde785a3c4fc69fb9bbf98ab1783d23f2c2e23b05c693b6d32085c7ef6,e9ee1b90b6a7128b4390ea7339b2e9ecb2152b592cf2a8745f3eff1b22399368,ec1b73675add83e4378c757518f515a2768949ef2211305b41fe24c55eb8b1c6,2026-08-09T04:09:30.457075+00:00
7624721540059333183,张雪因手掌太红被网友劝就医！医生提醒……,0.0,0,external_positive,B,固定 provider,2,0,Alibaba,deepseek/deepseek-v4-flash,False,message.content,0,0,,,gen-1786248645-22y24tOOGzZY9iRHQNG4,stop,3.329211998730898,1,ok,,8925a7bde785a3c4fc69fb9bbf98ab1783d23f2c2e23b05c693b6d32085c7ef6,e9ee1b90b6a7128b4390ea7339b2e9ecb2152b592cf2a8745f3eff1b22399368,ec1b73675add83e4378c757518f515a2768949ef2211305b41fe24c55eb8b1c6,2026-08-09T04:10:47.408037+00:00
7624721540059333183,张雪因手掌太红被网友劝就医！医生提醒……,0.0,0,external_positive,B,固定 provider,3,0,Alibaba,deepseek/deepseek-v4-flash,False,message.content,0,0,,,gen-1786248663-EWjMLPDsIW6KrudCLX5V,stop,3.839217398315668,1,ok,,8925a7bde785a3c4fc69fb9bbf98ab1783d23f2c2e23b05c693b6d32085c7ef6,e9ee1b90b6a7128b4390ea7339b2e9ecb2152b592cf2a8745f3eff1b22399368,ec1b73675add83e4378c757518f515a2768949ef2211305b41fe24c55eb8b1c6,2026-08-09T04:11:06.342188+00:00
7624721540059333183,张雪因手掌太红被网友劝就医！医生提醒……,0.0,0,external_positive,B,固定 provider,4,0,Alibaba,deepseek/deepseek-v4-flash,False,message.content,0,0,,,gen-1786248566-TogmYdkcSkRkwEZ8hmxt,stop,3.6876232996582985,1,ok,,8925a7bde785a3c4fc69fb9bbf98ab1783d23f2c2e23b05c693b6d32085c7ef6,e9ee1b90b6a7128b4390ea7339b2e9ecb2152b592cf2a8745f3eff1b22399368,ec1b73675add83e4378c757518f515a2768949ef2211305b41fe24c55eb8b1c6,2026-08-09T04:09:28.804649+00:00
7624721540059333183,张雪因手掌太红被网友劝就医！医生提醒……,0.0,0,external_positive,B,固定 provider,5,0,Alibaba,deepseek/deepseek-v4-flash,False,message.content,0,0,,,gen-1786248485-kUKWWLw4NaDr79fcMb84,stop,3.544268596917391,1,ok,,8925a7bde785a3c4fc69fb9bbf98ab1783d23f2c2e23b05c693b6d32085c7ef6,e9ee1b90b6a7128b4390ea7339b2e9ecb2152b592cf2a8745f3eff1b22399368,ec1b73675add83e4378c757518f515a2768949ef2211305b41fe24c55eb8b1c6,2026-08-09T04:08:08.568302+00:00
7624721540059333183,张雪因手掌太红被网友劝就医！医生提醒……,0.0,0,external_positive,C,关闭 reasoning,1,0,Alibaba,deepseek/deepseek-v4-flash,False,message.content,0,0,,,gen-1786248550-1NGdLPzZmJ0WVEeAo9Xs,stop,1.9658745005726814,1,ok,,8925a7bde785a3c4fc69fb9bbf98ab1783d23f2c2e23b05c693b6d32085c7ef6,e9ee1b90b6a7128b4390ea7339b2e9ecb2152b592cf2a8745f3eff1b22399368,1405bcc885d8feee541e4401c484d97d87da1e9a48c78ed02d48f74ce5e3ca57,2026-08-09T04:09:11.289310+00:00
7624721540059333183,张雪因手掌太红被网友劝就医！医生提醒……,0.0,0,external_positive,C,关闭 reasoning,2,0,Alibaba,deepseek/deepseek-v4-flash,False,message.content,0,0,,,gen-1786248589-eJGZiuPtNWOF5YLzi7lH,stop,1.866703100502491,1,ok,,8925a7bde785a3c4fc69fb9bbf98ab1783d23f2c2e23b05c693b6d32085c7ef6,e9ee1b90b6a7128b4390ea7339b2e9ecb2152b592cf2a8745f3eff1b22399368,1405bcc885d8feee541e4401c484d97d87da1e9a48c78ed02d48f74ce5e3ca57,2026-08-09T04:09:50.475628+00:00
7624721540059333183,张雪因手掌太红被网友劝就医！医生提醒……,0.0,0,external_positive,C,关闭 reasoning,3,0,Alibaba,deepseek/deepseek-v4-flash,False,message.content,0,0,,,gen-1786248675-yk2dEK7QQz5r640dOssn,stop,1.6608523987233639,1,ok,,8925a7bde785a3c4fc69fb9bbf98ab1783d23f2c2e23b05c693b6d32085c7ef6,e9ee1b90b6a7128b4390ea7339b2e9ecb2152b592cf2a8745f3eff1b22399368,1405bcc885d8feee541e4401c484d97d87da1e9a48c78ed02d48f74ce5e3ca57,2026-08-09T04:11:16.092087+00:00
7624721540059333183,张雪因手掌太红被网友劝就医！医生提醒……,0.0,0,external_positive,C,关闭 reasoning,4,0,Alibaba,deepseek/deepseek-v4-flash,False,message.content,0,0,,,gen-1786248669-93p4v8n5aefXEyHfw3oW,stop,1.7410291023552418,1,ok,,8925a7bde785a3c4fc69fb9bbf98ab1783d23f2c2e23b05c693b6d32085c7ef6,e9ee1b90b6a7128b4390ea7339b2e9ecb2152b592cf2a8745f3eff1b22399368,1405bcc885d8feee541e4401c484d97d87da1e9a48c78ed02d48f74ce5e3ca57,2026-08-09T04:11:10.098312+00:00
7624721540059333183,张雪因手掌太红被网友劝就医！医生提醒……,0.0,0,external_positive,C,关闭 reasoning,5,0,Alibaba,deepseek/deepseek-v4-flash,False,message.content,0,0,,,gen-1786248669-EQZ5NCxWQKVAT8iDETlt,stop,1.8632423989474773,1,ok,,8925a7bde785a3c4fc69fb9bbf98ab1783d23f2c2e23b05c693b6d32085c7ef6,e9ee1b90b6a7128b4390ea7339b2e9ecb2152b592cf2a8745f3eff1b22399368,1405bcc885d8feee541e4401c484d97d87da1e9a48c78ed02d48f74ce5e3ca57,2026-08-09T04:11:09.996426+00:00
7624721540059333183,张雪因手掌太红被网友劝就医！医生提醒……,0.0,0,external_positive,D,固定 provider + 关闭 reasoning,1,0,Alibaba,deepseek/deepseek-v4-flash,False,message.content,0,0,,,gen-1786248585-P8Z3OV5KmiBaXYTaLtVo,stop,1.9223619997501373,1,ok,,8925a7bde785a3c4fc69fb9bbf98ab1783d23f2c2e23b05c693b6d32085c7ef6,e9ee1b90b6a7128b4390ea7339b2e9ecb2152b592cf2a8745f3eff1b22399368,e6ced52d18868f0e7a6285ecd182ba658bd2e1bf79243b76d0a1d6515f1e7301,2026-08-09T04:09:46.330215+00:00
7624721540059333183,张雪因手掌太红被网友劝就医！医生提醒……,0.0,0,external_positive,D,固定 provider + 关闭 reasoning,2,0,Alibaba,deepseek/deepseek-v4-flash,False,message.content,0,0,,,gen-1786248564-njTo2jZnVqRvzpwwoKEW,stop,1.749176498502493,1,ok,,8925a7bde785a3c4fc69fb9bbf98ab1783d23f2c2e23b05c693b6d32085c7ef6,e9ee1b90b6a7128b4390ea7339b2e9ecb2152b592cf2a8745f3eff1b22399368,e6ced52d18868f0e7a6285ecd182ba658bd2e1bf79243b76d0a1d6515f1e7301,2026-08-09T04:09:25.115660+00:00
7624721540059333183,张雪因手掌太红被网友劝就医！医生提醒……,0.0,0,external_positive,D,固定 provider + 关闭 reasoning,3,0,Alibaba,deepseek/deepseek-v4-flash,False,message.content,0,0,,,gen-1786248516-iolebee59nL2kyeVL4TB,stop,1.6907677985727787,1,ok,,8925a7bde785a3c4fc69fb9bbf98ab1783d23f2c2e23b05c693b6d32085c7ef6,e9ee1b90b6a7128b4390ea7339b2e9ecb2152b592cf2a8745f3eff1b22399368,e6ced52d18868f0e7a6285ecd182ba658bd2e1bf79243b76d0a1d6515f1e7301,2026-08-09T04:08:37.482744+00:00
7624721540059333183,张雪因手掌太红被网友劝就医！医生提醒……,0.0,0,external_positive,D,固定 provider + 关闭 reasoning,4,0,Alibaba,deepseek/deepseek-v4-flash,False,message.content,0,0,,,gen-1786248496-SSCa0P2n7eW7HRflZpLf,stop,2.2842102982103825,1,ok,,8925a7bde785a3c4fc69fb9bbf98ab1783d23f2c2e23b05c693b6d32085c7ef6,e9ee1b90b6a7128b4390ea7339b2e9ecb2152b592cf2a8745f3eff1b22399368,e6ced52d18868f0e7a6285ecd182ba658bd2e1bf79243b76d0a1d6515f1e7301,2026-08-09T04:08:17.114600+00:00
7624721540059333183,张雪因手掌太红被网友劝就医！医生提醒……,0.0,0,external_positive,D,固定 provider + 关闭 reasoning,5,0,Alibaba,deepseek/deepseek-v4-flash,False,message.content,0,0,,,gen-1786248510-JvxXitL2PEu6SY219Qx7,stop,1.6392122991383076,1,ok,,8925a7bde785a3c4fc69fb9bbf98ab1783d23f2c2e23b05c693b6d32085c7ef6,e9ee1b90b6a7128b4390ea7339b2e9ecb2152b592cf2a8745f3eff1b22399368,e6ced52d18868f0e7a6285ecd182ba658bd2e1bf79243b76d0a1d6515f1e7301,2026-08-09T04:08:31.018647+00:00
7631724657380557363,300余家国企招聘岗位上线,85.0,4,internal_positive,A,生产基线,1,35,Alibaba,deepseek/deepseek-v4-flash,False,message.content,35,35,,,gen-1786248551-9RJXoH7yXGHfFesUiR7e,stop,5.6499801985919476,1,ok,,7ec21ba885f5f84b98a906f226b221caecb52a17015d4c7c6e14cce6a6ed6617,ceb1f2dd54a77640f7bb2c250b180e193c7566303cf55db6087abef2037ad5ae,0e262e4ed65a9ccdec06c259e86f43d31cf0b28be7b1f93b24bf7630aecf50dc,2026-08-09T04:09:15.724430+00:00
7631724657380557363,300余家国企招聘岗位上线,85.0,4,internal_positive,A,生产基线,2,40,Alibaba,deepseek/deepseek-v4-flash,False,message.content,40,40,,,gen-1786248541-7ldxBXUqPG602AybGWDa,stop,5.058721601963043,1,ok,,7ec21ba885f5f84b98a906f226b221caecb52a17015d4c7c6e14cce6a6ed6617,ceb1f2dd54a77640f7bb2c250b180e193c7566303cf55db6087abef2037ad5ae,0e262e4ed65a9ccdec06c259e86f43d31cf0b28be7b1f93b24bf7630aecf50dc,2026-08-09T04:09:05.828862+00:00
7631724657380557363,300余家国企招聘岗位上线,85.0,4,internal_positive,A,生产基线,3,30,Alibaba,deepseek/deepseek-v4-flash,False,message.content,30,30,,,gen-1786248573-OzrVMzk3eM8Y1sc3Dj98,stop,6.041910298168659,1,ok,,7ec21ba885f5f84b98a906f226b221caecb52a17015d4c7c6e14cce6a6ed6617,ceb1f2dd54a77640f7bb2c250b180e193c7566303cf55db6087abef2037ad5ae,0e262e4ed65a9ccdec06c259e86f43d31cf0b28be7b1f93b24bf7630aecf50dc,2026-08-09T04:09:38.211431+00:00
7631724657380557363,300余家国企招聘岗位上线,85.0,4,internal_positive,A,生产基线,4,35,Alibaba,deepseek/deepseek-v4-flash,False,message.content,35,35,,,gen-1786248497-Do0klEiu67GnTxddUy8m,stop,4.998617403209209,1,ok,,7ec21ba885f5f84b98a906f226b221caecb52a17015d4c7c6e14cce6a6ed6617,ceb1f2dd54a77640f7bb2c250b180e193c7566303cf55db6087abef2037ad5ae,0e262e4ed65a9ccdec06c259e86f43d31cf0b28be7b1f93b24bf7630aecf50dc,2026-08-09T04:08:21.987817+00:00
7631724657380557363,300余家国企招聘岗位上线,85.0,4,internal_positive,A,生产基线,5,35,Alibaba,deepseek/deepseek-v4-flash,False,message.content,35,35,,,gen-1786248467-EADgvsyBbpHljR1VTGYO,stop,4.849562801420689,1,ok,,7ec21ba885f5f84b98a906f226b221caecb52a17015d4c7c6e14cce6a6ed6617,ceb1f2dd54a77640f7bb2c250b180e193c7566303cf55db6087abef2037ad5ae,0e262e4ed65a9ccdec06c259e86f43d31cf0b28be7b1f93b24bf7630aecf50dc,2026-08-09T04:07:51.482114+00:00
7631724657380557363,300余家国企招聘岗位上线,85.0,4,internal_positive,B,固定 provider,1,35,Alibaba,deepseek/deepseek-v4-flash,False,message.content,35,35,,,gen-1786248648-iVYhYyr3o9VrcUf0NoSF,stop,5.5263285003602505,1,ok,,7ec21ba885f5f84b98a906f226b221caecb52a17015d4c7c6e14cce6a6ed6617,ceb1f2dd54a77640f7bb2c250b180e193c7566303cf55db6087abef2037ad5ae,c19fd6687749042c6c8d5e7779b96f90e133c1ed4c67138f1a2f1c30edf4bc32,2026-08-09T04:10:52.935737+00:00
7631724657380557363,300余家国企招聘岗位上线,85.0,4,internal_positive,B,固定 provider,2,10,Alibaba,deepseek/deepseek-v4-flash,False,message.content,10,10,,,gen-1786248554-Xh8tYcA7yjvp7FXn90Gg,stop,9.55758660286665,1,ok,,7ec21ba885f5f84b98a906f226b221caecb52a17015d4c7c6e14cce6a6ed6617,ceb1f2dd54a77640f7bb2c250b180e193c7566303cf55db6087abef2037ad5ae,c19fd6687749042c6c8d5e7779b96f90e133c1ed4c67138f1a2f1c30edf4bc32,2026-08-09T04:09:23.520356+00:00
7631724657380557363,300余家国企招聘岗位上线,85.0,4,internal_positive,B,固定 provider,3,50,Alibaba,deepseek/deepseek-v4-flash,False,message.content,50,50,,,gen-1786248674-Ivy5ELI2foNBfJaKkVzB,stop,5.263702098280191,1,ok,,7ec21ba885f5f84b98a906f226b221caecb52a17015d4c7c6e14cce6a6ed6617,ceb1f2dd54a77640f7bb2c250b180e193c7566303cf55db6087abef2037ad5ae,c19fd6687749042c6c8d5e7779b96f90e133c1ed4c67138f1a2f1c30edf4bc32,2026-08-09T04:11:18.907647+00:00
7631724657380557363,300余家国企招聘岗位上线,85.0,4,internal_positive,B,固定 provider,4,20,Alibaba,deepseek/deepseek-v4-flash,False,message.content,20,20,,,gen-1786248679-i5H66VD4d602iI8a477c,stop,6.157103098928928,1,ok,,7ec21ba885f5f84b98a906f226b221caecb52a17015d4c7c6e14cce6a6ed6617,ceb1f2dd54a77640f7bb2c250b180e193c7566303cf55db6087abef2037ad5ae,c19fd6687749042c6c8d5e7779b96f90e133c1ed4c67138f1a2f1c30edf4bc32,2026-08-09T04:11:24.906011+00:00
7631724657380557363,300余家国企招聘岗位上线,85.0,4,internal_positive,B,固定 provider,5,55,Alibaba,deepseek/deepseek-v4-flash,False,message.content,55,55,,,gen-1786248484-6PvI0H67XSEXrncuQNgz,stop,5.748706702142954,1,ok,,7ec21ba885f5f84b98a906f226b221caecb52a17015d4c7c6e14cce6a6ed6617,ceb1f2dd54a77640f7bb2c250b180e193c7566303cf55db6087abef2037ad5ae,c19fd6687749042c6c8d5e7779b96f90e133c1ed4c67138f1a2f1c30edf4bc32,2026-08-09T04:08:09.364309+00:00
7631724657380557363,300余家国企招聘岗位上线,85.0,4,internal_positive,C,关闭 reasoning,1,85,Alibaba,deepseek/deepseek-v4-flash,False,message.content,85,85,,,gen-1786248501-7ZxDaRuyBgfbjLrqAOTw,stop,2.5629172027111053,1,ok,,7ec21ba885f5f84b98a906f226b221caecb52a17015d4c7c6e14cce6a6ed6617,ceb1f2dd54a77640f7bb2c250b180e193c7566303cf55db6087abef2037ad5ae,ede82b63683fc169a9adf9d0e2ffa149862e77104dcd05a6d909b8136a03400d,2026-08-09T04:08:22.497321+00:00
7631724657380557363,300余家国企招聘岗位上线,85.0,4,internal_positive,C,关闭 reasoning,2,85,Alibaba,deepseek/deepseek-v4-flash,False,message.content,85,85,,,gen-1786248624-rsdm4Pr17aSddNWk6YVH,stop,1.8488024026155472,1,ok,,7ec21ba885f5f84b98a906f226b221caecb52a17015d4c7c6e14cce6a6ed6617,ceb1f2dd54a77640f7bb2c250b180e193c7566303cf55db6087abef2037ad5ae,ede82b63683fc169a9adf9d0e2ffa149862e77104dcd05a6d909b8136a03400d,2026-08-09T04:10:24.762651+00:00
7631724657380557363,300余家国企招聘岗位上线,85.0,4,internal_positive,C,关闭 reasoning,3,85,Alibaba,deepseek/deepseek-v4-flash,False,message.content,85,85,,,gen-1786248643-lNS7QbEsN4qYJGNzEQzu,stop,1.8595237992703915,1,ok,,7ec21ba885f5f84b98a906f226b221caecb52a17015d4c7c6e14cce6a6ed6617,ceb1f2dd54a77640f7bb2c250b180e193c7566303cf55db6087abef2037ad5ae,ede82b63683fc169a9adf9d0e2ffa149862e77104dcd05a6d909b8136a03400d,2026-08-09T04:10:44.249323+00:00
7631724657380557363,300余家国企招聘岗位上线,85.0,4,internal_positive,C,关闭 reasoning,4,85,Alibaba,deepseek/deepseek-v4-flash,False,message.content,85,85,,,gen-1786248645-qlzL8fjzZPx07DWRXpbG,stop,1.7908232994377613,1,ok,,7ec21ba885f5f84b98a906f226b221caecb52a17015d4c7c6e14cce6a6ed6617,ceb1f2dd54a77640f7bb2c250b180e193c7566303cf55db6087abef2037ad5ae,ede82b63683fc169a9adf9d0e2ffa149862e77104dcd05a6d909b8136a03400d,2026-08-09T04:10:46.646884+00:00
7631724657380557363,300余家国企招聘岗位上线,85.0,4,internal_positive,C,关闭 reasoning,5,85,Alibaba,deepseek/deepseek-v4-flash,False,message.content,85,85,,,gen-1786248572-5YkaAXYM1Z8VzHfidSaA,stop,1.8365805968642235,1,ok,,7ec21ba885f5f84b98a906f226b221caecb52a17015d4c7c6e14cce6a6ed6617,ceb1f2dd54a77640f7bb2c250b180e193c7566303cf55db6087abef2037ad5ae,ede82b63683fc169a9adf9d0e2ffa149862e77104dcd05a6d909b8136a03400d,2026-08-09T04:09:33.733535+00:00
7631724657380557363,300余家国企招聘岗位上线,85.0,4,internal_positive,D,固定 provider + 关闭 reasoning,1,85,Alibaba,deepseek/deepseek-v4-flash,False,message.content,85,85,,,gen-1786248550-AA4AUgX7KV4UwZmoBQLz,stop,1.701418399810791,1,ok,,7ec21ba885f5f84b98a906f226b221caecb52a17015d4c7c6e14cce6a6ed6617,ceb1f2dd54a77640f7bb2c250b180e193c7566303cf55db6087abef2037ad5ae,636fed23cc827d91680694ed1362110e89a841bcf3a7f8f655d9cbe7fe470d60,2026-08-09T04:09:11.351914+00:00
7631724657380557363,300余家国企招聘岗位上线,85.0,4,internal_positive,D,固定 provider + 关闭 reasoning,2,85,Alibaba,deepseek/deepseek-v4-flash,False,message.content,85,85,,,gen-1786248536-0R22kkm1AHSx1iFyH0s8,stop,1.933830700814724,1,ok,,7ec21ba885f5f84b98a906f226b221caecb52a17015d4c7c6e14cce6a6ed6617,ceb1f2dd54a77640f7bb2c250b180e193c7566303cf55db6087abef2037ad5ae,636fed23cc827d91680694ed1362110e89a841bcf3a7f8f655d9cbe7fe470d60,2026-08-09T04:08:57.569957+00:00
7631724657380557363,300余家国企招聘岗位上线,85.0,4,internal_positive,D,固定 provider + 关闭 reasoning,3,85,Alibaba,deepseek/deepseek-v4-flash,False,message.content,85,85,,,gen-1786248520-phQ9q5SoYdu5EFtBIK6P,stop,1.8209728971123695,1,ok,,7ec21ba885f5f84b98a906f226b221caecb52a17015d4c7c6e14cce6a6ed6617,ceb1f2dd54a77640f7bb2c250b180e193c7566303cf55db6087abef2037ad5ae,636fed23cc827d91680694ed1362110e89a841bcf3a7f8f655d9cbe7fe470d60,2026-08-09T04:08:41.443741+00:00
7631724657380557363,300余家国企招聘岗位上线,85.0,4,internal_positive,D,固定 provider + 关闭 reasoning,4,85,Alibaba,deepseek/deepseek-v4-flash,False,message.content,85,85,,,gen-1786248637-GnKTm5fFpi3LRwcQIYc4,stop,1.695161297917366,1,ok,,7ec21ba885f5f84b98a906f226b221caecb52a17015d4c7c6e14cce6a6ed6617,ceb1f2dd54a77640f7bb2c250b180e193c7566303cf55db6087abef2037ad5ae,636fed23cc827d91680694ed1362110e89a841bcf3a7f8f655d9cbe7fe470d60,2026-08-09T04:10:38.020159+00:00
7631724657380557363,300余家国企招聘岗位上线,85.0,4,internal_positive,D,固定 provider + 关闭 reasoning,5,85,Alibaba,deepseek/deepseek-v4-flash,False,message.content,85,85,,,gen-1786248660-gyUrTy3oU6iQoenAZPPG,stop,1.7011782974004745,1,ok,,7ec21ba885f5f84b98a906f226b221caecb52a17015d4c7c6e14cce6a6ed6617,ceb1f2dd54a77640f7bb2c250b180e193c7566303cf55db6087abef2037ad5ae,636fed23cc827d91680694ed1362110e89a841bcf3a7f8f655d9cbe7fe470d60,2026-08-09T04:11:01.129398+00:00
7636619667569721908,生涯教育照亮学生成长路,20.0,1,internal_positive,A,生产基线,1,5,Alibaba,deepseek/deepseek-v4-flash,False,message.content,5,5,,,gen-1786248640-54RC9vfAL5ZZR6nOnfVO,stop,5.071976002305746,1,ok,,c29939dbee09d63f490e8a7733f7803805dba214afdee8f4086f395d27df4ee5,db348383e580881c6f5d82f5be10ed1641953692175fa69d9b150e6f8ce40dce,fea8cc0a94dd7d93815fa96b7737ae3ff8dc0cc30cda21f827b7b2b170194b23,2026-08-09T04:10:44.854770+00:00
7636619667569721908,生涯教育照亮学生成长路,20.0,1,internal_positive,A,生产基线,2,12,Alibaba,deepseek/deepseek-v4-flash,False,message.content,12,12,,,gen-1786248485-297uW0VwIQA2dDDJFlCZ,stop,4.563916701823473,1,ok,,c29939dbee09d63f490e8a7733f7803805dba214afdee8f4086f395d27df4ee5,db348383e580881c6f5d82f5be10ed1641953692175fa69d9b150e6f8ce40dce,fea8cc0a94dd7d93815fa96b7737ae3ff8dc0cc30cda21f827b7b2b170194b23,2026-08-09T04:08:08.964277+00:00
7636619667569721908,生涯教育照亮学生成长路,20.0,1,internal_positive,A,生产基线,3,0,Alibaba,deepseek/deepseek-v4-flash,False,message.content,0,0,,,gen-1786248613-4qLfUcrK4UOm9By6MRwn,stop,3.991067301481962,1,ok,,c29939dbee09d63f490e8a7733f7803805dba214afdee8f4086f395d27df4ee5,db348383e580881c6f5d82f5be10ed1641953692175fa69d9b150e6f8ce40dce,fea8cc0a94dd7d93815fa96b7737ae3ff8dc0cc30cda21f827b7b2b170194b23,2026-08-09T04:10:16.320726+00:00
7636619667569721908,生涯教育照亮学生成长路,20.0,1,internal_positive,A,生产基线,4,15,Alibaba,deepseek/deepseek-v4-flash,False,message.content,15,15,,,gen-1786248474-bdVfDT81lMvjMVAMyi2S,stop,3.378726799041033,1,ok,,c29939dbee09d63f490e8a7733f7803805dba214afdee8f4086f395d27df4ee5,db348383e580881c6f5d82f5be10ed1641953692175fa69d9b150e6f8ce40dce,fea8cc0a94dd7d93815fa96b7737ae3ff8dc0cc30cda21f827b7b2b170194b23,2026-08-09T04:07:57.263700+00:00
7636619667569721908,生涯教育照亮学生成长路,20.0,1,internal_positive,A,生产基线,5,10,Alibaba,deepseek/deepseek-v4-flash,False,message.content,10,10,,,gen-1786248579-Vofh6kIIKm0yiEaUvjcv,stop,6.469511602073908,1,ok,,c29939dbee09d63f490e8a7733f7803805dba214afdee8f4086f395d27df4ee5,db348383e580881c6f5d82f5be10ed1641953692175fa69d9b150e6f8ce40dce,fea8cc0a94dd7d93815fa96b7737ae3ff8dc0cc30cda21f827b7b2b170194b23,2026-08-09T04:09:44.682341+00:00
7636619667569721908,生涯教育照亮学生成长路,20.0,1,internal_positive,B,固定 provider,1,0,Alibaba,deepseek/deepseek-v4-flash,False,message.content,0,0,,,gen-1786248507-rGikqvuXPQyvu59cYZfL,stop,5.5923709012568,1,ok,,c29939dbee09d63f490e8a7733f7803805dba214afdee8f4086f395d27df4ee5,db348383e580881c6f5d82f5be10ed1641953692175fa69d9b150e6f8ce40dce,25c32f4ffc748299833ce644dbfc77fe609fa0679e47031711317ba542825897,2026-08-09T04:08:31.777418+00:00
7636619667569721908,生涯教育照亮学生成长路,20.0,1,internal_positive,B,固定 provider,2,10,Alibaba,deepseek/deepseek-v4-flash,False,message.content,10,10,,,gen-1786248586-rIV9jyBU0Sa6suHohxTf,stop,4.709930598735809,1,ok,,c29939dbee09d63f490e8a7733f7803805dba214afdee8f4086f395d27df4ee5,db348383e580881c6f5d82f5be10ed1641953692175fa69d9b150e6f8ce40dce,25c32f4ffc748299833ce644dbfc77fe609fa0679e47031711317ba542825897,2026-08-09T04:09:50.089799+00:00
7636619667569721908,生涯教育照亮学生成长路,20.0,1,internal_positive,B,固定 provider,3,0,Alibaba,deepseek/deepseek-v4-flash,False,message.content,0,0,,,gen-1786248687-57Z7k0A3fDaT6Us49EWD,stop,3.2031129002571106,1,ok,,c29939dbee09d63f490e8a7733f7803805dba214afdee8f4086f395d27df4ee5,db348383e580881c6f5d82f5be10ed1641953692175fa69d9b150e6f8ce40dce,25c32f4ffc748299833ce644dbfc77fe609fa0679e47031711317ba542825897,2026-08-09T04:11:29.391404+00:00
7636619667569721908,生涯教育照亮学生成长路,20.0,1,internal_positive,B,固定 provider,4,5,Alibaba,deepseek/deepseek-v4-flash,False,message.content,5,5,,,gen-1786248571-98R62s8s1aMaUFcHKie1,stop,9.803858403116465,1,ok,,c29939dbee09d63f490e8a7733f7803805dba214afdee8f4086f395d27df4ee5,db348383e580881c6f5d82f5be10ed1641953692175fa69d9b150e6f8ce40dce,25c32f4ffc748299833ce644dbfc77fe609fa0679e47031711317ba542825897,2026-08-09T04:09:40.345841+00:00
7636619667569721908,生涯教育照亮学生成长路,20.0,1,internal_positive,B,固定 provider,5,15,Alibaba,deepseek/deepseek-v4-flash,False,message.content,15,15,,,gen-1786248555-PE6DWBc2vVih9UPUS8F9,stop,4.08744689822197,1,ok,,c29939dbee09d63f490e8a7733f7803805dba214afdee8f4086f395d27df4ee5,db348383e580881c6f5d82f5be10ed1641953692175fa69d9b150e6f8ce40dce,25c32f4ffc748299833ce644dbfc77fe609fa0679e47031711317ba542825897,2026-08-09T04:09:19.013346+00:00
7636619667569721908,生涯教育照亮学生成长路,20.0,1,internal_positive,C,关闭 reasoning,1,15,Alibaba,deepseek/deepseek-v4-flash,False,message.content,15,15,,,gen-1786248562-mqolU1NYAHyTCuQsW8Bi,stop,1.545788798481226,1,ok,,c29939dbee09d63f490e8a7733f7803805dba214afdee8f4086f395d27df4ee5,db348383e580881c6f5d82f5be10ed1641953692175fa69d9b150e6f8ce40dce,9818d750d85cdd674c51333c7d7aea445d51bf260aa06d9135b41adefc9f666d,2026-08-09T04:09:23.053026+00:00
7636619667569721908,生涯教育照亮学生成长路,20.0,1,internal_positive,C,关闭 reasoning,2,15,Alibaba,deepseek/deepseek-v4-flash,False,message.content,15,15,,,gen-1786248548-OmlKUWCRUrnHpYoZt932,stop,1.4515013992786407,1,ok,,c29939dbee09d63f490e8a7733f7803805dba214afdee8f4086f395d27df4ee5,db348383e580881c6f5d82f5be10ed1641953692175fa69d9b150e6f8ce40dce,9818d750d85cdd674c51333c7d7aea445d51bf260aa06d9135b41adefc9f666d,2026-08-09T04:09:09.321983+00:00
7636619667569721908,生涯教育照亮学生成长路,20.0,1,internal_positive,C,关闭 reasoning,3,15,Alibaba,deepseek/deepseek-v4-flash,False,message.content,15,15,,,gen-1786248686-VoZ8IJxR5UqhIYTWlPuu,stop,2.95816870033741,1,ok,,c29939dbee09d63f490e8a7733f7803805dba214afdee8f4086f395d27df4ee5,db348383e580881c6f5d82f5be10ed1641953692175fa69d9b150e6f8ce40dce,9818d750d85cdd674c51333c7d7aea445d51bf260aa06d9135b41adefc9f666d,2026-08-09T04:11:28.138641+00:00
7636619667569721908,生涯教育照亮学生成长路,20.0,1,internal_positive,C,关闭 reasoning,4,15,Alibaba,deepseek/deepseek-v4-flash,False,message.content,15,15,,,gen-1786248526-MIICQk8TYGKay2pCjhHp,stop,1.913495298475027,1,ok,,c29939dbee09d63f490e8a7733f7803805dba214afdee8f4086f395d27df4ee5,db348383e580881c6f5d82f5be10ed1641953692175fa69d9b150e6f8ce40dce,9818d750d85cdd674c51333c7d7aea445d51bf260aa06d9135b41adefc9f666d,2026-08-09T04:08:47.469121+00:00
7636619667569721908,生涯教育照亮学生成长路,20.0,1,internal_positive,C,关闭 reasoning,5,15,Alibaba,deepseek/deepseek-v4-flash,False,message.content,15,15,,,gen-1786248579-Mspl70p5KoAMS9rr7OTe,stop,1.567856002599001,1,ok,,c29939dbee09d63f490e8a7733f7803805dba214afdee8f4086f395d27df4ee5,db348383e580881c6f5d82f5be10ed1641953692175fa69d9b150e6f8ce40dce,9818d750d85cdd674c51333c7d7aea445d51bf260aa06d9135b41adefc9f666d,2026-08-09T04:09:40.209516+00:00
7636619667569721908,生涯教育照亮学生成长路,20.0,1,internal_positive,D,固定 provider + 关闭 reasoning,1,15,Alibaba,deepseek/deepseek-v4-flash,False,message.content,15,15,,,gen-1786248676-qxggQaKkQ973MLfUNH67,stop,1.8737994991242886,1,ok,,c29939dbee09d63f490e8a7733f7803805dba214afdee8f4086f395d27df4ee5,db348383e580881c6f5d82f5be10ed1641953692175fa69d9b150e6f8ce40dce,6d0ab859c0a860651eb49d4fc4f284249e7fa20c898a975896828b2293860c1f,2026-08-09T04:11:16.752237+00:00
7636619667569721908,生涯教育照亮学生成长路,20.0,1,internal_positive,D,固定 provider + 关闭 reasoning,2,15,Alibaba,deepseek/deepseek-v4-flash,False,message.content,15,15,,,gen-1786248560-LZSskQaozyBqdCz6WdNE,stop,1.8042775988578796,1,ok,,c29939dbee09d63f490e8a7733f7803805dba214afdee8f4086f395d27df4ee5,db348383e580881c6f5d82f5be10ed1641953692175fa69d9b150e6f8ce40dce,6d0ab859c0a860651eb49d4fc4f284249e7fa20c898a975896828b2293860c1f,2026-08-09T04:09:20.781056+00:00
7636619667569721908,生涯教育照亮学生成长路,20.0,1,internal_positive,D,固定 provider + 关闭 reasoning,3,15,Alibaba,deepseek/deepseek-v4-flash,False,message.content,15,15,,,gen-1786248684-Tsmw15dqLkVhk2a8y35F,stop,1.8454614989459515,1,ok,,c29939dbee09d63f490e8a7733f7803805dba214afdee8f4086f395d27df4ee5,db348383e580881c6f5d82f5be10ed1641953692175fa69d9b150e6f8ce40dce,6d0ab859c0a860651eb49d4fc4f284249e7fa20c898a975896828b2293860c1f,2026-08-09T04:11:25.178726+00:00
7636619667569721908,生涯教育照亮学生成长路,20.0,1,internal_positive,D,固定 provider + 关闭 reasoning,4,15,Alibaba,deepseek/deepseek-v4-flash,False,message.content,15,15,,,gen-1786248530-nNiFUtJNCObSGBpMuESJ,stop,1.7405107989907265,1,ok,,c29939dbee09d63f490e8a7733f7803805dba214afdee8f4086f395d27df4ee5,db348383e580881c6f5d82f5be10ed1641953692175fa69d9b150e6f8ce40dce,6d0ab859c0a860651eb49d4fc4f284249e7fa20c898a975896828b2293860c1f,2026-08-09T04:08:51.330168+00:00
7636619667569721908,生涯教育照亮学生成长路,20.0,1,internal_positive,D,固定 provider + 关闭 reasoning,5,15,Alibaba,deepseek/deepseek-v4-flash,False,message.content,15,15,,,gen-1786248670-AkRfJeYFh1m2vu1EzOqH,stop,2.0658090971410275,1,ok,,c29939dbee09d63f490e8a7733f7803805dba214afdee8f4086f395d27df4ee5,db348383e580881c6f5d82f5be10ed1641953692175fa69d9b150e6f8ce40dce,6d0ab859c0a860651eb49d4fc4f284249e7fa20c898a975896828b2293860c1f,2026-08-09T04:11:11.326687+00:00
7641420357508940334,以稳健货币政策支持经济向新向好,75.0,3,internal_positive,A,生产基线,1,0,Alibaba,deepseek/deepseek-v4-flash,False,message.content,0,0,,,gen-1786248474-Dgg1bFn1f7P3YOfSe5ZB,stop,3.8984412997961044,1,ok,,e97b5609d9a5e5f0a4ed4877c1e91fa4aa81ecaa11cda2024b14c438b133f39e,49a5d9ccf301133a687824b5c0c14c64960280fe6c9f94980f24d0fe4024988a,5d4e5607d120d8abdc1fe6dfcd0c37e202d22eba4bc408d4dd680013b8276549,2026-08-09T04:07:57.474236+00:00
7641420357508940334,以稳健货币政策支持经济向新向好,75.0,3,internal_positive,A,生产基线,2,0,Alibaba,deepseek/deepseek-v4-flash,False,message.content,0,0,,,gen-1786248490-iP040uitcg7jyhKRmYjs,stop,3.0529186986386776,1,ok,,e97b5609d9a5e5f0a4ed4877c1e91fa4aa81ecaa11cda2024b14c438b133f39e,49a5d9ccf301133a687824b5c0c14c64960280fe6c9f94980f24d0fe4024988a,5d4e5607d120d8abdc1fe6dfcd0c37e202d22eba4bc408d4dd680013b8276549,2026-08-09T04:08:12.998707+00:00
7641420357508940334,以稳健货币政策支持经济向新向好,75.0,3,internal_positive,A,生产基线,3,0,Alibaba,deepseek/deepseek-v4-flash,False,message.content,0,0,,,gen-1786248559-mqS9V33tc1CFDUDIFYHX,stop,2.8068115003407,1,ok,,e97b5609d9a5e5f0a4ed4877c1e91fa4aa81ecaa11cda2024b14c438b133f39e,49a5d9ccf301133a687824b5c0c14c64960280fe6c9f94980f24d0fe4024988a,5d4e5607d120d8abdc1fe6dfcd0c37e202d22eba4bc408d4dd680013b8276549,2026-08-09T04:09:21.505886+00:00
7641420357508940334,以稳健货币政策支持经济向新向好,75.0,3,internal_positive,A,生产基线,4,0,Alibaba,deepseek/deepseek-v4-flash,False,message.content,0,0,,,gen-1786248551-F7DrXg3m2rGVO5hVp0hi,stop,2.9595340974628925,1,ok,,e97b5609d9a5e5f0a4ed4877c1e91fa4aa81ecaa11cda2024b14c438b133f39e,49a5d9ccf301133a687824b5c0c14c64960280fe6c9f94980f24d0fe4024988a,5d4e5607d120d8abdc1fe6dfcd0c37e202d22eba4bc408d4dd680013b8276549,2026-08-09T04:09:13.180291+00:00
7641420357508940334,以稳健货币政策支持经济向新向好,75.0,3,internal_positive,A,生产基线,5,0,Alibaba,deepseek/deepseek-v4-flash,False,message.content,0,0,,,gen-1786248459-4v9c2k1sPXIcZFx9AoAR,stop,3.2353304997086525,1,ok,,e97b5609d9a5e5f0a4ed4877c1e91fa4aa81ecaa11cda2024b14c438b133f39e,49a5d9ccf301133a687824b5c0c14c64960280fe6c9f94980f24d0fe4024988a,5d4e5607d120d8abdc1fe6dfcd0c37e202d22eba4bc408d4dd680013b8276549,2026-08-09T04:07:41.550798+00:00
7641420357508940334,以稳健货币政策支持经济向新向好,75.0,3,internal_positive,B,固定 provider,1,0,Alibaba,deepseek/deepseek-v4-flash,False,message.content,0,0,,,gen-1786248464-RSKPNzTShtoszQhJQ5oO,stop,2.735995601862669,1,ok,,e97b5609d9a5e5f0a4ed4877c1e91fa4aa81ecaa11cda2024b14c438b133f39e,49a5d9ccf301133a687824b5c0c14c64960280fe6c9f94980f24d0fe4024988a,d8989ae96c611e051e398288474b0383f956be1069d9d3f5a8314536e55ce896,2026-08-09T04:07:46.451714+00:00
7641420357508940334,以稳健货币政策支持经济向新向好,75.0,3,internal_positive,B,固定 provider,2,0,Alibaba,deepseek/deepseek-v4-flash,False,message.content,0,0,,,gen-1786248492-rc9x3k5ySkP1huoe5R5u,stop,3.2372233010828495,1,ok,,e97b5609d9a5e5f0a4ed4877c1e91fa4aa81ecaa11cda2024b14c438b133f39e,49a5d9ccf301133a687824b5c0c14c64960280fe6c9f94980f24d0fe4024988a,d8989ae96c611e051e398288474b0383f956be1069d9d3f5a8314536e55ce896,2026-08-09T04:08:14.723128+00:00
7641420357508940334,以稳健货币政策支持经济向新向好,75.0,3,internal_positive,B,固定 provider,3,0,Alibaba,deepseek/deepseek-v4-flash,False,message.content,0,0,,,gen-1786248577-b4nEDZaymYs3Khz0BHrx,stop,3.0863819010555744,1,ok,,e97b5609d9a5e5f0a4ed4877c1e91fa4aa81ecaa11cda2024b14c438b133f39e,49a5d9ccf301133a687824b5c0c14c64960280fe6c9f94980f24d0fe4024988a,d8989ae96c611e051e398288474b0383f956be1069d9d3f5a8314536e55ce896,2026-08-09T04:09:39.605898+00:00
7641420357508940334,以稳健货币政策支持经济向新向好,75.0,3,internal_positive,B,固定 provider,4,0,Alibaba,deepseek/deepseek-v4-flash,False,message.content,0,0,,,gen-1786248619-8dFV7qNMEiJOk6eFEmEl,stop,3.1896004006266594,1,ok,,e97b5609d9a5e5f0a4ed4877c1e91fa4aa81ecaa11cda2024b14c438b133f39e,49a5d9ccf301133a687824b5c0c14c64960280fe6c9f94980f24d0fe4024988a,d8989ae96c611e051e398288474b0383f956be1069d9d3f5a8314536e55ce896,2026-08-09T04:10:21.302585+00:00
7641420357508940334,以稳健货币政策支持经济向新向好,75.0,3,internal_positive,B,固定 provider,5,0,Alibaba,deepseek/deepseek-v4-flash,False,message.content,0,0,,,gen-1786248635-01DIgkaBmHCSUXeXYL5l,stop,3.258404701948166,1,ok,,e97b5609d9a5e5f0a4ed4877c1e91fa4aa81ecaa11cda2024b14c438b133f39e,49a5d9ccf301133a687824b5c0c14c64960280fe6c9f94980f24d0fe4024988a,d8989ae96c611e051e398288474b0383f956be1069d9d3f5a8314536e55ce896,2026-08-09T04:10:37.859109+00:00
7641420357508940334,以稳健货币政策支持经济向新向好,75.0,3,internal_positive,C,关闭 reasoning,1,15,Alibaba,deepseek/deepseek-v4-flash,False,message.content,15,15,,,gen-1786248585-HpeL33WsoZ51StXE3ety,stop,1.87258730083704,1,ok,,e97b5609d9a5e5f0a4ed4877c1e91fa4aa81ecaa11cda2024b14c438b133f39e,49a5d9ccf301133a687824b5c0c14c64960280fe6c9f94980f24d0fe4024988a,3c96492e875a6113222fcbd1372f0fb42b4c996e01854873e75b1630f8478de4,2026-08-09T04:09:46.332947+00:00
7641420357508940334,以稳健货币政策支持经济向新向好,75.0,3,internal_positive,C,关闭 reasoning,2,0,Alibaba,deepseek/deepseek-v4-flash,False,message.content,0,0,,,gen-1786248478-fnQEk6KaHGj4MwSkNCbG,stop,2.245881300419569,1,ok,,e97b5609d9a5e5f0a4ed4877c1e91fa4aa81ecaa11cda2024b14c438b133f39e,49a5d9ccf301133a687824b5c0c14c64960280fe6c9f94980f24d0fe4024988a,3c96492e875a6113222fcbd1372f0fb42b4c996e01854873e75b1630f8478de4,2026-08-09T04:07:59.510958+00:00
7641420357508940334,以稳健货币政策支持经济向新向好,75.0,3,internal_positive,C,关闭 reasoning,3,0,Alibaba,deepseek/deepseek-v4-flash,False,message.content,0,0,,,gen-1786248534-6dTmRrLGBGPH63tbb1ub,stop,1.8636788986623287,1,ok,,e97b5609d9a5e5f0a4ed4877c1e91fa4aa81ecaa11cda2024b14c438b133f39e,49a5d9ccf301133a687824b5c0c14c64960280fe6c9f94980f24d0fe4024988a,3c96492e875a6113222fcbd1372f0fb42b4c996e01854873e75b1630f8478de4,2026-08-09T04:08:55.129234+00:00
7641420357508940334,以稳健货币政策支持经济向新向好,75.0,3,internal_positive,C,关闭 reasoning,4,0,Alibaba,deepseek/deepseek-v4-flash,False,message.content,0,0,,,gen-1786248512-9daAbvpYVh6mz8QAxK6p,stop,1.9524763002991676,1,ok,,e97b5609d9a5e5f0a4ed4877c1e91fa4aa81ecaa11cda2024b14c438b133f39e,49a5d9ccf301133a687824b5c0c14c64960280fe6c9f94980f24d0fe4024988a,3c96492e875a6113222fcbd1372f0fb42b4c996e01854873e75b1630f8478de4,2026-08-09T04:08:33.077173+00:00
7641420357508940334,以稳健货币政策支持经济向新向好,75.0,3,internal_positive,C,关闭 reasoning,5,15,Alibaba,deepseek/deepseek-v4-flash,False,message.content,15,15,,,gen-1786248616-i65x0xZHq1zaKsVGpxfQ,stop,1.7132011018693447,1,ok,,e97b5609d9a5e5f0a4ed4877c1e91fa4aa81ecaa11cda2024b14c438b133f39e,49a5d9ccf301133a687824b5c0c14c64960280fe6c9f94980f24d0fe4024988a,3c96492e875a6113222fcbd1372f0fb42b4c996e01854873e75b1630f8478de4,2026-08-09T04:10:16.977292+00:00
7641420357508940334,以稳健货币政策支持经济向新向好,75.0,3,internal_positive,D,固定 provider + 关闭 reasoning,1,0,Alibaba,deepseek/deepseek-v4-flash,False,message.content,0,0,,,gen-1786248672-jEUWMWnN4SLMY3CckK3n,stop,1.9953012019395828,1,ok,,e97b5609d9a5e5f0a4ed4877c1e91fa4aa81ecaa11cda2024b14c438b133f39e,49a5d9ccf301133a687824b5c0c14c64960280fe6c9f94980f24d0fe4024988a,3c3d274fd7bbc870a387516e509824091a238b9a858aebdf414b1bf6380f935f,2026-08-09T04:11:13.642615+00:00
7641420357508940334,以稳健货币政策支持经济向新向好,75.0,3,internal_positive,D,固定 provider + 关闭 reasoning,2,0,Alibaba,deepseek/deepseek-v4-flash,False,message.content,0,0,,,gen-1786248659-Ewtdmx27rVsYcOBGgn3K,stop,1.404440801590681,1,ok,,e97b5609d9a5e5f0a4ed4877c1e91fa4aa81ecaa11cda2024b14c438b133f39e,49a5d9ccf301133a687824b5c0c14c64960280fe6c9f94980f24d0fe4024988a,3c3d274fd7bbc870a387516e509824091a238b9a858aebdf414b1bf6380f935f,2026-08-09T04:10:59.897448+00:00
7641420357508940334,以稳健货币政策支持经济向新向好,75.0,3,internal_positive,D,固定 provider + 关闭 reasoning,3,0,Alibaba,deepseek/deepseek-v4-flash,False,message.content,0,0,,,gen-1786248593-LrxSIQJ11OSrfqqe9CAt,stop,2.0077996999025345,1,ok,,e97b5609d9a5e5f0a4ed4877c1e91fa4aa81ecaa11cda2024b14c438b133f39e,49a5d9ccf301133a687824b5c0c14c64960280fe6c9f94980f24d0fe4024988a,3c3d274fd7bbc870a387516e509824091a238b9a858aebdf414b1bf6380f935f,2026-08-09T04:09:54.652407+00:00
7641420357508940334,以稳健货币政策支持经济向新向好,75.0,3,internal_positive,D,固定 provider + 关闭 reasoning,4,0,Alibaba,deepseek/deepseek-v4-flash,False,message.content,0,0,,,gen-1786248522-mKabxrISm09z7KDOA4s5,stop,1.7752852030098438,1,ok,,e97b5609d9a5e5f0a4ed4877c1e91fa4aa81ecaa11cda2024b14c438b133f39e,49a5d9ccf301133a687824b5c0c14c64960280fe6c9f94980f24d0fe4024988a,3c3d274fd7bbc870a387516e509824091a238b9a858aebdf414b1bf6380f935f,2026-08-09T04:08:43.483445+00:00
7641420357508940334,以稳健货币政策支持经济向新向好,75.0,3,internal_positive,D,固定 provider + 关闭 reasoning,5,0,Alibaba,deepseek/deepseek-v4-flash,False,message.content,0,0,,,gen-1786248637-pA5HVlU2wXVa0QE0bWzL,stop,2.1315848007798195,1,ok,,e97b5609d9a5e5f0a4ed4877c1e91fa4aa81ecaa11cda2024b14c438b133f39e,49a5d9ccf301133a687824b5c0c14c64960280fe6c9f94980f24d0fe4024988a,3c3d274fd7bbc870a387516e509824091a238b9a858aebdf414b1bf6380f935f,2026-08-09T04:10:38.279766+00:00
7643801471133303305,全球首套！“原眼一号”研发成功！,0.0,0,internal_positive,A,生产基线,1,15,Alibaba,deepseek/deepseek-v4-flash,False,message.content,15,15,,,gen-1786248690-7L1KMoc6TRMtb6ifD74j,stop,3.7607800997793674,1,ok,,778f8e639e88eb8a875257c682640ed70f8cdae258676c90cab05e573ab17dfd,676e749d950ec804ae47b6a97c636ff811f8a49b5b447c4886ac5df57847c70c,1ee722c8d85ed36c0662e775eb21fd21721637f4aefbcf0b4225a33396cb66ee,2026-08-09T04:11:33.153541+00:00
7643801471133303305,全球首套！“原眼一号”研发成功！,0.0,0,internal_positive,A,生产基线,2,10,Alibaba,deepseek/deepseek-v4-flash,False,message.content,10,10,,,gen-1786248527-pifswZArZwT7GhIGQALH,stop,7.10424879938364,1,ok,,778f8e639e88eb8a875257c682640ed70f8cdae258676c90cab05e573ab17dfd,676e749d950ec804ae47b6a97c636ff811f8a49b5b447c4886ac5df57847c70c,1ee722c8d85ed36c0662e775eb21fd21721637f4aefbcf0b4225a33396cb66ee,2026-08-09T04:08:52.945722+00:00
7643801471133303305,全球首套！“原眼一号”研发成功！,0.0,0,internal_positive,A,生产基线,3,0,Alibaba,deepseek/deepseek-v4-flash,False,message.content,0,0,,,gen-1786248581-1U6r49mXpn08jW1yjDw4,stop,3.809580199420452,1,ok,,778f8e639e88eb8a875257c682640ed70f8cdae258676c90cab05e573ab17dfd,676e749d950ec804ae47b6a97c636ff811f8a49b5b447c4886ac5df57847c70c,1ee722c8d85ed36c0662e775eb21fd21721637f4aefbcf0b4225a33396cb66ee,2026-08-09T04:09:44.693874+00:00
7643801471133303305,全球首套！“原眼一号”研发成功！,0.0,0,internal_positive,A,生产基线,4,10,Alibaba,deepseek/deepseek-v4-flash,False,message.content,10,10,,,gen-1786248467-TkEomtyGjkKTxGG2P7qN,stop,4.766757898032665,1,ok,,778f8e639e88eb8a875257c682640ed70f8cdae258676c90cab05e573ab17dfd,676e749d950ec804ae47b6a97c636ff811f8a49b5b447c4886ac5df57847c70c,1ee722c8d85ed36c0662e775eb21fd21721637f4aefbcf0b4225a33396cb66ee,2026-08-09T04:07:51.641142+00:00
7643801471133303305,全球首套！“原眼一号”研发成功！,0.0,0,internal_positive,A,生产基线,5,0,Alibaba,deepseek/deepseek-v4-flash,False,message.content,0,0,,,gen-1786248463-XxCxRbrxGyGyFJ6J5I7k,stop,4.017506200820208,1,ok,,778f8e639e88eb8a875257c682640ed70f8cdae258676c90cab05e573ab17dfd,676e749d950ec804ae47b6a97c636ff811f8a49b5b447c4886ac5df57847c70c,1ee722c8d85ed36c0662e775eb21fd21721637f4aefbcf0b4225a33396cb66ee,2026-08-09T04:07:46.880300+00:00
7643801471133303305,全球首套！“原眼一号”研发成功！,0.0,0,internal_positive,B,固定 provider,1,10,Alibaba,deepseek/deepseek-v4-flash,False,message.content,10,10,,,gen-1786248628-ZLwUHf6hNIORoQyvpkoA,stop,5.328508097678423,1,ok,,778f8e639e88eb8a875257c682640ed70f8cdae258676c90cab05e573ab17dfd,676e749d950ec804ae47b6a97c636ff811f8a49b5b447c4886ac5df57847c70c,f97e6f96bdec908f511a6e70d2b96ab0aec4d1a236b5feb6eae7ab9478838748,2026-08-09T04:10:32.951269+00:00
7643801471133303305,全球首套！“原眼一号”研发成功！,0.0,0,internal_positive,B,固定 provider,2,10,Alibaba,deepseek/deepseek-v4-flash,False,message.content,10,10,,,gen-1786248652-wwmcb0aemSiAXYy63MXZ,stop,3.958039801567793,1,ok,,778f8e639e88eb8a875257c682640ed70f8cdae258676c90cab05e573ab17dfd,676e749d950ec804ae47b6a97c636ff811f8a49b5b447c4886ac5df57847c70c,f97e6f96bdec908f511a6e70d2b96ab0aec4d1a236b5feb6eae7ab9478838748,2026-08-09T04:10:55.568624+00:00
7643801471133303305,全球首套！“原眼一号”研发成功！,0.0,0,internal_positive,B,固定 provider,3,0,Alibaba,deepseek/deepseek-v4-flash,False,message.content,0,0,,,gen-1786248507-RgNUlkaGdHJA0JcGRapV,stop,4.378508400171995,1,ok,,778f8e639e88eb8a875257c682640ed70f8cdae258676c90cab05e573ab17dfd,676e749d950ec804ae47b6a97c636ff811f8a49b5b447c4886ac5df57847c70c,f97e6f96bdec908f511a6e70d2b96ab0aec4d1a236b5feb6eae7ab9478838748,2026-08-09T04:08:31.117236+00:00
7643801471133303305,全球首套！“原眼一号”研发成功！,0.0,0,internal_positive,B,固定 provider,4,0,Alibaba,deepseek/deepseek-v4-flash,False,message.content,0,0,,,gen-1786248561-7XsMWGh4u6mUd0VUrUIh,stop,3.4104323014616966,1,ok,,778f8e639e88eb8a875257c682640ed70f8cdae258676c90cab05e573ab17dfd,676e749d950ec804ae47b6a97c636ff811f8a49b5b447c4886ac5df57847c70c,f97e6f96bdec908f511a6e70d2b96ab0aec4d1a236b5feb6eae7ab9478838748,2026-08-09T04:09:23.600068+00:00
7643801471133303305,全球首套！“原眼一号”研发成功！,0.0,0,internal_positive,B,固定 provider,5,10,Alibaba,deepseek/deepseek-v4-flash,False,message.content,10,10,,,gen-1786248568-5Vf1N9n48rlVmXAy3Sfx,stop,4.975857999175787,1,ok,,778f8e639e88eb8a875257c682640ed70f8cdae258676c90cab05e573ab17dfd,676e749d950ec804ae47b6a97c636ff811f8a49b5b447c4886ac5df57847c70c,f97e6f96bdec908f511a6e70d2b96ab0aec4d1a236b5feb6eae7ab9478838748,2026-08-09T04:09:31.895465+00:00
7643801471133303305,全球首套！“原眼一号”研发成功！,0.0,0,internal_positive,C,关闭 reasoning,1,0,Alibaba,deepseek/deepseek-v4-flash,False,message.content,0,0,,,gen-1786248617-8AMyhAUhcdTxqlaMhthA,stop,1.5705480016767979,1,ok,,778f8e639e88eb8a875257c682640ed70f8cdae258676c90cab05e573ab17dfd,676e749d950ec804ae47b6a97c636ff811f8a49b5b447c4886ac5df57847c70c,c60c12ddaa3b524e29dbdecba210764f7e1de33db06d5d9ffdd5137e04e908a9,2026-08-09T04:10:18.549199+00:00
7643801471133303305,全球首套！“原眼一号”研发成功！,0.0,0,internal_positive,C,关闭 reasoning,2,20,Alibaba,deepseek/deepseek-v4-flash,False,message.content,20,20,,,gen-1786248488-FThLLv7QUNSaNQxPGZ40,stop,1.5737948007881641,1,ok,,778f8e639e88eb8a875257c682640ed70f8cdae258676c90cab05e573ab17dfd,676e749d950ec804ae47b6a97c636ff811f8a49b5b447c4886ac5df57847c70c,c60c12ddaa3b524e29dbdecba210764f7e1de33db06d5d9ffdd5137e04e908a9,2026-08-09T04:08:09.322076+00:00
7643801471133303305,全球首套！“原眼一号”研发成功！,0.0,0,internal_positive,C,关闭 reasoning,3,20,Alibaba,deepseek/deepseek-v4-flash,False,message.content,20,20,,,gen-1786248549-PIcoiqXQZgZScBOhEWCy,stop,1.6265777982771397,1,ok,,778f8e639e88eb8a875257c682640ed70f8cdae258676c90cab05e573ab17dfd,676e749d950ec804ae47b6a97c636ff811f8a49b5b447c4886ac5df57847c70c,c60c12ddaa3b524e29dbdecba210764f7e1de33db06d5d9ffdd5137e04e908a9,2026-08-09T04:09:10.219288+00:00
7643801471133303305,全球首套！“原眼一号”研发成功！,0.0,0,internal_positive,C,关闭 reasoning,4,20,Alibaba,deepseek/deepseek-v4-flash,False,message.content,20,20,,,gen-1786248472-vZGaKlSeK14jYYQPAvuc,stop,2.0204612985253334,1,ok,,778f8e639e88eb8a875257c682640ed70f8cdae258676c90cab05e573ab17dfd,676e749d950ec804ae47b6a97c636ff811f8a49b5b447c4886ac5df57847c70c,c60c12ddaa3b524e29dbdecba210764f7e1de33db06d5d9ffdd5137e04e908a9,2026-08-09T04:07:53.663643+00:00
7643801471133303305,全球首套！“原眼一号”研发成功！,0.0,0,internal_positive,C,关闭 reasoning,5,20,Alibaba,deepseek/deepseek-v4-flash,False,message.content,20,20,,,gen-1786248456-ctiN9sdbqyjqeVhKyuvc,stop,1.4154495000839233,1,ok,,778f8e639e88eb8a875257c682640ed70f8cdae258676c90cab05e573ab17dfd,676e749d950ec804ae47b6a97c636ff811f8a49b5b447c4886ac5df57847c70c,c60c12ddaa3b524e29dbdecba210764f7e1de33db06d5d9ffdd5137e04e908a9,2026-08-09T04:07:37.466883+00:00
7643801471133303305,全球首套！“原眼一号”研发成功！,0.0,0,internal_positive,D,固定 provider + 关闭 reasoning,1,20,Alibaba,deepseek/deepseek-v4-flash,False,message.content,20,20,,,gen-1786248677-WTS1bkfvYxmjFc1UApus,stop,1.99393530189991,1,ok,,778f8e639e88eb8a875257c682640ed70f8cdae258676c90cab05e573ab17dfd,676e749d950ec804ae47b6a97c636ff811f8a49b5b447c4886ac5df57847c70c,7638e1e78227877a0f1a3f2b2be1ba0e53ff601d53edba96b254f7b3229717c7,2026-08-09T04:11:18.747530+00:00
7643801471133303305,全球首套！“原眼一号”研发成功！,0.0,0,internal_positive,D,固定 provider + 关闭 reasoning,2,20,Alibaba,deepseek/deepseek-v4-flash,False,message.content,20,20,,,gen-1786248505-xfjGcOD5cYxEJpLw81D3,stop,1.9187711998820305,1,ok,,778f8e639e88eb8a875257c682640ed70f8cdae258676c90cab05e573ab17dfd,676e749d950ec804ae47b6a97c636ff811f8a49b5b447c4886ac5df57847c70c,7638e1e78227877a0f1a3f2b2be1ba0e53ff601d53edba96b254f7b3229717c7,2026-08-09T04:08:26.183675+00:00
7643801471133303305,全球首套！“原眼一号”研发成功！,0.0,0,internal_positive,D,固定 provider + 关闭 reasoning,3,20,Alibaba,deepseek/deepseek-v4-flash,False,message.content,20,20,,,gen-1786248507-rtBizOUaWL4qU9ydhmKA,stop,1.6752359010279179,1,ok,,778f8e639e88eb8a875257c682640ed70f8cdae258676c90cab05e573ab17dfd,676e749d950ec804ae47b6a97c636ff811f8a49b5b447c4886ac5df57847c70c,7638e1e78227877a0f1a3f2b2be1ba0e53ff601d53edba96b254f7b3229717c7,2026-08-09T04:08:28.204292+00:00
7643801471133303305,全球首套！“原眼一号”研发成功！,0.0,0,internal_positive,D,固定 provider + 关闭 reasoning,4,20,Alibaba,deepseek/deepseek-v4-flash,False,message.content,20,20,,,gen-1786248598-PNUKOstJPZJf0wKMXayK,stop,1.5364372991025448,1,ok,,778f8e639e88eb8a875257c682640ed70f8cdae258676c90cab05e573ab17dfd,676e749d950ec804ae47b6a97c636ff811f8a49b5b447c4886ac5df57847c70c,7638e1e78227877a0f1a3f2b2be1ba0e53ff601d53edba96b254f7b3229717c7,2026-08-09T04:09:59.330252+00:00
7643801471133303305,全球首套！“原眼一号”研发成功！,0.0,0,internal_positive,D,固定 provider + 关闭 reasoning,5,20,Alibaba,deepseek/deepseek-v4-flash,False,message.content,20,20,,,gen-1786248688-LPvgWc66Mm1KiQzlHzE7,stop,1.8032034002244473,1,ok,,778f8e639e88eb8a875257c682640ed70f8cdae258676c90cab05e573ab17dfd,676e749d950ec804ae47b6a97c636ff811f8a49b5b447c4886ac5df57847c70c,7638e1e78227877a0f1a3f2b2be1ba0e53ff601d53edba96b254f7b3229717c7,2026-08-09T04:11:29.187810+00:00
7651230286125990450,高招有“招”｜6月14日9:00，广东工业大学专场播出,0.0,0,external_positive,A,生产基线,1,0,Alibaba,deepseek/deepseek-v4-flash,False,message.content,0,0,,,gen-1786248504-72pLhH6doZLYXhOiDR1V,stop,3.300863102078438,1,ok,,345ff8a8692d9d3f4980d4f22ac56219586403a344d220d2f51296d5565479ad,076ac302fecefd047cc2c43a7958dbbfedb9eab7acb0f978e825b081e04c6ce7,3eda0f60430a951f7c8678a6bfd41cb0045b7cc113d8dadb065d5e734b2e5b8f,2026-08-09T04:08:26.527718+00:00
7651230286125990450,高招有“招”｜6月14日9:00，广东工业大学专场播出,0.0,0,external_positive,A,生产基线,2,10,Alibaba,deepseek/deepseek-v4-flash,False,message.content,10,10,,,gen-1786248635-WnHbOXGcNR5McT3NKtfK,stop,3.0590406991541386,1,ok,,345ff8a8692d9d3f4980d4f22ac56219586403a344d220d2f51296d5565479ad,076ac302fecefd047cc2c43a7958dbbfedb9eab7acb0f978e825b081e04c6ce7,3eda0f60430a951f7c8678a6bfd41cb0045b7cc113d8dadb065d5e734b2e5b8f,2026-08-09T04:10:37.796010+00:00
7651230286125990450,高招有“招”｜6月14日9:00，广东工业大学专场播出,0.0,0,external_positive,A,生产基线,3,5,Alibaba,deepseek/deepseek-v4-flash,False,message.content,5,5,,,gen-1786248455-kDpcUV064imMoxw8cQ6k,stop,3.9896303974092007,1,ok,,345ff8a8692d9d3f4980d4f22ac56219586403a344d220d2f51296d5565479ad,076ac302fecefd047cc2c43a7958dbbfedb9eab7acb0f978e825b081e04c6ce7,3eda0f60430a951f7c8678a6bfd41cb0045b7cc113d8dadb065d5e734b2e5b8f,2026-08-09T04:07:38.412195+00:00
7651230286125990450,高招有“招”｜6月14日9:00，广东工业大学专场播出,0.0,0,external_positive,A,生产基线,4,10,Alibaba,deepseek/deepseek-v4-flash,False,message.content,10,10,,,gen-1786248526-6Yo96ehyfAxdLVjY4yh1,stop,3.7644171975553036,1,ok,,345ff8a8692d9d3f4980d4f22ac56219586403a344d220d2f51296d5565479ad,076ac302fecefd047cc2c43a7958dbbfedb9eab7acb0f978e825b081e04c6ce7,3eda0f60430a951f7c8678a6bfd41cb0045b7cc113d8dadb065d5e734b2e5b8f,2026-08-09T04:08:49.588326+00:00
7651230286125990450,高招有“招”｜6月14日9:00，广东工业大学专场播出,0.0,0,external_positive,A,生产基线,5,5,Alibaba,deepseek/deepseek-v4-flash,False,message.content,5,5,,,gen-1786248591-x1jzoKDod1koQezojLg2,stop,2.924498300999403,1,ok,,345ff8a8692d9d3f4980d4f22ac56219586403a344d220d2f51296d5565479ad,076ac302fecefd047cc2c43a7958dbbfedb9eab7acb0f978e825b081e04c6ce7,3eda0f60430a951f7c8678a6bfd41cb0045b7cc113d8dadb065d5e734b2e5b8f,2026-08-09T04:09:53.728040+00:00
7651230286125990450,高招有“招”｜6月14日9:00，广东工业大学专场播出,0.0,0,external_positive,B,固定 provider,1,10,Alibaba,deepseek/deepseek-v4-flash,False,message.content,10,10,,,gen-1786248451-BgLxAJvZjNqMe2AbtuYz,stop,4.644028801470995,1,ok,,345ff8a8692d9d3f4980d4f22ac56219586403a344d220d2f51296d5565479ad,076ac302fecefd047cc2c43a7958dbbfedb9eab7acb0f978e825b081e04c6ce7,714c307bc4fe9060422ea1bdc9bcd7512f2306ae8f569e84798e30002e317527,2026-08-09T04:07:34.563099+00:00
7651230286125990450,高招有“招”｜6月14日9:00，广东工业大学专场播出,0.0,0,external_positive,B,固定 provider,2,10,Alibaba,deepseek/deepseek-v4-flash,False,message.content,10,10,,,gen-1786248479-zbGqWxZ7ZWnxPgNs3k22,stop,2.954303801059723,1,ok,,345ff8a8692d9d3f4980d4f22ac56219586403a344d220d2f51296d5565479ad,076ac302fecefd047cc2c43a7958dbbfedb9eab7acb0f978e825b081e04c6ce7,714c307bc4fe9060422ea1bdc9bcd7512f2306ae8f569e84798e30002e317527,2026-08-09T04:08:01.393931+00:00
7651230286125990450,高招有“招”｜6月14日9:00，广东工业大学专场播出,0.0,0,external_positive,B,固定 provider,3,5,Alibaba,deepseek/deepseek-v4-flash,False,message.content,5,5,,,gen-1786248484-stt7G9HPjm5GN0RwCYUk,stop,3.884203400462866,1,ok,,345ff8a8692d9d3f4980d4f22ac56219586403a344d220d2f51296d5565479ad,076ac302fecefd047cc2c43a7958dbbfedb9eab7acb0f978e825b081e04c6ce7,714c307bc4fe9060422ea1bdc9bcd7512f2306ae8f569e84798e30002e317527,2026-08-09T04:08:07.246068+00:00
7651230286125990450,高招有“招”｜6月14日9:00，广东工业大学专场播出,0.0,0,external_positive,B,固定 provider,4,5,Alibaba,deepseek/deepseek-v4-flash,False,message.content,5,5,,,gen-1786248474-LNcTnqotamfGv50xA2YK,stop,3.7267438992857933,1,ok,,345ff8a8692d9d3f4980d4f22ac56219586403a344d220d2f51296d5565479ad,076ac302fecefd047cc2c43a7958dbbfedb9eab7acb0f978e825b081e04c6ce7,714c307bc4fe9060422ea1bdc9bcd7512f2306ae8f569e84798e30002e317527,2026-08-09T04:07:56.926816+00:00
7651230286125990450,高招有“招”｜6月14日9:00，广东工业大学专场播出,0.0,0,external_positive,B,固定 provider,5,10,Alibaba,deepseek/deepseek-v4-flash,False,message.content,10,10,,,gen-1786248488-MNdI25FDfk7QDPY5gS5y,stop,3.3742851987481117,1,ok,,345ff8a8692d9d3f4980d4f22ac56219586403a344d220d2f51296d5565479ad,076ac302fecefd047cc2c43a7958dbbfedb9eab7acb0f978e825b081e04c6ce7,714c307bc4fe9060422ea1bdc9bcd7512f2306ae8f569e84798e30002e317527,2026-08-09T04:08:10.533654+00:00
7651230286125990450,高招有“招”｜6月14日9:00，广东工业大学专场播出,0.0,0,external_positive,C,关闭 reasoning,1,0,Alibaba,deepseek/deepseek-v4-flash,False,message.content,0,0,,,gen-1786248629-yYO2jjNHGzM8c6zutvFh,stop,1.8396569006145,1,ok,,345ff8a8692d9d3f4980d4f22ac56219586403a344d220d2f51296d5565479ad,076ac302fecefd047cc2c43a7958dbbfedb9eab7acb0f978e825b081e04c6ce7,c7c1b8e487248c57488949f994437a59af6dbd6ba7dee2b049c7570b70af6ecc,2026-08-09T04:10:30.061398+00:00
7651230286125990450,高招有“招”｜6月14日9:00，广东工业大学专场播出,0.0,0,external_positive,C,关闭 reasoning,2,0,Alibaba,deepseek/deepseek-v4-flash,False,message.content,0,0,,,gen-1786248583-iTs2uDUyZhuG6KAilES9,stop,1.539725299924612,1,ok,,345ff8a8692d9d3f4980d4f22ac56219586403a344d220d2f51296d5565479ad,076ac302fecefd047cc2c43a7958dbbfedb9eab7acb0f978e825b081e04c6ce7,c7c1b8e487248c57488949f994437a59af6dbd6ba7dee2b049c7570b70af6ecc,2026-08-09T04:09:43.859247+00:00
7651230286125990450,高招有“招”｜6月14日9:00，广东工业大学专场播出,0.0,0,external_positive,C,关闭 reasoning,3,0,Alibaba,deepseek/deepseek-v4-flash,False,message.content,0,0,,,gen-1786248482-f107Knqz3feZTHEcoddR,stop,2.083464100956917,1,ok,,345ff8a8692d9d3f4980d4f22ac56219586403a344d220d2f51296d5565479ad,076ac302fecefd047cc2c43a7958dbbfedb9eab7acb0f978e825b081e04c6ce7,c7c1b8e487248c57488949f994437a59af6dbd6ba7dee2b049c7570b70af6ecc,2026-08-09T04:08:03.744195+00:00
7651230286125990450,高招有“招”｜6月14日9:00，广东工业大学专场播出,0.0,0,external_positive,C,关闭 reasoning,4,0,Alibaba,deepseek/deepseek-v4-flash,False,message.content,0,0,,,gen-1786248541-ilBu6FIZ2Wtl8Ds48mQC,stop,1.8016862012445927,1,ok,,345ff8a8692d9d3f4980d4f22ac56219586403a344d220d2f51296d5565479ad,076ac302fecefd047cc2c43a7958dbbfedb9eab7acb0f978e825b081e04c6ce7,c7c1b8e487248c57488949f994437a59af6dbd6ba7dee2b049c7570b70af6ecc,2026-08-09T04:09:02.301313+00:00
7651230286125990450,高招有“招”｜6月14日9:00，广东工业大学专场播出,0.0,0,external_positive,C,关闭 reasoning,5,0,Alibaba,deepseek/deepseek-v4-flash,False,message.content,0,0,,,gen-1786248570-NtxR6J0l746iksmU24Gb,stop,2.064199898391962,1,ok,,345ff8a8692d9d3f4980d4f22ac56219586403a344d220d2f51296d5565479ad,076ac302fecefd047cc2c43a7958dbbfedb9eab7acb0f978e825b081e04c6ce7,c7c1b8e487248c57488949f994437a59af6dbd6ba7dee2b049c7570b70af6ecc,2026-08-09T04:09:31.051783+00:00
7651230286125990450,高招有“招”｜6月14日9:00，广东工业大学专场播出,0.0,0,external_positive,D,固定 provider + 关闭 reasoning,1,5,Alibaba,deepseek/deepseek-v4-flash,False,message.content,5,5,,,gen-1786248530-GYTeSzQRjCY3rOajCO3y,stop,1.7435449995100498,1,ok,,345ff8a8692d9d3f4980d4f22ac56219586403a344d220d2f51296d5565479ad,076ac302fecefd047cc2c43a7958dbbfedb9eab7acb0f978e825b081e04c6ce7,e173476f5485c8f20c2d2fbc82718b221685e4f25a567f707d45324d2e8b2c47,2026-08-09T04:08:51.299617+00:00
7651230286125990450,高招有“招”｜6月14日9:00，广东工业大学专场播出,0.0,0,external_positive,D,固定 provider + 关闭 reasoning,2,0,Alibaba,deepseek/deepseek-v4-flash,False,message.content,0,0,,,gen-1786248666-FbJWNbR8zwtJUtB2qbmD,stop,1.8631758019328117,1,ok,,345ff8a8692d9d3f4980d4f22ac56219586403a344d220d2f51296d5565479ad,076ac302fecefd047cc2c43a7958dbbfedb9eab7acb0f978e825b081e04c6ce7,e173476f5485c8f20c2d2fbc82718b221685e4f25a567f707d45324d2e8b2c47,2026-08-09T04:11:07.432957+00:00
7651230286125990450,高招有“招”｜6月14日9:00，广东工业大学专场播出,0.0,0,external_positive,D,固定 provider + 关闭 reasoning,3,0,Alibaba,deepseek/deepseek-v4-flash,False,message.content,0,0,,,gen-1786248580-9nBYCezK4aO6u4nIk32V,stop,1.560080599039793,1,ok,,345ff8a8692d9d3f4980d4f22ac56219586403a344d220d2f51296d5565479ad,076ac302fecefd047cc2c43a7958dbbfedb9eab7acb0f978e825b081e04c6ce7,e173476f5485c8f20c2d2fbc82718b221685e4f25a567f707d45324d2e8b2c47,2026-08-09T04:09:41.069779+00:00
7651230286125990450,高招有“招”｜6月14日9:00，广东工业大学专场播出,0.0,0,external_positive,D,固定 provider + 关闭 reasoning,4,5,Alibaba,deepseek/deepseek-v4-flash,False,message.content,5,5,,,gen-1786248593-odmSepHWupzVJdMOojD3,stop,1.9288181997835636,1,ok,,345ff8a8692d9d3f4980d4f22ac56219586403a344d220d2f51296d5565479ad,076ac302fecefd047cc2c43a7958dbbfedb9eab7acb0f978e825b081e04c6ce7,e173476f5485c8f20c2d2fbc82718b221685e4f25a567f707d45324d2e8b2c47,2026-08-09T04:09:54.499173+00:00
7651230286125990450,高招有“招”｜6月14日9:00，广东工业大学专场播出,0.0,0,external_positive,D,固定 provider + 关闭 reasoning,5,5,Alibaba,deepseek/deepseek-v4-flash,False,message.content,5,5,,,gen-1786248500-gqnqxdW5Ie83XkA43GDS,stop,1.8315254002809525,1,ok,,345ff8a8692d9d3f4980d4f22ac56219586403a344d220d2f51296d5565479ad,076ac302fecefd047cc2c43a7958dbbfedb9eab7acb0f978e825b081e04c6ce7,e173476f5485c8f20c2d2fbc82718b221685e4f25a567f707d45324d2e8b2c47,2026-08-09T04:08:20.672077+00:00
7659340936928887336,大理巍山国家级流动科普试点工作圆满收官,55.0,2,external_positive,A,生产基线,1,75,Alibaba,deepseek/deepseek-v4-flash,False,message.content,75,75,,,gen-1786248659-ctkgfBVw0LmD5Lv1Mx09,stop,5.903305098414421,1,ok,,4defcadb191c8fe5672cc64a9e247fc04fed0851b141d8d63cf1f5fd262ac315,9a9ba4ea3b40a10d663450eaf4255a0ea3683ddd1cfc2e47065960981d1bc110,04b8b5c3439bbff9c0323d23bd8ccde3da11db1cc2b16efddf87fda16f96de23,2026-08-09T04:11:04.886704+00:00
7659340936928887336,大理巍山国家级流动科普试点工作圆满收官,55.0,2,external_positive,A,生产基线,2,70,Alibaba,deepseek/deepseek-v4-flash,False,message.content,70,70,,,gen-1786248522-JAaJeYFjolrXjWY09wHu,stop,4.466586899012327,1,ok,,4defcadb191c8fe5672cc64a9e247fc04fed0851b141d8d63cf1f5fd262ac315,9a9ba4ea3b40a10d663450eaf4255a0ea3683ddd1cfc2e47065960981d1bc110,04b8b5c3439bbff9c0323d23bd8ccde3da11db1cc2b16efddf87fda16f96de23,2026-08-09T04:08:45.554219+00:00
7659340936928887336,大理巍山国家级流动科普试点工作圆满收官,55.0,2,external_positive,A,生产基线,3,75,Alibaba,deepseek/deepseek-v4-flash,False,message.content,75,75,,,gen-1786248478-e3V0T0P6ZsfgocXvVJWM,stop,5.884922798722982,1,ok,,4defcadb191c8fe5672cc64a9e247fc04fed0851b141d8d63cf1f5fd262ac315,9a9ba4ea3b40a10d663450eaf4255a0ea3683ddd1cfc2e47065960981d1bc110,04b8b5c3439bbff9c0323d23bd8ccde3da11db1cc2b16efddf87fda16f96de23,2026-08-09T04:08:03.360479+00:00
7659340936928887336,大理巍山国家级流动科普试点工作圆满收官,55.0,2,external_positive,A,生产基线,4,50,Alibaba,deepseek/deepseek-v4-flash,False,message.content,50,50,,,gen-1786248546-cRtmLaumuqnFybwnRzTf,stop,4.7517286986112595,1,ok,,4defcadb191c8fe5672cc64a9e247fc04fed0851b141d8d63cf1f5fd262ac315,9a9ba4ea3b40a10d663450eaf4255a0ea3683ddd1cfc2e47065960981d1bc110,04b8b5c3439bbff9c0323d23bd8ccde3da11db1cc2b16efddf87fda16f96de23,2026-08-09T04:09:10.502609+00:00
7659340936928887336,大理巍山国家级流动科普试点工作圆满收官,55.0,2,external_positive,A,生产基线,5,55,Alibaba,deepseek/deepseek-v4-flash,False,message.content,55,55,,,gen-1786248465-EDFaEVKDi5YGSolqY5kM,stop,4.653861001133919,1,ok,,4defcadb191c8fe5672cc64a9e247fc04fed0851b141d8d63cf1f5fd262ac315,9a9ba4ea3b40a10d663450eaf4255a0ea3683ddd1cfc2e47065960981d1bc110,04b8b5c3439bbff9c0323d23bd8ccde3da11db1cc2b16efddf87fda16f96de23,2026-08-09T04:07:48.913328+00:00
7659340936928887336,大理巍山国家级流动科普试点工作圆满收官,55.0,2,external_positive,B,固定 provider,1,50,Alibaba,deepseek/deepseek-v4-flash,False,message.content,50,50,,,gen-1786248535-BFdoq0I4CBYvTGgmicpe,stop,5.082391802221537,1,ok,,4defcadb191c8fe5672cc64a9e247fc04fed0851b141d8d63cf1f5fd262ac315,9a9ba4ea3b40a10d663450eaf4255a0ea3683ddd1cfc2e47065960981d1bc110,869e735b440e75b77e1a43504d324ff6d5f421bc659d182a93821aa147394ff2,2026-08-09T04:08:59.883382+00:00
7659340936928887336,大理巍山国家级流动科普试点工作圆满收官,55.0,2,external_positive,B,固定 provider,2,50,Alibaba,deepseek/deepseek-v4-flash,False,message.content,50,50,,,gen-1786248543-M59iiD6xIpuwib2ngpY0,stop,7.025550499558449,1,ok,,4defcadb191c8fe5672cc64a9e247fc04fed0851b141d8d63cf1f5fd262ac315,9a9ba4ea3b40a10d663450eaf4255a0ea3683ddd1cfc2e47065960981d1bc110,869e735b440e75b77e1a43504d324ff6d5f421bc659d182a93821aa147394ff2,2026-08-09T04:09:09.128459+00:00
7659340936928887336,大理巍山国家级流动科普试点工作圆满收官,55.0,2,external_positive,B,固定 provider,3,85,Alibaba,deepseek/deepseek-v4-flash,False,message.content,85,85,,,gen-1786248602-wLZRHI4DGsGijymw31oG,stop,5.536084499210119,1,ok,,4defcadb191c8fe5672cc64a9e247fc04fed0851b141d8d63cf1f5fd262ac315,9a9ba4ea3b40a10d663450eaf4255a0ea3683ddd1cfc2e47065960981d1bc110,869e735b440e75b77e1a43504d324ff6d5f421bc659d182a93821aa147394ff2,2026-08-09T04:10:06.773070+00:00
7659340936928887336,大理巍山国家级流动科普试点工作圆满收官,55.0,2,external_positive,B,固定 provider,4,55,Alibaba,deepseek/deepseek-v4-flash,False,message.content,55,55,,,gen-1786248512-mTyqhJ8RcqNpPW54LVE9,stop,4.406003300100565,1,ok,,4defcadb191c8fe5672cc64a9e247fc04fed0851b141d8d63cf1f5fd262ac315,9a9ba4ea3b40a10d663450eaf4255a0ea3683ddd1cfc2e47065960981d1bc110,869e735b440e75b77e1a43504d324ff6d5f421bc659d182a93821aa147394ff2,2026-08-09T04:08:35.790502+00:00
7659340936928887336,大理巍山国家级流动科普试点工作圆满收官,55.0,2,external_positive,B,固定 provider,5,65,Alibaba,deepseek/deepseek-v4-flash,False,message.content,65,65,,,gen-1786248660-X4UfOMVk3PBYOZf7ABI0,stop,5.937403999269009,1,ok,,4defcadb191c8fe5672cc64a9e247fc04fed0851b141d8d63cf1f5fd262ac315,9a9ba4ea3b40a10d663450eaf4255a0ea3683ddd1cfc2e47065960981d1bc110,869e735b440e75b77e1a43504d324ff6d5f421bc659d182a93821aa147394ff2,2026-08-09T04:11:05.593473+00:00
7659340936928887336,大理巍山国家级流动科普试点工作圆满收官,55.0,2,external_positive,C,关闭 reasoning,1,75,Alibaba,deepseek/deepseek-v4-flash,False,message.content,75,75,,,gen-1786248657-0Jb4Mv0dRKOoUz1hgSBi,stop,1.6262161023914814,1,ok,,4defcadb191c8fe5672cc64a9e247fc04fed0851b141d8d63cf1f5fd262ac315,9a9ba4ea3b40a10d663450eaf4255a0ea3683ddd1cfc2e47065960981d1bc110,968f615f4780f88df81af3fb68e0694cac21a336c70f28a3972e4eddea7704ea,2026-08-09T04:10:58.491636+00:00
7659340936928887336,大理巍山国家级流动科普试点工作圆满收官,55.0,2,external_positive,C,关闭 reasoning,2,75,Alibaba,deepseek/deepseek-v4-flash,False,message.content,75,75,,,gen-1786248583-OPXMk4RWG5FsDyyXP64K,stop,1.6416279003024101,1,ok,,4defcadb191c8fe5672cc64a9e247fc04fed0851b141d8d63cf1f5fd262ac315,9a9ba4ea3b40a10d663450eaf4255a0ea3683ddd1cfc2e47065960981d1bc110,968f615f4780f88df81af3fb68e0694cac21a336c70f28a3972e4eddea7704ea,2026-08-09T04:09:44.406441+00:00
7659340936928887336,大理巍山国家级流动科普试点工作圆满收官,55.0,2,external_positive,C,关闭 reasoning,3,75,Alibaba,deepseek/deepseek-v4-flash,False,message.content,75,75,,,gen-1786248457-K5gzbeuTOhuBh1CEHh12,stop,1.8396393992006779,1,ok,,4defcadb191c8fe5672cc64a9e247fc04fed0851b141d8d63cf1f5fd262ac315,9a9ba4ea3b40a10d663450eaf4255a0ea3683ddd1cfc2e47065960981d1bc110,968f615f4780f88df81af3fb68e0694cac21a336c70f28a3972e4eddea7704ea,2026-08-09T04:07:38.222219+00:00
7659340936928887336,大理巍山国家级流动科普试点工作圆满收官,55.0,2,external_positive,C,关闭 reasoning,4,75,Alibaba,deepseek/deepseek-v4-flash,False,message.content,75,75,,,gen-1786248464-9ncdPAWdTuKGq8Qgkt7Q,stop,1.7382153011858463,1,ok,,4defcadb191c8fe5672cc64a9e247fc04fed0851b141d8d63cf1f5fd262ac315,9a9ba4ea3b40a10d663450eaf4255a0ea3683ddd1cfc2e47065960981d1bc110,968f615f4780f88df81af3fb68e0694cac21a336c70f28a3972e4eddea7704ea,2026-08-09T04:07:45.397377+00:00
7659340936928887336,大理巍山国家级流动科普试点工作圆满收官,55.0,2,external_positive,C,关闭 reasoning,5,75,Alibaba,deepseek/deepseek-v4-flash,False,message.content,75,75,,,gen-1786248543-HsvUdukySGFf9yLQLoiO,stop,1.7247069999575615,1,ok,,4defcadb191c8fe5672cc64a9e247fc04fed0851b141d8d63cf1f5fd262ac315,9a9ba4ea3b40a10d663450eaf4255a0ea3683ddd1cfc2e47065960981d1bc110,968f615f4780f88df81af3fb68e0694cac21a336c70f28a3972e4eddea7704ea,2026-08-09T04:09:04.115311+00:00
7659340936928887336,大理巍山国家级流动科普试点工作圆满收官,55.0,2,external_positive,D,固定 provider + 关闭 reasoning,1,75,Alibaba,deepseek/deepseek-v4-flash,False,message.content,75,75,,,gen-1786248612-hwLwNC7GcgR4J77Urv47,stop,1.7435086965560913,1,ok,,4defcadb191c8fe5672cc64a9e247fc04fed0851b141d8d63cf1f5fd262ac315,9a9ba4ea3b40a10d663450eaf4255a0ea3683ddd1cfc2e47065960981d1bc110,247afd47d5f6c05c20cd36e2d6aa04bee137c41910500feda7e6a8b45fe715f1,2026-08-09T04:10:12.713631+00:00
7659340936928887336,大理巍山国家级流动科普试点工作圆满收官,55.0,2,external_positive,D,固定 provider + 关闭 reasoning,2,75,Alibaba,deepseek/deepseek-v4-flash,False,message.content,75,75,,,gen-1786248522-MhtWHbgBbmBkSzfFl4Kh,stop,2.140088301151991,1,ok,,4defcadb191c8fe5672cc64a9e247fc04fed0851b141d8d63cf1f5fd262ac315,9a9ba4ea3b40a10d663450eaf4255a0ea3683ddd1cfc2e47065960981d1bc110,247afd47d5f6c05c20cd36e2d6aa04bee137c41910500feda7e6a8b45fe715f1,2026-08-09T04:08:43.585895+00:00
7659340936928887336,大理巍山国家级流动科普试点工作圆满收官,55.0,2,external_positive,D,固定 provider + 关闭 reasoning,3,75,Alibaba,deepseek/deepseek-v4-flash,False,message.content,75,75,,,gen-1786248571-CMViZJzTlurYZzxKxWmN,stop,1.709774699062109,1,ok,,4defcadb191c8fe5672cc64a9e247fc04fed0851b141d8d63cf1f5fd262ac315,9a9ba4ea3b40a10d663450eaf4255a0ea3683ddd1cfc2e47065960981d1bc110,247afd47d5f6c05c20cd36e2d6aa04bee137c41910500feda7e6a8b45fe715f1,2026-08-09T04:09:32.168219+00:00
7659340936928887336,大理巍山国家级流动科普试点工作圆满收官,55.0,2,external_positive,D,固定 provider + 关闭 reasoning,4,75,Alibaba,deepseek/deepseek-v4-flash,False,message.content,75,75,,,gen-1786248589-c6xI8kIMgCc90Frb8CO6,stop,2.2545992992818356,1,ok,,4defcadb191c8fe5672cc64a9e247fc04fed0851b141d8d63cf1f5fd262ac315,9a9ba4ea3b40a10d663450eaf4255a0ea3683ddd1cfc2e47065960981d1bc110,247afd47d5f6c05c20cd36e2d6aa04bee137c41910500feda7e6a8b45fe715f1,2026-08-09T04:09:50.997910+00:00
7659340936928887336,大理巍山国家级流动科普试点工作圆满收官,55.0,2,external_positive,D,固定 provider + 关闭 reasoning,5,75,Alibaba,deepseek/deepseek-v4-flash,False,message.content,75,75,,,gen-1786248492-Ziv3tf0jQ3KBInvAWYqs,stop,1.8815681003034115,1,ok,,4defcadb191c8fe5672cc64a9e247fc04fed0851b141d8d63cf1f5fd262ac315,9a9ba4ea3b40a10d663450eaf4255a0ea3683ddd1cfc2e47065960981d1bc110,247afd47d5f6c05c20cd36e2d6aa04bee137c41910500feda7e6a8b45fe715f1,2026-08-09T04:08:12.902507+00:00
7661199314286346815,甘肃人社：多举措助力就业创业梦想拔节生长,20.0,1,external_positive,A,生产基线,1,50,Alibaba,deepseek/deepseek-v4-flash,False,message.content,50,50,,,gen-1786248656-04Hw6NTPPbS7FT3xEUAw,stop,5.615605402737856,1,ok,,4bdad2b595e8c821ecd15343450eb1702d8630b7ce51c06da40528c51a0a78e3,661019ba05d50c2010f99f594b659cb4e6bd238f9075304f1851de00ff052ee1,0762f507524299d07ae730b5073fbc71b7ba7599ff36c8e904f763bba2cb5d72,2026-08-09T04:11:01.060741+00:00
7661199314286346815,甘肃人社：多举措助力就业创业梦想拔节生长,20.0,1,external_positive,A,生产基线,2,20,Alibaba,deepseek/deepseek-v4-flash,False,message.content,20,20,,,gen-1786248581-7w8qaEN5Vk4PWE3Nyq2s,stop,3.8829677999019623,1,ok,,4bdad2b595e8c821ecd15343450eb1702d8630b7ce51c06da40528c51a0a78e3,661019ba05d50c2010f99f594b659cb4e6bd238f9075304f1851de00ff052ee1,0762f507524299d07ae730b5073fbc71b7ba7599ff36c8e904f763bba2cb5d72,2026-08-09T04:09:44.093796+00:00
7661199314286346815,甘肃人社：多举措助力就业创业梦想拔节生长,20.0,1,external_positive,A,生产基线,3,15,Alibaba,deepseek/deepseek-v4-flash,False,message.content,15,15,,,gen-1786248611-p7IGKTE4IU07ZIxOE4E6,stop,4.076161902397871,1,ok,,4bdad2b595e8c821ecd15343450eb1702d8630b7ce51c06da40528c51a0a78e3,661019ba05d50c2010f99f594b659cb4e6bd238f9075304f1851de00ff052ee1,0762f507524299d07ae730b5073fbc71b7ba7599ff36c8e904f763bba2cb5d72,2026-08-09T04:10:14.781736+00:00
7661199314286346815,甘肃人社：多举措助力就业创业梦想拔节生长,20.0,1,external_positive,A,生产基线,4,35,Alibaba,deepseek/deepseek-v4-flash,False,message.content,35,35,,,gen-1786248679-H60lDRYCVSGNatCkydff,stop,5.006266199052334,1,ok,,4bdad2b595e8c821ecd15343450eb1702d8630b7ce51c06da40528c51a0a78e3,661019ba05d50c2010f99f594b659cb4e6bd238f9075304f1851de00ff052ee1,0762f507524299d07ae730b5073fbc71b7ba7599ff36c8e904f763bba2cb5d72,2026-08-09T04:11:23.331930+00:00
7661199314286346815,甘肃人社：多举措助力就业创业梦想拔节生长,20.0,1,external_positive,A,生产基线,5,20,Alibaba,deepseek/deepseek-v4-flash,False,message.content,20,20,,,gen-1786248503-3rkgA8nQpT2x4sxIOkl2,stop,3.6301409006118774,1,ok,,4bdad2b595e8c821ecd15343450eb1702d8630b7ce51c06da40528c51a0a78e3,661019ba05d50c2010f99f594b659cb4e6bd238f9075304f1851de00ff052ee1,0762f507524299d07ae730b5073fbc71b7ba7599ff36c8e904f763bba2cb5d72,2026-08-09T04:08:26.246503+00:00
7661199314286346815,甘肃人社：多举措助力就业创业梦想拔节生长,20.0,1,external_positive,B,固定 provider,1,30,Alibaba,deepseek/deepseek-v4-flash,False,message.content,30,30,,,gen-1786248597-P8iNu878qvjxSQtQHhzk,stop,4.537381500005722,1,ok,,4bdad2b595e8c821ecd15343450eb1702d8630b7ce51c06da40528c51a0a78e3,661019ba05d50c2010f99f594b659cb4e6bd238f9075304f1851de00ff052ee1,da76c9dbf71a3d8371b7e4c9b7b2051768c9afd891e388fe5bf3f90cf2297a35,2026-08-09T04:10:01.406175+00:00
7661199314286346815,甘肃人社：多举措助力就业创业梦想拔节生长,20.0,1,external_positive,B,固定 provider,2,5,Alibaba,deepseek/deepseek-v4-flash,False,message.content,5,5,,,gen-1786248625-wIxDjL8U0vXuVunTJEov,stop,4.719236001372337,1,ok,,4bdad2b595e8c821ecd15343450eb1702d8630b7ce51c06da40528c51a0a78e3,661019ba05d50c2010f99f594b659cb4e6bd238f9075304f1851de00ff052ee1,da76c9dbf71a3d8371b7e4c9b7b2051768c9afd891e388fe5bf3f90cf2297a35,2026-08-09T04:10:29.215467+00:00
7661199314286346815,甘肃人社：多举措助力就业创业梦想拔节生长,20.0,1,external_positive,B,固定 provider,3,20,Alibaba,deepseek/deepseek-v4-flash,False,message.content,20,20,,,gen-1786248529-LcVhIceulloZ3pi3HpuA,stop,4.71154959872365,1,ok,,4bdad2b595e8c821ecd15343450eb1702d8630b7ce51c06da40528c51a0a78e3,661019ba05d50c2010f99f594b659cb4e6bd238f9075304f1851de00ff052ee1,da76c9dbf71a3d8371b7e4c9b7b2051768c9afd891e388fe5bf3f90cf2297a35,2026-08-09T04:08:53.225253+00:00
7661199314286346815,甘肃人社：多举措助力就业创业梦想拔节生长,20.0,1,external_positive,B,固定 provider,4,15,Alibaba,deepseek/deepseek-v4-flash,False,message.content,15,15,,,gen-1786248451-6kof5u9NLhCYi4xZFrX0,stop,4.502311397343874,1,ok,,4bdad2b595e8c821ecd15343450eb1702d8630b7ce51c06da40528c51a0a78e3,661019ba05d50c2010f99f594b659cb4e6bd238f9075304f1851de00ff052ee1,da76c9dbf71a3d8371b7e4c9b7b2051768c9afd891e388fe5bf3f90cf2297a35,2026-08-09T04:07:34.421043+00:00
7661199314286346815,甘肃人社：多举措助力就业创业梦想拔节生长,20.0,1,external_positive,B,固定 provider,5,35,Alibaba,deepseek/deepseek-v4-flash,False,message.content,35,35,,,gen-1786248619-JYqVxknYOh7qf3PJM5F6,stop,5.254649098962545,1,ok,,4bdad2b595e8c821ecd15343450eb1702d8630b7ce51c06da40528c51a0a78e3,661019ba05d50c2010f99f594b659cb4e6bd238f9075304f1851de00ff052ee1,da76c9dbf71a3d8371b7e4c9b7b2051768c9afd891e388fe5bf3f90cf2297a35,2026-08-09T04:10:24.035636+00:00
7661199314286346815,甘肃人社：多举措助力就业创业梦想拔节生长,20.0,1,external_positive,C,关闭 reasoning,1,75,Alibaba,deepseek/deepseek-v4-flash,False,message.content,75,75,,,gen-1786248671-A4KnErPv9ZlGFxdwd4Rn,stop,1.6370543986558914,1,ok,,4bdad2b595e8c821ecd15343450eb1702d8630b7ce51c06da40528c51a0a78e3,661019ba05d50c2010f99f594b659cb4e6bd238f9075304f1851de00ff052ee1,bc478080979d37cff3262c9802645100416138962a82e45f323255ef0bd4eefe,2026-08-09T04:11:12.575285+00:00
7661199314286346815,甘肃人社：多举措助力就业创业梦想拔节生长,20.0,1,external_positive,C,关闭 reasoning,2,15,Alibaba,deepseek/deepseek-v4-flash,False,message.content,15,15,,,gen-1786248517-3ZYeTggSmw0pmWo9XN6U,stop,2.1004890017211437,1,ok,,4bdad2b595e8c821ecd15343450eb1702d8630b7ce51c06da40528c51a0a78e3,661019ba05d50c2010f99f594b659cb4e6bd238f9075304f1851de00ff052ee1,bc478080979d37cff3262c9802645100416138962a82e45f323255ef0bd4eefe,2026-08-09T04:08:38.674612+00:00
7661199314286346815,甘肃人社：多举措助力就业创业梦想拔节生长,20.0,1,external_positive,C,关闭 reasoning,3,75,Alibaba,deepseek/deepseek-v4-flash,False,message.content,75,75,,,gen-1786248646-U32eHyHD7bMdfBndybvV,stop,1.87598479911685,1,ok,,4bdad2b595e8c821ecd15343450eb1702d8630b7ce51c06da40528c51a0a78e3,661019ba05d50c2010f99f594b659cb4e6bd238f9075304f1851de00ff052ee1,bc478080979d37cff3262c9802645100416138962a82e45f323255ef0bd4eefe,2026-08-09T04:10:47.067047+00:00
7661199314286346815,甘肃人社：多举措助力就业创业梦想拔节生长,20.0,1,external_positive,C,关闭 reasoning,4,75,Alibaba,deepseek/deepseek-v4-flash,False,message.content,75,75,,,gen-1786248475-d5qwO8xODq96CuYM8gMj,stop,1.6208532005548477,1,ok,,4bdad2b595e8c821ecd15343450eb1702d8630b7ce51c06da40528c51a0a78e3,661019ba05d50c2010f99f594b659cb4e6bd238f9075304f1851de00ff052ee1,bc478080979d37cff3262c9802645100416138962a82e45f323255ef0bd4eefe,2026-08-09T04:07:56.150550+00:00
7661199314286346815,甘肃人社：多举措助力就业创业梦想拔节生长,20.0,1,external_positive,C,关闭 reasoning,5,15,Alibaba,deepseek/deepseek-v4-flash,False,message.content,15,15,,,gen-1786248577-pTTNiWEmup9jHyDOHQgm,stop,1.8771067969501019,1,ok,,4bdad2b595e8c821ecd15343450eb1702d8630b7ce51c06da40528c51a0a78e3,661019ba05d50c2010f99f594b659cb4e6bd238f9075304f1851de00ff052ee1,bc478080979d37cff3262c9802645100416138962a82e45f323255ef0bd4eefe,2026-08-09T04:09:38.979358+00:00
7661199314286346815,甘肃人社：多举措助力就业创业梦想拔节生长,20.0,1,external_positive,D,固定 provider + 关闭 reasoning,1,75,Alibaba,deepseek/deepseek-v4-flash,False,message.content,75,75,,,gen-1786248609-ZfqkVrpX6ynQqaETrCjS,stop,1.7322418987751007,1,ok,,4bdad2b595e8c821ecd15343450eb1702d8630b7ce51c06da40528c51a0a78e3,661019ba05d50c2010f99f594b659cb4e6bd238f9075304f1851de00ff052ee1,3f1010d4547e77e1faa49abec167a300f77f573c4bcf1616d0ab8382c6325274,2026-08-09T04:10:10.703937+00:00
7661199314286346815,甘肃人社：多举措助力就业创业梦想拔节生长,20.0,1,external_positive,D,固定 provider + 关闭 reasoning,2,75,Alibaba,deepseek/deepseek-v4-flash,False,message.content,75,75,,,gen-1786248623-YpOowIHr6rdnO0l2ogdd,stop,1.7798388972878456,1,ok,,4bdad2b595e8c821ecd15343450eb1702d8630b7ce51c06da40528c51a0a78e3,661019ba05d50c2010f99f594b659cb4e6bd238f9075304f1851de00ff052ee1,3f1010d4547e77e1faa49abec167a300f77f573c4bcf1616d0ab8382c6325274,2026-08-09T04:10:24.494906+00:00
7661199314286346815,甘肃人社：多举措助力就业创业梦想拔节生长,20.0,1,external_positive,D,固定 provider + 关闭 reasoning,3,75,Alibaba,deepseek/deepseek-v4-flash,False,message.content,75,75,,,gen-1786248508-xYJaA2W4r1EDjHb57db5,stop,2.0238921977579594,1,ok,,4bdad2b595e8c821ecd15343450eb1702d8630b7ce51c06da40528c51a0a78e3,661019ba05d50c2010f99f594b659cb4e6bd238f9075304f1851de00ff052ee1,3f1010d4547e77e1faa49abec167a300f77f573c4bcf1616d0ab8382c6325274,2026-08-09T04:08:29.270906+00:00
7661199314286346815,甘肃人社：多举措助力就业创业梦想拔节生长,20.0,1,external_positive,D,固定 provider + 关闭 reasoning,4,15,Alibaba,deepseek/deepseek-v4-flash,False,message.content,15,15,,,gen-1786248590-05AES9XSilNbv8ekrXNN,stop,1.7062590010464191,1,ok,,4bdad2b595e8c821ecd15343450eb1702d8630b7ce51c06da40528c51a0a78e3,661019ba05d50c2010f99f594b659cb4e6bd238f9075304f1851de00ff052ee1,3f1010d4547e77e1faa49abec167a300f77f573c4bcf1616d0ab8382c6325274,2026-08-09T04:09:50.802172+00:00
7661199314286346815,甘肃人社：多举措助力就业创业梦想拔节生长,20.0,1,external_positive,D,固定 provider + 关闭 reasoning,5,15,Alibaba,deepseek/deepseek-v4-flash,False,message.content,15,15,,,gen-1786248545-gj1R4gVSs5IAs48qa7QB,stop,1.7695874013006687,1,ok,,4bdad2b595e8c821ecd15343450eb1702d8630b7ce51c06da40528c51a0a78e3,661019ba05d50c2010f99f594b659cb4e6bd238f9075304f1851de00ff052ee1,3f1010d4547e77e1faa49abec167a300f77f573c4bcf1616d0ab8382c6325274,2026-08-09T04:09:05.749441+00:00
7669612823345725978,从“看娃”到“育人”江苏2253个公益暑托班提质升级,90.0,4,external_positive,A,生产基线,1,85,Alibaba,deepseek/deepseek-v4-flash,False,message.content,85,85,,,gen-1786248588-HL9a4cQlCrfnVKrfnDch,stop,3.605147399008274,1,ok,,abc72f3bdc20c7c55e2ae73fac7e57e3acc25b84d4e47d281494a38f4eb824b3,d4f34f0e7cd65ea5ba1da9dec1085a696908e0b07f999d1826ab1de23aa35202,f94c4dbaf08483218e0171bd43396d384174f9b1f0f9053f04ac7498260ff907,2026-08-09T04:09:51.289828+00:00
7669612823345725978,从“看娃”到“育人”江苏2253个公益暑托班提质升级,90.0,4,external_positive,A,生产基线,2,85,Alibaba,deepseek/deepseek-v4-flash,False,message.content,85,85,,,gen-1786248516-BYX69gEYETuL6IUcSo5v,stop,4.040001999586821,1,ok,,abc72f3bdc20c7c55e2ae73fac7e57e3acc25b84d4e47d281494a38f4eb824b3,d4f34f0e7cd65ea5ba1da9dec1085a696908e0b07f999d1826ab1de23aa35202,f94c4dbaf08483218e0171bd43396d384174f9b1f0f9053f04ac7498260ff907,2026-08-09T04:08:39.872985+00:00
7669612823345725978,从“看娃”到“育人”江苏2253个公益暑托班提质升级,90.0,4,external_positive,A,生产基线,3,90,Alibaba,deepseek/deepseek-v4-flash,False,message.content,90,90,,,gen-1786248461-HnVSunCkDb1gxF6FmJSZ,stop,3.91754499822855,1,ok,,abc72f3bdc20c7c55e2ae73fac7e57e3acc25b84d4e47d281494a38f4eb824b3,d4f34f0e7cd65ea5ba1da9dec1085a696908e0b07f999d1826ab1de23aa35202,f94c4dbaf08483218e0171bd43396d384174f9b1f0f9053f04ac7498260ff907,2026-08-09T04:07:44.258078+00:00
7669612823345725978,从“看娃”到“育人”江苏2253个公益暑托班提质升级,90.0,4,external_positive,A,生产基线,4,85,Alibaba,deepseek/deepseek-v4-flash,False,message.content,85,85,,,gen-1786248647-28hXNrkAps6PryN9DTrU,stop,3.571816001087427,1,ok,,abc72f3bdc20c7c55e2ae73fac7e57e3acc25b84d4e47d281494a38f4eb824b3,d4f34f0e7cd65ea5ba1da9dec1085a696908e0b07f999d1826ab1de23aa35202,f94c4dbaf08483218e0171bd43396d384174f9b1f0f9053f04ac7498260ff907,2026-08-09T04:10:49.789740+00:00
7669612823345725978,从“看娃”到“育人”江苏2253个公益暑托班提质升级,90.0,4,external_positive,A,生产基线,5,90,Alibaba,deepseek/deepseek-v4-flash,False,message.content,90,90,,,gen-1786248639-ypVbRJMg0gFShsLOT8AW,stop,3.5638523995876312,1,ok,,abc72f3bdc20c7c55e2ae73fac7e57e3acc25b84d4e47d281494a38f4eb824b3,d4f34f0e7cd65ea5ba1da9dec1085a696908e0b07f999d1826ab1de23aa35202,f94c4dbaf08483218e0171bd43396d384174f9b1f0f9053f04ac7498260ff907,2026-08-09T04:10:42.178870+00:00
7669612823345725978,从“看娃”到“育人”江苏2253个公益暑托班提质升级,90.0,4,external_positive,B,固定 provider,1,90,Alibaba,deepseek/deepseek-v4-flash,False,message.content,90,90,,,gen-1786248514-c5Q2QcCwH0dh75hAcOSm,stop,3.172979600727558,1,ok,,abc72f3bdc20c7c55e2ae73fac7e57e3acc25b84d4e47d281494a38f4eb824b3,d4f34f0e7cd65ea5ba1da9dec1085a696908e0b07f999d1826ab1de23aa35202,5509922c435bb5d26c564660c148cc8cc212eb91970849811559992ce2138972,2026-08-09T04:08:36.712047+00:00
7669612823345725978,从“看娃”到“育人”江苏2253个公益暑托班提质升级,90.0,4,external_positive,B,固定 provider,2,85,Alibaba,deepseek/deepseek-v4-flash,False,message.content,85,85,,,gen-1786248500-tM4iXbTeClkzovwGLkPv,stop,4.124765798449516,1,ok,,abc72f3bdc20c7c55e2ae73fac7e57e3acc25b84d4e47d281494a38f4eb824b3,d4f34f0e7cd65ea5ba1da9dec1085a696908e0b07f999d1826ab1de23aa35202,5509922c435bb5d26c564660c148cc8cc212eb91970849811559992ce2138972,2026-08-09T04:08:23.318574+00:00
7669612823345725978,从“看娃”到“育人”江苏2253个公益暑托班提质升级,90.0,4,external_positive,B,固定 provider,3,90,Alibaba,deepseek/deepseek-v4-flash,False,message.content,90,90,,,gen-1786248535-OJZblUlOOmCnZR1QHOSd,stop,3.9766684994101524,1,ok,,abc72f3bdc20c7c55e2ae73fac7e57e3acc25b84d4e47d281494a38f4eb824b3,d4f34f0e7cd65ea5ba1da9dec1085a696908e0b07f999d1826ab1de23aa35202,5509922c435bb5d26c564660c148cc8cc212eb91970849811559992ce2138972,2026-08-09T04:08:58.504524+00:00
7669612823345725978,从“看娃”到“育人”江苏2253个公益暑托班提质升级,90.0,4,external_positive,B,固定 provider,4,85,Alibaba,deepseek/deepseek-v4-flash,False,message.content,85,85,,,gen-1786248480-ZxEHZdI14BxATVeD8PQj,stop,6.324679400771856,1,ok,,abc72f3bdc20c7c55e2ae73fac7e57e3acc25b84d4e47d281494a38f4eb824b3,d4f34f0e7cd65ea5ba1da9dec1085a696908e0b07f999d1826ab1de23aa35202,5509922c435bb5d26c564660c148cc8cc212eb91970849811559992ce2138972,2026-08-09T04:08:05.837116+00:00
7669612823345725978,从“看娃”到“育人”江苏2253个公益暑托班提质升级,90.0,4,external_positive,B,固定 provider,5,90,Alibaba,deepseek/deepseek-v4-flash,False,message.content,90,90,,,gen-1786248529-2rpnKfumpcLby98iycHt,stop,3.4820427000522614,1,ok,,abc72f3bdc20c7c55e2ae73fac7e57e3acc25b84d4e47d281494a38f4eb824b3,d4f34f0e7cd65ea5ba1da9dec1085a696908e0b07f999d1826ab1de23aa35202,5509922c435bb5d26c564660c148cc8cc212eb91970849811559992ce2138972,2026-08-09T04:08:52.483200+00:00
7669612823345725978,从“看娃”到“育人”江苏2253个公益暑托班提质升级,90.0,4,external_positive,C,关闭 reasoning,1,85,Alibaba,deepseek/deepseek-v4-flash,False,message.content,85,85,,,gen-1786248525-TcdVmIzRFAdZtmrasljK,stop,1.7195160016417503,1,ok,,abc72f3bdc20c7c55e2ae73fac7e57e3acc25b84d4e47d281494a38f4eb824b3,d4f34f0e7cd65ea5ba1da9dec1085a696908e0b07f999d1826ab1de23aa35202,1bb9c64b03aaede0c090ca338a07dee01dc8ef15b4198601846e386452347646,2026-08-09T04:08:45.822490+00:00
7669612823345725978,从“看娃”到“育人”江苏2253个公益暑托班提质升级,90.0,4,external_positive,C,关闭 reasoning,2,85,Alibaba,deepseek/deepseek-v4-flash,False,message.content,85,85,,,gen-1786248651-O4HczADugGGK3IWa2jCw,stop,1.8402785025537014,1,ok,,abc72f3bdc20c7c55e2ae73fac7e57e3acc25b84d4e47d281494a38f4eb824b3,d4f34f0e7cd65ea5ba1da9dec1085a696908e0b07f999d1826ab1de23aa35202,1bb9c64b03aaede0c090ca338a07dee01dc8ef15b4198601846e386452347646,2026-08-09T04:10:52.116494+00:00
7669612823345725978,从“看娃”到“育人”江苏2253个公益暑托班提质升级,90.0,4,external_positive,C,关闭 reasoning,3,85,Alibaba,deepseek/deepseek-v4-flash,False,message.content,85,85,,,gen-1786248625-WJSeRSyTXlII79CRy8m8,stop,1.6715245991945267,1,ok,,abc72f3bdc20c7c55e2ae73fac7e57e3acc25b84d4e47d281494a38f4eb824b3,d4f34f0e7cd65ea5ba1da9dec1085a696908e0b07f999d1826ab1de23aa35202,1bb9c64b03aaede0c090ca338a07dee01dc8ef15b4198601846e386452347646,2026-08-09T04:10:26.444335+00:00
7669612823345725978,从“看娃”到“育人”江苏2253个公益暑托班提质升级,90.0,4,external_positive,C,关闭 reasoning,4,85,Alibaba,deepseek/deepseek-v4-flash,False,message.content,85,85,,,gen-1786248691-PJb8D591GDRjhiS3VdoH,stop,1.8483817987143993,1,ok,,abc72f3bdc20c7c55e2ae73fac7e57e3acc25b84d4e47d281494a38f4eb824b3,d4f34f0e7cd65ea5ba1da9dec1085a696908e0b07f999d1826ab1de23aa35202,1bb9c64b03aaede0c090ca338a07dee01dc8ef15b4198601846e386452347646,2026-08-09T04:11:31.862761+00:00
7669612823345725978,从“看娃”到“育人”江苏2253个公益暑托班提质升级,90.0,4,external_positive,C,关闭 reasoning,5,85,Alibaba,deepseek/deepseek-v4-flash,False,message.content,85,85,,,gen-1786248627-IBHK6jQDF1kX7hqXlPO0,stop,1.8092762976884842,1,ok,,abc72f3bdc20c7c55e2ae73fac7e57e3acc25b84d4e47d281494a38f4eb824b3,d4f34f0e7cd65ea5ba1da9dec1085a696908e0b07f999d1826ab1de23aa35202,1bb9c64b03aaede0c090ca338a07dee01dc8ef15b4198601846e386452347646,2026-08-09T04:10:28.203550+00:00
7669612823345725978,从“看娃”到“育人”江苏2253个公益暑托班提质升级,90.0,4,external_positive,D,固定 provider + 关闭 reasoning,1,85,Alibaba,deepseek/deepseek-v4-flash,False,message.content,85,85,,,gen-1786248680-il3SwWyiLFvFfSC1RfZx,stop,1.9959071017801762,1,ok,,abc72f3bdc20c7c55e2ae73fac7e57e3acc25b84d4e47d281494a38f4eb824b3,d4f34f0e7cd65ea5ba1da9dec1085a696908e0b07f999d1826ab1de23aa35202,2e821a6bea3763d25f5a31a5ad0f06961fd746a771857eecb7c6b87c6eddddc7,2026-08-09T04:11:20.904939+00:00
7669612823345725978,从“看娃”到“育人”江苏2253个公益暑托班提质升级,90.0,4,external_positive,D,固定 provider + 关闭 reasoning,2,85,Alibaba,deepseek/deepseek-v4-flash,False,message.content,85,85,,,gen-1786248645-leX3rym6hWUwq8mVX4zb,stop,2.192568600177765,1,ok,,abc72f3bdc20c7c55e2ae73fac7e57e3acc25b84d4e47d281494a38f4eb824b3,d4f34f0e7cd65ea5ba1da9dec1085a696908e0b07f999d1826ab1de23aa35202,2e821a6bea3763d25f5a31a5ad0f06961fd746a771857eecb7c6b87c6eddddc7,2026-08-09T04:10:46.443228+00:00
7669612823345725978,从“看娃”到“育人”江苏2253个公益暑托班提质升级,90.0,4,external_positive,D,固定 provider + 关闭 reasoning,3,85,Alibaba,deepseek/deepseek-v4-flash,False,message.content,85,85,,,gen-1786248520-kNyjG9wGObMySIpG5Sin,stop,1.5856707021594048,1,ok,,abc72f3bdc20c7c55e2ae73fac7e57e3acc25b84d4e47d281494a38f4eb824b3,d4f34f0e7cd65ea5ba1da9dec1085a696908e0b07f999d1826ab1de23aa35202,2e821a6bea3763d25f5a31a5ad0f06961fd746a771857eecb7c6b87c6eddddc7,2026-08-09T04:08:40.969139+00:00
7669612823345725978,从“看娃”到“育人”江苏2253个公益暑托班提质升级,90.0,4,external_positive,D,固定 provider + 关闭 reasoning,4,85,Alibaba,deepseek/deepseek-v4-flash,False,message.content,85,85,,,gen-1786248520-1VDmAtOw7uqCOKH1PnZr,stop,1.8322202004492283,1,ok,,abc72f3bdc20c7c55e2ae73fac7e57e3acc25b84d4e47d281494a38f4eb824b3,d4f34f0e7cd65ea5ba1da9dec1085a696908e0b07f999d1826ab1de23aa35202,2e821a6bea3763d25f5a31a5ad0f06961fd746a771857eecb7c6b87c6eddddc7,2026-08-09T04:08:41.706792+00:00
7669612823345725978,从“看娃”到“育人”江苏2253个公益暑托班提质升级,90.0,4,external_positive,D,固定 provider + 关闭 reasoning,5,85,Alibaba,deepseek/deepseek-v4-flash,False,message.content,85,85,,,gen-1786248572-508uzbuGmxkqz57aj2Eq,stop,1.6675081998109818,1,ok,,abc72f3bdc20c7c55e2ae73fac7e57e3acc25b84d4e47d281494a38f4eb824b3,d4f34f0e7cd65ea5ba1da9dec1085a696908e0b07f999d1826ab1de23aa35202,2e821a6bea3763d25f5a31a5ad0f06961fd746a771857eecb7c6b87c6eddddc7,2026-08-09T04:09:32.720585+00:00
7671161332351156799,新中国成立初期中国哲学社会科学的发展,0.0,0,internal_positive,A,生产基线,1,0,Alibaba,deepseek/deepseek-v4-flash,False,message.content,0,0,,,gen-1786248496-mqP135ik4FJO5JePgpJ3,stop,3.2139657996594906,1,ok,,3dcaae20ff1bba07554b5ced38f2d694425b9f73fbd486c42bf19c5f77fe64f4,467d4d77973f46bd3ffabb50923e8701e2d499ccc6bc77430d2aa305f0d2051a,8eb0a4a51b05d9fe058555f8181ffea20ae5811f2d52040de2fa354958756321,2026-08-09T04:08:18.298567+00:00
7671161332351156799,新中国成立初期中国哲学社会科学的发展,0.0,0,internal_positive,A,生产基线,2,0,Alibaba,deepseek/deepseek-v4-flash,False,message.content,0,0,,,gen-1786248465-wuGZyaSjjwjIwDapmQUv,stop,2.9021110013127327,1,ok,,3dcaae20ff1bba07554b5ced38f2d694425b9f73fbd486c42bf19c5f77fe64f4,467d4d77973f46bd3ffabb50923e8701e2d499ccc6bc77430d2aa305f0d2051a,8eb0a4a51b05d9fe058555f8181ffea20ae5811f2d52040de2fa354958756321,2026-08-09T04:07:47.655398+00:00
7671161332351156799,新中国成立初期中国哲学社会科学的发展,0.0,0,internal_positive,A,生产基线,3,0,Alibaba,deepseek/deepseek-v4-flash,False,message.content,0,0,,,gen-1786248513-SnmkMZmttjzpDiVbrQ3w,stop,3.024362798780203,1,ok,,3dcaae20ff1bba07554b5ced38f2d694425b9f73fbd486c42bf19c5f77fe64f4,467d4d77973f46bd3ffabb50923e8701e2d499ccc6bc77430d2aa305f0d2051a,8eb0a4a51b05d9fe058555f8181ffea20ae5811f2d52040de2fa354958756321,2026-08-09T04:08:36.102925+00:00
7671161332351156799,新中国成立初期中国哲学社会科学的发展,0.0,0,internal_positive,A,生产基线,4,0,Alibaba,deepseek/deepseek-v4-flash,False,message.content,0,0,,,gen-1786248564-j0AaeC3tHN59FBKObxqw,stop,3.4827832989394665,1,ok,,3dcaae20ff1bba07554b5ced38f2d694425b9f73fbd486c42bf19c5f77fe64f4,467d4d77973f46bd3ffabb50923e8701e2d499ccc6bc77430d2aa305f0d2051a,8eb0a4a51b05d9fe058555f8181ffea20ae5811f2d52040de2fa354958756321,2026-08-09T04:09:27.084230+00:00
7671161332351156799,新中国成立初期中国哲学社会科学的发展,0.0,0,internal_positive,A,生产基线,5,0,Alibaba,deepseek/deepseek-v4-flash,False,message.content,0,0,,,gen-1786248626-LCpSeqEb2iqJzo6Djac4,stop,3.158210203051567,1,ok,,3dcaae20ff1bba07554b5ced38f2d694425b9f73fbd486c42bf19c5f77fe64f4,467d4d77973f46bd3ffabb50923e8701e2d499ccc6bc77430d2aa305f0d2051a,8eb0a4a51b05d9fe058555f8181ffea20ae5811f2d52040de2fa354958756321,2026-08-09T04:10:28.893102+00:00
7671161332351156799,新中国成立初期中国哲学社会科学的发展,0.0,0,internal_positive,B,固定 provider,1,0,Alibaba,deepseek/deepseek-v4-flash,False,message.content,0,0,,,gen-1786248552-W0lJ9wvjy8E9Jd4B4SXP,stop,3.9646462984383106,1,ok,,3dcaae20ff1bba07554b5ced38f2d694425b9f73fbd486c42bf19c5f77fe64f4,467d4d77973f46bd3ffabb50923e8701e2d499ccc6bc77430d2aa305f0d2051a,707d0d646ee06c7a38726a0d5fefc43280eeb457ebec0a2ad4203c68d9305bc6,2026-08-09T04:09:15.255451+00:00
7671161332351156799,新中国成立初期中国哲学社会科学的发展,0.0,0,internal_positive,B,固定 provider,2,5,Alibaba,deepseek/deepseek-v4-flash,False,message.content,5,5,,,gen-1786248511-fsUEucurgPZigtXnZ5jx,stop,3.4432968012988567,1,ok,,3dcaae20ff1bba07554b5ced38f2d694425b9f73fbd486c42bf19c5f77fe64f4,467d4d77973f46bd3ffabb50923e8701e2d499ccc6bc77430d2aa305f0d2051a,707d0d646ee06c7a38726a0d5fefc43280eeb457ebec0a2ad4203c68d9305bc6,2026-08-09T04:08:33.537629+00:00
7671161332351156799,新中国成立初期中国哲学社会科学的发展,0.0,0,internal_positive,B,固定 provider,3,0,Alibaba,deepseek/deepseek-v4-flash,False,message.content,0,0,,,gen-1786248639-flaxBeCOqmNmF0TAPHxG,stop,4.834203697741032,1,ok,,3dcaae20ff1bba07554b5ced38f2d694425b9f73fbd486c42bf19c5f77fe64f4,467d4d77973f46bd3ffabb50923e8701e2d499ccc6bc77430d2aa305f0d2051a,707d0d646ee06c7a38726a0d5fefc43280eeb457ebec0a2ad4203c68d9305bc6,2026-08-09T04:10:42.498963+00:00
7671161332351156799,新中国成立初期中国哲学社会科学的发展,0.0,0,internal_positive,B,固定 provider,4,0,Alibaba,deepseek/deepseek-v4-flash,False,message.content,0,0,,,gen-1786248582-rvq72BwobagBkUXCb9tK,stop,3.3467255011200905,1,ok,,3dcaae20ff1bba07554b5ced38f2d694425b9f73fbd486c42bf19c5f77fe64f4,467d4d77973f46bd3ffabb50923e8701e2d499ccc6bc77430d2aa305f0d2051a,707d0d646ee06c7a38726a0d5fefc43280eeb457ebec0a2ad4203c68d9305bc6,2026-08-09T04:09:44.458980+00:00
7671161332351156799,新中国成立初期中国哲学社会科学的发展,0.0,0,internal_positive,B,固定 provider,5,0,Alibaba,deepseek/deepseek-v4-flash,False,message.content,0,0,,,gen-1786248524-jeCAGOecyJNHJQDwkhQU,stop,3.41141290217638,1,ok,,3dcaae20ff1bba07554b5ced38f2d694425b9f73fbd486c42bf19c5f77fe64f4,467d4d77973f46bd3ffabb50923e8701e2d499ccc6bc77430d2aa305f0d2051a,707d0d646ee06c7a38726a0d5fefc43280eeb457ebec0a2ad4203c68d9305bc6,2026-08-09T04:08:46.813148+00:00
7671161332351156799,新中国成立初期中国哲学社会科学的发展,0.0,0,internal_positive,C,关闭 reasoning,1,20,Alibaba,deepseek/deepseek-v4-flash,False,message.content,20,20,,,gen-1786248614-8V1BRFKHXDeLsvfVlS6v,stop,1.5040371976792812,1,ok,,3dcaae20ff1bba07554b5ced38f2d694425b9f73fbd486c42bf19c5f77fe64f4,467d4d77973f46bd3ffabb50923e8701e2d499ccc6bc77430d2aa305f0d2051a,b1093b1959ad037b1a629c55a7eee669d26b3710e0007f388b2ee99e49e57ac3,2026-08-09T04:10:15.003163+00:00
7671161332351156799,新中国成立初期中国哲学社会科学的发展,0.0,0,internal_positive,C,关闭 reasoning,2,20,Alibaba,deepseek/deepseek-v4-flash,False,message.content,20,20,,,gen-1786248594-OdpmVGsIEEOld7Bt3F5v,stop,1.6583452001214027,1,ok,,3dcaae20ff1bba07554b5ced38f2d694425b9f73fbd486c42bf19c5f77fe64f4,467d4d77973f46bd3ffabb50923e8701e2d499ccc6bc77430d2aa305f0d2051a,b1093b1959ad037b1a629c55a7eee669d26b3710e0007f388b2ee99e49e57ac3,2026-08-09T04:09:54.625650+00:00
7671161332351156799,新中国成立初期中国哲学社会科学的发展,0.0,0,internal_positive,C,关闭 reasoning,3,20,Alibaba,deepseek/deepseek-v4-flash,False,message.content,20,20,,,gen-1786248620-SLpGkZNGoJaYRjBrgRAM,stop,1.6480998992919922,1,ok,,3dcaae20ff1bba07554b5ced38f2d694425b9f73fbd486c42bf19c5f77fe64f4,467d4d77973f46bd3ffabb50923e8701e2d499ccc6bc77430d2aa305f0d2051a,b1093b1959ad037b1a629c55a7eee669d26b3710e0007f388b2ee99e49e57ac3,2026-08-09T04:10:21.386909+00:00
7671161332351156799,新中国成立初期中国哲学社会科学的发展,0.0,0,internal_positive,C,关闭 reasoning,4,15,Alibaba,deepseek/deepseek-v4-flash,False,message.content,15,15,,,gen-1786248527-8Uef8KWEKBIV2GJUKq0v,stop,1.697826199233532,1,ok,,3dcaae20ff1bba07554b5ced38f2d694425b9f73fbd486c42bf19c5f77fe64f4,467d4d77973f46bd3ffabb50923e8701e2d499ccc6bc77430d2aa305f0d2051a,b1093b1959ad037b1a629c55a7eee669d26b3710e0007f388b2ee99e49e57ac3,2026-08-09T04:08:48.512314+00:00
7671161332351156799,新中国成立初期中国哲学社会科学的发展,0.0,0,internal_positive,C,关闭 reasoning,5,20,Alibaba,deepseek/deepseek-v4-flash,False,message.content,20,20,,,gen-1786248618-vl9lO5g64TT4pDYsm4gm,stop,1.879008699208498,1,ok,,3dcaae20ff1bba07554b5ced38f2d694425b9f73fbd486c42bf19c5f77fe64f4,467d4d77973f46bd3ffabb50923e8701e2d499ccc6bc77430d2aa305f0d2051a,b1093b1959ad037b1a629c55a7eee669d26b3710e0007f388b2ee99e49e57ac3,2026-08-09T04:10:19.737477+00:00
7671161332351156799,新中国成立初期中国哲学社会科学的发展,0.0,0,internal_positive,D,固定 provider + 关闭 reasoning,1,15,Alibaba,deepseek/deepseek-v4-flash,False,message.content,15,15,,,gen-1786248530-3NR3MRYr1885AH400hPv,stop,1.8252006992697716,1,ok,,3dcaae20ff1bba07554b5ced38f2d694425b9f73fbd486c42bf19c5f77fe64f4,467d4d77973f46bd3ffabb50923e8701e2d499ccc6bc77430d2aa305f0d2051a,a0ed2ebd5e61931b52fd000ffe1a54e508de4631927d28a1d90f615a2f05382e,2026-08-09T04:08:51.152811+00:00
7671161332351156799,新中国成立初期中国哲学社会科学的发展,0.0,0,internal_positive,D,固定 provider + 关闭 reasoning,2,75,Alibaba,deepseek/deepseek-v4-flash,False,message.content,75,75,,,gen-1786248662-tJq7gBGphbEwvCqr2gvr,stop,1.6736903004348278,1,ok,,3dcaae20ff1bba07554b5ced38f2d694425b9f73fbd486c42bf19c5f77fe64f4,467d4d77973f46bd3ffabb50923e8701e2d499ccc6bc77430d2aa305f0d2051a,a0ed2ebd5e61931b52fd000ffe1a54e508de4631927d28a1d90f615a2f05382e,2026-08-09T04:11:03.341770+00:00
7671161332351156799,新中国成立初期中国哲学社会科学的发展,0.0,0,internal_positive,D,固定 provider + 关闭 reasoning,3,15,Alibaba,deepseek/deepseek-v4-flash,False,message.content,15,15,,,gen-1786248690-JuChPpJuxqoMPEPr86ji,stop,1.9643641002476215,1,ok,,3dcaae20ff1bba07554b5ced38f2d694425b9f73fbd486c42bf19c5f77fe64f4,467d4d77973f46bd3ffabb50923e8701e2d499ccc6bc77430d2aa305f0d2051a,a0ed2ebd5e61931b52fd000ffe1a54e508de4631927d28a1d90f615a2f05382e,2026-08-09T04:11:31.186477+00:00
7671161332351156799,新中国成立初期中国哲学社会科学的发展,0.0,0,internal_positive,D,固定 provider + 关闭 reasoning,4,15,Alibaba,deepseek/deepseek-v4-flash,False,message.content,15,15,,,gen-1786248451-pUZ61VOKTEv8fkQz75U0,stop,2.370075900107622,1,ok,,3dcaae20ff1bba07554b5ced38f2d694425b9f73fbd486c42bf19c5f77fe64f4,467d4d77973f46bd3ffabb50923e8701e2d499ccc6bc77430d2aa305f0d2051a,a0ed2ebd5e61931b52fd000ffe1a54e508de4631927d28a1d90f615a2f05382e,2026-08-09T04:07:32.289391+00:00
7671161332351156799,新中国成立初期中国哲学社会科学的发展,0.0,0,internal_positive,D,固定 provider + 关闭 reasoning,5,15,Alibaba,deepseek/deepseek-v4-flash,False,message.content,15,15,,,gen-1786248582-BIp8LvBeYKLgNXQ2PWH6,stop,1.6537092998623848,1,ok,,3dcaae20ff1bba07554b5ced38f2d694425b9f73fbd486c42bf19c5f77fe64f4,467d4d77973f46bd3ffabb50923e8701e2d499ccc6bc77430d2aa305f0d2051a,a0ed2ebd5e61931b52fd000ffe1a54e508de4631927d28a1d90f615a2f05382e,2026-08-09T04:09:42.724798+00:00
chinanews:/gn/2026/05-10/10618741,以赛兴科普 第十三届重庆科普讲解大赛收官,45.0,2,external_positive,A,生产基线,1,45,Alibaba,deepseek/deepseek-v4-flash,False,message.content,45,45,,,gen-1786248561-OFXqLvdlQh07dD8igZbZ,stop,6.1669119000434875,1,ok,,ef366beddcd3670e3e67335fefffb4bcab8ccf712c84e13ac6f2272ce692a672,9fa06a93fb2c4476bf536ae7489c916dab76411ba03d09b2fa9c3e54ddad62f6,8daeea25aaa8e6993fb8ef0d05b0ddf8e03229d8f55eaf34d32d69bdda4fd6c7,2026-08-09T04:09:26.918184+00:00
chinanews:/gn/2026/05-10/10618741,以赛兴科普 第十三届重庆科普讲解大赛收官,45.0,2,external_positive,A,生产基线,2,30,Alibaba,deepseek/deepseek-v4-flash,False,message.content,30,30,,,gen-1786248486-b9BngJhWJf9sPuZ2tGfI,stop,4.10587739944458,1,ok,,ef366beddcd3670e3e67335fefffb4bcab8ccf712c84e13ac6f2272ce692a672,9fa06a93fb2c4476bf536ae7489c916dab76411ba03d09b2fa9c3e54ddad62f6,8daeea25aaa8e6993fb8ef0d05b0ddf8e03229d8f55eaf34d32d69bdda4fd6c7,2026-08-09T04:08:09.944379+00:00
chinanews:/gn/2026/05-10/10618741,以赛兴科普 第十三届重庆科普讲解大赛收官,45.0,2,external_positive,A,生产基线,3,45,Alibaba,deepseek/deepseek-v4-flash,False,message.content,45,45,,,gen-1786248597-DVnYdsokJ640satIDdfO,stop,4.3024335987865925,1,ok,,ef366beddcd3670e3e67335fefffb4bcab8ccf712c84e13ac6f2272ce692a672,9fa06a93fb2c4476bf536ae7489c916dab76411ba03d09b2fa9c3e54ddad62f6,8daeea25aaa8e6993fb8ef0d05b0ddf8e03229d8f55eaf34d32d69bdda4fd6c7,2026-08-09T04:10:00.658505+00:00
chinanews:/gn/2026/05-10/10618741,以赛兴科普 第十三届重庆科普讲解大赛收官,45.0,2,external_positive,A,生产基线,4,45,Alibaba,deepseek/deepseek-v4-flash,False,message.content,45,45,,,gen-1786248565-vmgAFJ8FICi4Bojt4dmS,stop,4.132004499435425,1,ok,,ef366beddcd3670e3e67335fefffb4bcab8ccf712c84e13ac6f2272ce692a672,9fa06a93fb2c4476bf536ae7489c916dab76411ba03d09b2fa9c3e54ddad62f6,8daeea25aaa8e6993fb8ef0d05b0ddf8e03229d8f55eaf34d32d69bdda4fd6c7,2026-08-09T04:09:28.917571+00:00
chinanews:/gn/2026/05-10/10618741,以赛兴科普 第十三届重庆科普讲解大赛收官,45.0,2,external_positive,A,生产基线,5,35,Alibaba,deepseek/deepseek-v4-flash,False,message.content,35,35,,,gen-1786248690-lyeWcvWgVsdWTA96BE41,stop,5.248255301266909,1,ok,,ef366beddcd3670e3e67335fefffb4bcab8ccf712c84e13ac6f2272ce692a672,9fa06a93fb2c4476bf536ae7489c916dab76411ba03d09b2fa9c3e54ddad62f6,8daeea25aaa8e6993fb8ef0d05b0ddf8e03229d8f55eaf34d32d69bdda4fd6c7,2026-08-09T04:11:35.014700+00:00
chinanews:/gn/2026/05-10/10618741,以赛兴科普 第十三届重庆科普讲解大赛收官,45.0,2,external_positive,B,固定 provider,1,15,Alibaba,deepseek/deepseek-v4-flash,False,message.content,15,15,,,gen-1786248564-yOddqHiBKxUP5WQGyNI8,stop,4.193558800965548,1,ok,,ef366beddcd3670e3e67335fefffb4bcab8ccf712c84e13ac6f2272ce692a672,9fa06a93fb2c4476bf536ae7489c916dab76411ba03d09b2fa9c3e54ddad62f6,e52c64738ff91e3dca01b35b1a48aa071606ed8090b7334ff243e721baec333a,2026-08-09T04:09:27.247934+00:00
chinanews:/gn/2026/05-10/10618741,以赛兴科普 第十三届重庆科普讲解大赛收官,45.0,2,external_positive,B,固定 provider,2,20,Alibaba,deepseek/deepseek-v4-flash,False,message.content,20,20,,,gen-1786248604-5QtK1j3ceC7KKlC8CxB9,stop,3.4597428031265736,1,ok,,ef366beddcd3670e3e67335fefffb4bcab8ccf712c84e13ac6f2272ce692a672,9fa06a93fb2c4476bf536ae7489c916dab76411ba03d09b2fa9c3e54ddad62f6,e52c64738ff91e3dca01b35b1a48aa071606ed8090b7334ff243e721baec333a,2026-08-09T04:10:06.821286+00:00
chinanews:/gn/2026/05-10/10618741,以赛兴科普 第十三届重庆科普讲解大赛收官,45.0,2,external_positive,B,固定 provider,3,40,Alibaba,deepseek/deepseek-v4-flash,False,message.content,40,40,,,gen-1786248540-bQA5sk39SnlK3Tnctz4n,stop,4.342005800455809,1,ok,,ef366beddcd3670e3e67335fefffb4bcab8ccf712c84e13ac6f2272ce692a672,9fa06a93fb2c4476bf536ae7489c916dab76411ba03d09b2fa9c3e54ddad62f6,e52c64738ff91e3dca01b35b1a48aa071606ed8090b7334ff243e721baec333a,2026-08-09T04:09:03.570301+00:00
chinanews:/gn/2026/05-10/10618741,以赛兴科普 第十三届重庆科普讲解大赛收官,45.0,2,external_positive,B,固定 provider,4,20,Alibaba,deepseek/deepseek-v4-flash,False,message.content,20,20,,,gen-1786248500-TK9WorTLyW6UpM8eKFp0,stop,3.906352799385786,1,ok,,ef366beddcd3670e3e67335fefffb4bcab8ccf712c84e13ac6f2272ce692a672,9fa06a93fb2c4476bf536ae7489c916dab76411ba03d09b2fa9c3e54ddad62f6,e52c64738ff91e3dca01b35b1a48aa071606ed8090b7334ff243e721baec333a,2026-08-09T04:08:23.225378+00:00
chinanews:/gn/2026/05-10/10618741,以赛兴科普 第十三届重庆科普讲解大赛收官,45.0,2,external_positive,B,固定 provider,5,40,Alibaba,deepseek/deepseek-v4-flash,False,message.content,40,40,,,gen-1786248471-PCYWwwg1yhiYE8MjFaQe,stop,3.5472596995532513,1,ok,,ef366beddcd3670e3e67335fefffb4bcab8ccf712c84e13ac6f2272ce692a672,9fa06a93fb2c4476bf536ae7489c916dab76411ba03d09b2fa9c3e54ddad62f6,e52c64738ff91e3dca01b35b1a48aa071606ed8090b7334ff243e721baec333a,2026-08-09T04:07:53.883580+00:00
chinanews:/gn/2026/05-10/10618741,以赛兴科普 第十三届重庆科普讲解大赛收官,45.0,2,external_positive,C,关闭 reasoning,1,75,Alibaba,deepseek/deepseek-v4-flash,False,message.content,75,75,,,gen-1786248625-2i5lgin2hRrXQoCafNma,stop,1.7260475978255272,1,ok,,ef366beddcd3670e3e67335fefffb4bcab8ccf712c84e13ac6f2272ce692a672,9fa06a93fb2c4476bf536ae7489c916dab76411ba03d09b2fa9c3e54ddad62f6,51b4245ad676332ede817f34b500f6a12979d14d4d278a6b1e40a939447c49e7,2026-08-09T04:10:25.949943+00:00
chinanews:/gn/2026/05-10/10618741,以赛兴科普 第十三届重庆科普讲解大赛收官,45.0,2,external_positive,C,关闭 reasoning,2,75,Alibaba,deepseek/deepseek-v4-flash,False,message.content,75,75,,,gen-1786248624-rVCjAM44OfRYckCq7UDF,stop,1.6965609975159168,1,ok,,ef366beddcd3670e3e67335fefffb4bcab8ccf712c84e13ac6f2272ce692a672,9fa06a93fb2c4476bf536ae7489c916dab76411ba03d09b2fa9c3e54ddad62f6,51b4245ad676332ede817f34b500f6a12979d14d4d278a6b1e40a939447c49e7,2026-08-09T04:10:25.733547+00:00
chinanews:/gn/2026/05-10/10618741,以赛兴科普 第十三届重庆科普讲解大赛收官,45.0,2,external_positive,C,关闭 reasoning,3,75,Alibaba,deepseek/deepseek-v4-flash,False,message.content,75,75,,,gen-1786248525-Nj6Yl8fXgKsA2LUgKxe3,stop,1.7397021017968655,1,ok,,ef366beddcd3670e3e67335fefffb4bcab8ccf712c84e13ac6f2272ce692a672,9fa06a93fb2c4476bf536ae7489c916dab76411ba03d09b2fa9c3e54ddad62f6,51b4245ad676332ede817f34b500f6a12979d14d4d278a6b1e40a939447c49e7,2026-08-09T04:08:45.840069+00:00
chinanews:/gn/2026/05-10/10618741,以赛兴科普 第十三届重庆科普讲解大赛收官,45.0,2,external_positive,C,关闭 reasoning,4,75,Alibaba,deepseek/deepseek-v4-flash,False,message.content,75,75,,,gen-1786248543-N9rsD4nYjZ4bgjoxc6mG,stop,1.6758162006735802,1,ok,,ef366beddcd3670e3e67335fefffb4bcab8ccf712c84e13ac6f2272ce692a672,9fa06a93fb2c4476bf536ae7489c916dab76411ba03d09b2fa9c3e54ddad62f6,51b4245ad676332ede817f34b500f6a12979d14d4d278a6b1e40a939447c49e7,2026-08-09T04:09:03.978468+00:00
chinanews:/gn/2026/05-10/10618741,以赛兴科普 第十三届重庆科普讲解大赛收官,45.0,2,external_positive,C,关闭 reasoning,5,75,Alibaba,deepseek/deepseek-v4-flash,False,message.content,75,75,,,gen-1786248670-dLjz0Pd1TfIZUvw4LDyO,stop,1.997699599713087,1,ok,,ef366beddcd3670e3e67335fefffb4bcab8ccf712c84e13ac6f2272ce692a672,9fa06a93fb2c4476bf536ae7489c916dab76411ba03d09b2fa9c3e54ddad62f6,51b4245ad676332ede817f34b500f6a12979d14d4d278a6b1e40a939447c49e7,2026-08-09T04:11:11.421686+00:00
chinanews:/gn/2026/05-10/10618741,以赛兴科普 第十三届重庆科普讲解大赛收官,45.0,2,external_positive,D,固定 provider + 关闭 reasoning,1,75,Alibaba,deepseek/deepseek-v4-flash,False,message.content,75,75,,,gen-1786248578-dY9y3XLTujxTKVM97pvQ,stop,1.4669621996581554,1,ok,,ef366beddcd3670e3e67335fefffb4bcab8ccf712c84e13ac6f2272ce692a672,9fa06a93fb2c4476bf536ae7489c916dab76411ba03d09b2fa9c3e54ddad62f6,6b679baf1be897e2a4b0cca08afa408268fa6b924f8241e209f88d9d2ae4b97b,2026-08-09T04:09:39.101780+00:00
chinanews:/gn/2026/05-10/10618741,以赛兴科普 第十三届重庆科普讲解大赛收官,45.0,2,external_positive,D,固定 provider + 关闭 reasoning,2,75,Alibaba,deepseek/deepseek-v4-flash,False,message.content,75,75,,,gen-1786248510-0JeD3jhhkXKBocg55W5R,stop,1.6604006998240948,1,ok,,ef366beddcd3670e3e67335fefffb4bcab8ccf712c84e13ac6f2272ce692a672,9fa06a93fb2c4476bf536ae7489c916dab76411ba03d09b2fa9c3e54ddad62f6,6b679baf1be897e2a4b0cca08afa408268fa6b924f8241e209f88d9d2ae4b97b,2026-08-09T04:08:31.382989+00:00
chinanews:/gn/2026/05-10/10618741,以赛兴科普 第十三届重庆科普讲解大赛收官,45.0,2,external_positive,D,固定 provider + 关闭 reasoning,3,75,Alibaba,deepseek/deepseek-v4-flash,False,message.content,75,75,,,gen-1786248451-7Mp3JIcZgfMtyicRfEko,stop,2.596271600574255,1,ok,,ef366beddcd3670e3e67335fefffb4bcab8ccf712c84e13ac6f2272ce692a672,9fa06a93fb2c4476bf536ae7489c916dab76411ba03d09b2fa9c3e54ddad62f6,6b679baf1be897e2a4b0cca08afa408268fa6b924f8241e209f88d9d2ae4b97b,2026-08-09T04:07:32.514311+00:00
chinanews:/gn/2026/05-10/10618741,以赛兴科普 第十三届重庆科普讲解大赛收官,45.0,2,external_positive,D,固定 provider + 关闭 reasoning,4,75,Alibaba,deepseek/deepseek-v4-flash,False,message.content,75,75,,,gen-1786248498-iT4og1hVyZDqNx0zPPkJ,stop,1.745730597525835,1,ok,,ef366beddcd3670e3e67335fefffb4bcab8ccf712c84e13ac6f2272ce692a672,9fa06a93fb2c4476bf536ae7489c916dab76411ba03d09b2fa9c3e54ddad62f6,6b679baf1be897e2a4b0cca08afa408268fa6b924f8241e209f88d9d2ae4b97b,2026-08-09T04:08:18.861809+00:00
chinanews:/gn/2026/05-10/10618741,以赛兴科普 第十三届重庆科普讲解大赛收官,45.0,2,external_positive,D,固定 provider + 关闭 reasoning,5,75,Alibaba,deepseek/deepseek-v4-flash,False,message.content,75,75,,,gen-1786248585-VK2Bxeo61KtKgsAxiqpF,stop,1.7556542977690697,1,ok,,ef366beddcd3670e3e67335fefffb4bcab8ccf712c84e13ac6f2272ce692a672,9fa06a93fb2c4476bf536ae7489c916dab76411ba03d09b2fa9c3e54ddad62f6,6b679baf1be897e2a4b0cca08afa408268fa6b924f8241e209f88d9d2ae4b97b,2026-08-09T04:09:46.439267+00:00
chinanews:/gn/2026/05-25/10627892,首届中国-巴尔干文化交流论坛在京举行,85.0,4,internal_positive,A,生产基线,1,65,Cloudflare,deepseek/deepseek-v4-flash,False,message.content,65,65,,,gen-1786248468-QBNpXiTRjcnaCOGh5uyO,stop,20.34367400035262,1,ok,,b0acba180365e08b58b91c5d226c50e2e9bd0072251ac2f7d0b91bdb8dc0b802,61689c8acaf8c3fc7adc9e09fd2b4b4b9025fc7169032c60715eabfd0ec6c372,1f8e14d7076a4f8ae0d1271002a34f50c41c33cbeefd581668b9ca86c78bb31f,2026-08-09T04:08:07.746900+00:00
chinanews:/gn/2026/05-25/10627892,首届中国-巴尔干文化交流论坛在京举行,85.0,4,internal_positive,A,生产基线,2,90,Alibaba,deepseek/deepseek-v4-flash,False,message.content,90,90,,,gen-1786248662-b70SppkLOuijhH2njeuF,stop,6.300287399441004,1,ok,,b0acba180365e08b58b91c5d226c50e2e9bd0072251ac2f7d0b91bdb8dc0b802,61689c8acaf8c3fc7adc9e09fd2b4b4b9025fc7169032c60715eabfd0ec6c372,1f8e14d7076a4f8ae0d1271002a34f50c41c33cbeefd581668b9ca86c78bb31f,2026-08-09T04:11:07.362427+00:00
chinanews:/gn/2026/05-25/10627892,首届中国-巴尔干文化交流论坛在京举行,85.0,4,internal_positive,A,生产基线,3,75,Alibaba,deepseek/deepseek-v4-flash,False,message.content,75,75,,,gen-1786248661-x8juQarts7tDfXaHPjG2,stop,12.472675900906324,1,ok,,b0acba180365e08b58b91c5d226c50e2e9bd0072251ac2f7d0b91bdb8dc0b802,61689c8acaf8c3fc7adc9e09fd2b4b4b9025fc7169032c60715eabfd0ec6c372,1f8e14d7076a4f8ae0d1271002a34f50c41c33cbeefd581668b9ca86c78bb31f,2026-08-09T04:11:12.371416+00:00
chinanews:/gn/2026/05-25/10627892,首届中国-巴尔干文化交流论坛在京举行,85.0,4,internal_positive,A,生产基线,4,65,Alibaba,deepseek/deepseek-v4-flash,False,message.content,65,65,,,gen-1786248484-BDO1RgwKWUQIre6DlQH0,stop,8.9436139985919,1,ok,,b0acba180365e08b58b91c5d226c50e2e9bd0072251ac2f7d0b91bdb8dc0b802,61689c8acaf8c3fc7adc9e09fd2b4b4b9025fc7169032c60715eabfd0ec6c372,1f8e14d7076a4f8ae0d1271002a34f50c41c33cbeefd581668b9ca86c78bb31f,2026-08-09T04:08:12.689287+00:00
chinanews:/gn/2026/05-25/10627892,首届中国-巴尔干文化交流论坛在京举行,85.0,4,internal_positive,A,生产基线,5,50,Alibaba,deepseek/deepseek-v4-flash,False,message.content,50,50,,,gen-1786248664-jcNG73wPIjTmKodpJfLy,stop,9.00829990208149,1,ok,,b0acba180365e08b58b91c5d226c50e2e9bd0072251ac2f7d0b91bdb8dc0b802,61689c8acaf8c3fc7adc9e09fd2b4b4b9025fc7169032c60715eabfd0ec6c372,1f8e14d7076a4f8ae0d1271002a34f50c41c33cbeefd581668b9ca86c78bb31f,2026-08-09T04:11:12.351879+00:00
chinanews:/gn/2026/05-25/10627892,首届中国-巴尔干文化交流论坛在京举行,85.0,4,internal_positive,B,固定 provider,1,65,Alibaba,deepseek/deepseek-v4-flash,False,message.content,65,65,,,gen-1786248644-uJ3yozYUwH9U255lvAxI,stop,6.545210998505354,1,ok,,b0acba180365e08b58b91c5d226c50e2e9bd0072251ac2f7d0b91bdb8dc0b802,61689c8acaf8c3fc7adc9e09fd2b4b4b9025fc7169032c60715eabfd0ec6c372,4e66aa0ce42343f12939830f4caae989cd5835b2ed4efcdc2524fcd0ed4dcb7f,2026-08-09T04:10:50.471232+00:00
chinanews:/gn/2026/05-25/10627892,首届中国-巴尔干文化交流论坛在京举行,85.0,4,internal_positive,B,固定 provider,2,90,Alibaba,deepseek/deepseek-v4-flash,False,message.content,90,90,,,gen-1786248651-WlUNcGaB6y4fKoozgvuf,stop,7.125986602157354,1,ok,,b0acba180365e08b58b91c5d226c50e2e9bd0072251ac2f7d0b91bdb8dc0b802,61689c8acaf8c3fc7adc9e09fd2b4b4b9025fc7169032c60715eabfd0ec6c372,4e66aa0ce42343f12939830f4caae989cd5835b2ed4efcdc2524fcd0ed4dcb7f,2026-08-09T04:10:57.598678+00:00
chinanews:/gn/2026/05-25/10627892,首届中国-巴尔干文化交流论坛在京举行,85.0,4,internal_positive,B,固定 provider,3,60,Alibaba,deepseek/deepseek-v4-flash,False,message.content,60,60,,,gen-1786248505-xo7NG2inHz9q02kw8s9o,stop,8.108281701803207,1,ok,,b0acba180365e08b58b91c5d226c50e2e9bd0072251ac2f7d0b91bdb8dc0b802,61689c8acaf8c3fc7adc9e09fd2b4b4b9025fc7169032c60715eabfd0ec6c372,4e66aa0ce42343f12939830f4caae989cd5835b2ed4efcdc2524fcd0ed4dcb7f,2026-08-09T04:08:32.675431+00:00
chinanews:/gn/2026/05-25/10627892,首届中国-巴尔干文化交流论坛在京举行,85.0,4,internal_positive,B,固定 provider,4,90,Alibaba,deepseek/deepseek-v4-flash,False,message.content,90,90,,,gen-1786248599-eFTdVeh3cxlax8zoBQOq,stop,5.297826398164034,1,ok,,b0acba180365e08b58b91c5d226c50e2e9bd0072251ac2f7d0b91bdb8dc0b802,61689c8acaf8c3fc7adc9e09fd2b4b4b9025fc7169032c60715eabfd0ec6c372,4e66aa0ce42343f12939830f4caae989cd5835b2ed4efcdc2524fcd0ed4dcb7f,2026-08-09T04:10:04.032603+00:00
chinanews:/gn/2026/05-25/10627892,首届中国-巴尔干文化交流论坛在京举行,85.0,4,internal_positive,B,固定 provider,5,90,Alibaba,deepseek/deepseek-v4-flash,False,message.content,90,90,,,gen-1786248604-lStTO2VuCtJuNu2YWtNp,stop,5.512880798429251,1,ok,,b0acba180365e08b58b91c5d226c50e2e9bd0072251ac2f7d0b91bdb8dc0b802,61689c8acaf8c3fc7adc9e09fd2b4b4b9025fc7169032c60715eabfd0ec6c372,4e66aa0ce42343f12939830f4caae989cd5835b2ed4efcdc2524fcd0ed4dcb7f,2026-08-09T04:10:08.970383+00:00
chinanews:/gn/2026/05-25/10627892,首届中国-巴尔干文化交流论坛在京举行,85.0,4,internal_positive,C,关闭 reasoning,1,85,Alibaba,deepseek/deepseek-v4-flash,False,message.content,85,85,,,gen-1786248532-0kdwWHWnVNhO68FDJpay,stop,1.7783732004463673,1,ok,,b0acba180365e08b58b91c5d226c50e2e9bd0072251ac2f7d0b91bdb8dc0b802,61689c8acaf8c3fc7adc9e09fd2b4b4b9025fc7169032c60715eabfd0ec6c372,fd118ea178294eb15c52dcd764b4268ec1e7776320bbec75e54058756292ac02,2026-08-09T04:08:53.245251+00:00
chinanews:/gn/2026/05-25/10627892,首届中国-巴尔干文化交流论坛在京举行,85.0,4,internal_positive,C,关闭 reasoning,2,85,Alibaba,deepseek/deepseek-v4-flash,False,message.content,85,85,,,gen-1786248570-KQU2tMkyq2wzRXxToacv,stop,1.9814002998173237,1,ok,,b0acba180365e08b58b91c5d226c50e2e9bd0072251ac2f7d0b91bdb8dc0b802,61689c8acaf8c3fc7adc9e09fd2b4b4b9025fc7169032c60715eabfd0ec6c372,fd118ea178294eb15c52dcd764b4268ec1e7776320bbec75e54058756292ac02,2026-08-09T04:09:31.724807+00:00
chinanews:/gn/2026/05-25/10627892,首届中国-巴尔干文化交流论坛在京举行,85.0,4,internal_positive,C,关闭 reasoning,3,85,Alibaba,deepseek/deepseek-v4-flash,False,message.content,85,85,,,gen-1786248602-VufvZ0B04nV2afuDRwdt,stop,1.9581626020371914,1,ok,,b0acba180365e08b58b91c5d226c50e2e9bd0072251ac2f7d0b91bdb8dc0b802,61689c8acaf8c3fc7adc9e09fd2b4b4b9025fc7169032c60715eabfd0ec6c372,fd118ea178294eb15c52dcd764b4268ec1e7776320bbec75e54058756292ac02,2026-08-09T04:10:03.330743+00:00
chinanews:/gn/2026/05-25/10627892,首届中国-巴尔干文化交流论坛在京举行,85.0,4,internal_positive,C,关闭 reasoning,4,85,Alibaba,deepseek/deepseek-v4-flash,False,message.content,85,85,,,gen-1786248668-tATfWIIrDKaYiSfxFFmW,stop,2.0588029995560646,1,ok,,b0acba180365e08b58b91c5d226c50e2e9bd0072251ac2f7d0b91bdb8dc0b802,61689c8acaf8c3fc7adc9e09fd2b4b4b9025fc7169032c60715eabfd0ec6c372,fd118ea178294eb15c52dcd764b4268ec1e7776320bbec75e54058756292ac02,2026-08-09T04:11:09.422578+00:00
chinanews:/gn/2026/05-25/10627892,首届中国-巴尔干文化交流论坛在京举行,85.0,4,internal_positive,C,关闭 reasoning,5,85,Alibaba,deepseek/deepseek-v4-flash,False,message.content,85,85,,,gen-1786248456-xOISrmvZsWQ8YcVc8Tfe,stop,1.7867045998573303,1,ok,,b0acba180365e08b58b91c5d226c50e2e9bd0072251ac2f7d0b91bdb8dc0b802,61689c8acaf8c3fc7adc9e09fd2b4b4b9025fc7169032c60715eabfd0ec6c372,fd118ea178294eb15c52dcd764b4268ec1e7776320bbec75e54058756292ac02,2026-08-09T04:07:37.464249+00:00
chinanews:/gn/2026/05-25/10627892,首届中国-巴尔干文化交流论坛在京举行,85.0,4,internal_positive,D,固定 provider + 关闭 reasoning,1,85,Alibaba,deepseek/deepseek-v4-flash,False,message.content,85,85,,,gen-1786248658-n2jJ6cXBBBvmm0DYjL7M,stop,2.1110806986689568,1,ok,,b0acba180365e08b58b91c5d226c50e2e9bd0072251ac2f7d0b91bdb8dc0b802,61689c8acaf8c3fc7adc9e09fd2b4b4b9025fc7169032c60715eabfd0ec6c372,2260e628d29acb488905a9ca06c4df253ddd971fbbec2ee78cde656e00713a88,2026-08-09T04:10:59.654703+00:00
chinanews:/gn/2026/05-25/10627892,首届中国-巴尔干文化交流论坛在京举行,85.0,4,internal_positive,D,固定 provider + 关闭 reasoning,2,85,Alibaba,deepseek/deepseek-v4-flash,False,message.content,85,85,,,gen-1786248606-esWWCrie4DlF6XpiHYrE,stop,1.7309617027640343,1,ok,,b0acba180365e08b58b91c5d226c50e2e9bd0072251ac2f7d0b91bdb8dc0b802,61689c8acaf8c3fc7adc9e09fd2b4b4b9025fc7169032c60715eabfd0ec6c372,2260e628d29acb488905a9ca06c4df253ddd971fbbec2ee78cde656e00713a88,2026-08-09T04:10:07.268583+00:00
chinanews:/gn/2026/05-25/10627892,首届中国-巴尔干文化交流论坛在京举行,85.0,4,internal_positive,D,固定 provider + 关闭 reasoning,3,85,Alibaba,deepseek/deepseek-v4-flash,False,message.content,85,85,,,gen-1786248649-Sw6Sicse65zEBndnnfw5,stop,1.8746330998837948,1,ok,,b0acba180365e08b58b91c5d226c50e2e9bd0072251ac2f7d0b91bdb8dc0b802,61689c8acaf8c3fc7adc9e09fd2b4b4b9025fc7169032c60715eabfd0ec6c372,2260e628d29acb488905a9ca06c4df253ddd971fbbec2ee78cde656e00713a88,2026-08-09T04:10:50.548540+00:00
chinanews:/gn/2026/05-25/10627892,首届中国-巴尔干文化交流论坛在京举行,85.0,4,internal_positive,D,固定 provider + 关闭 reasoning,4,85,Alibaba,deepseek/deepseek-v4-flash,False,message.content,85,85,,,gen-1786248451-CRWxwvjCC3gIXDeu6OdJ,stop,2.802666399627924,1,ok,,b0acba180365e08b58b91c5d226c50e2e9bd0072251ac2f7d0b91bdb8dc0b802,61689c8acaf8c3fc7adc9e09fd2b4b4b9025fc7169032c60715eabfd0ec6c372,2260e628d29acb488905a9ca06c4df253ddd971fbbec2ee78cde656e00713a88,2026-08-09T04:07:32.719424+00:00
chinanews:/gn/2026/05-25/10627892,首届中国-巴尔干文化交流论坛在京举行,85.0,4,internal_positive,D,固定 provider + 关闭 reasoning,5,85,Alibaba,deepseek/deepseek-v4-flash,False,message.content,85,85,,,gen-1786248587-MpjkhfQFtCQT2PIW0hcM,stop,1.9945899993181229,1,ok,,b0acba180365e08b58b91c5d226c50e2e9bd0072251ac2f7d0b91bdb8dc0b802,61689c8acaf8c3fc7adc9e09fd2b4b4b9025fc7169032c60715eabfd0ec6c372,2260e628d29acb488905a9ca06c4df253ddd971fbbec2ee78cde656e00713a88,2026-08-09T04:09:48.864136+00:00
chinanews:/gn/shipin/2026/04-15/news1051477,AI视频·全民国家安全教育日｜一念之间,20.0,1,external_positive,A,生产基线,1,10,Alibaba,deepseek/deepseek-v4-flash,False,message.content,10,10,,,gen-1786248502-4NQbJSgIRjV6qPBybpd2,stop,2.576556596904993,1,ok,,7424091cf404f70e599d30fcbe96c9188d5b6c801b1c81b3017efef4678b02e1,ca009d7a16d785b0083c50bcc65dd683ee60726d4d700e8df034fe3cdac6814e,e47470dbc32a654c38a6fb929c588db29c446966524d6a608edaced0bb4e86a4,2026-08-09T04:08:24.565783+00:00
chinanews:/gn/shipin/2026/04-15/news1051477,AI视频·全民国家安全教育日｜一念之间,20.0,1,external_positive,A,生产基线,2,10,Alibaba,deepseek/deepseek-v4-flash,False,message.content,10,10,,,gen-1786248628-SDo1GolDSlDFnA2zTaEh,stop,2.769897200167179,1,ok,,7424091cf404f70e599d30fcbe96c9188d5b6c801b1c81b3017efef4678b02e1,ca009d7a16d785b0083c50bcc65dd683ee60726d4d700e8df034fe3cdac6814e,e47470dbc32a654c38a6fb929c588db29c446966524d6a608edaced0bb4e86a4,2026-08-09T04:10:30.304318+00:00
chinanews:/gn/shipin/2026/04-15/news1051477,AI视频·全民国家安全教育日｜一念之间,20.0,1,external_positive,A,生产基线,3,5,Alibaba,deepseek/deepseek-v4-flash,False,message.content,5,5,,,gen-1786248602-QjmQNhyNbnDBdSwNYd5s,stop,3.205443400889635,1,ok,,7424091cf404f70e599d30fcbe96c9188d5b6c801b1c81b3017efef4678b02e1,ca009d7a16d785b0083c50bcc65dd683ee60726d4d700e8df034fe3cdac6814e,e47470dbc32a654c38a6fb929c588db29c446966524d6a608edaced0bb4e86a4,2026-08-09T04:10:04.480627+00:00
chinanews:/gn/shipin/2026/04-15/news1051477,AI视频·全民国家安全教育日｜一念之间,20.0,1,external_positive,A,生产基线,4,5,Alibaba,deepseek/deepseek-v4-flash,False,message.content,5,5,,,gen-1786248581-gepUUU8zYGnXtH4rQCUk,stop,3.082238096743822,1,ok,,7424091cf404f70e599d30fcbe96c9188d5b6c801b1c81b3017efef4678b02e1,ca009d7a16d785b0083c50bcc65dd683ee60726d4d700e8df034fe3cdac6814e,e47470dbc32a654c38a6fb929c588db29c446966524d6a608edaced0bb4e86a4,2026-08-09T04:09:43.429624+00:00
chinanews:/gn/shipin/2026/04-15/news1051477,AI视频·全民国家安全教育日｜一念之间,20.0,1,external_positive,A,生产基线,5,10,Alibaba,deepseek/deepseek-v4-flash,False,message.content,10,10,,,gen-1786248500-g54RqklGhaRbPlEL1KP4,stop,3.8410116992890835,1,ok,,7424091cf404f70e599d30fcbe96c9188d5b6c801b1c81b3017efef4678b02e1,ca009d7a16d785b0083c50bcc65dd683ee60726d4d700e8df034fe3cdac6814e,e47470dbc32a654c38a6fb929c588db29c446966524d6a608edaced0bb4e86a4,2026-08-09T04:08:22.704166+00:00
chinanews:/gn/shipin/2026/04-15/news1051477,AI视频·全民国家安全教育日｜一念之间,20.0,1,external_positive,B,固定 provider,1,15,Alibaba,deepseek/deepseek-v4-flash,False,message.content,15,15,,,gen-1786248488-yNsIt6bOZmlAPeEv5jgC,stop,3.628057401627302,1,ok,,7424091cf404f70e599d30fcbe96c9188d5b6c801b1c81b3017efef4678b02e1,ca009d7a16d785b0083c50bcc65dd683ee60726d4d700e8df034fe3cdac6814e,26f2165a51c1e4e3541835ffb28e8d9bda7bc1e1338705ec680b4b92b8dbbce3,2026-08-09T04:08:10.875464+00:00
chinanews:/gn/shipin/2026/04-15/news1051477,AI视频·全民国家安全教育日｜一念之间,20.0,1,external_positive,B,固定 provider,2,10,Alibaba,deepseek/deepseek-v4-flash,False,message.content,10,10,,,gen-1786248453-xKtQQPIzjXWhXc767ZaH,stop,3.32912790030241,1,ok,,7424091cf404f70e599d30fcbe96c9188d5b6c801b1c81b3017efef4678b02e1,ca009d7a16d785b0083c50bcc65dd683ee60726d4d700e8df034fe3cdac6814e,26f2165a51c1e4e3541835ffb28e8d9bda7bc1e1338705ec680b4b92b8dbbce3,2026-08-09T04:07:36.050071+00:00
chinanews:/gn/shipin/2026/04-15/news1051477,AI视频·全民国家安全教育日｜一念之间,20.0,1,external_positive,B,固定 provider,3,10,Alibaba,deepseek/deepseek-v4-flash,False,message.content,10,10,,,gen-1786248677-mJRJPqZbPfA16GJKj4xD,stop,3.081228297203779,1,ok,,7424091cf404f70e599d30fcbe96c9188d5b6c801b1c81b3017efef4678b02e1,ca009d7a16d785b0083c50bcc65dd683ee60726d4d700e8df034fe3cdac6814e,26f2165a51c1e4e3541835ffb28e8d9bda7bc1e1338705ec680b4b92b8dbbce3,2026-08-09T04:11:19.136020+00:00
chinanews:/gn/shipin/2026/04-15/news1051477,AI视频·全民国家安全教育日｜一念之间,20.0,1,external_positive,B,固定 provider,4,5,Alibaba,deepseek/deepseek-v4-flash,False,message.content,5,5,,,gen-1786248594-g9EnJMQUgASdfhH2ZX4D,stop,3.785489298403263,1,ok,,7424091cf404f70e599d30fcbe96c9188d5b6c801b1c81b3017efef4678b02e1,ca009d7a16d785b0083c50bcc65dd683ee60726d4d700e8df034fe3cdac6814e,26f2165a51c1e4e3541835ffb28e8d9bda7bc1e1338705ec680b4b92b8dbbce3,2026-08-09T04:09:57.416615+00:00
chinanews:/gn/shipin/2026/04-15/news1051477,AI视频·全民国家安全教育日｜一念之间,20.0,1,external_positive,B,固定 provider,5,10,Alibaba,deepseek/deepseek-v4-flash,False,message.content,10,10,,,gen-1786248633-fI2ISf73tJeYhS8GMYZY,stop,3.194103803485632,1,ok,,7424091cf404f70e599d30fcbe96c9188d5b6c801b1c81b3017efef4678b02e1,ca009d7a16d785b0083c50bcc65dd683ee60726d4d700e8df034fe3cdac6814e,26f2165a51c1e4e3541835ffb28e8d9bda7bc1e1338705ec680b4b92b8dbbce3,2026-08-09T04:10:36.146757+00:00
chinanews:/gn/shipin/2026/04-15/news1051477,AI视频·全民国家安全教育日｜一念之间,20.0,1,external_positive,C,关闭 reasoning,1,5,Alibaba,deepseek/deepseek-v4-flash,False,message.content,5,5,,,gen-1786248630-bkqkeEybRNPLXqO1EaGa,stop,1.7816193997859955,1,ok,,7424091cf404f70e599d30fcbe96c9188d5b6c801b1c81b3017efef4678b02e1,ca009d7a16d785b0083c50bcc65dd683ee60726d4d700e8df034fe3cdac6814e,db7695bf6d379a78a958f8cf493bfe823e7d988e426599298bd9efa836e8628c,2026-08-09T04:10:30.998473+00:00
chinanews:/gn/shipin/2026/04-15/news1051477,AI视频·全民国家安全教育日｜一念之间,20.0,1,external_positive,C,关闭 reasoning,2,5,Alibaba,deepseek/deepseek-v4-flash,False,message.content,5,5,,,gen-1786248570-d0f9vse6rH8k93lA64Ig,stop,1.7421335019171238,1,ok,,7424091cf404f70e599d30fcbe96c9188d5b6c801b1c81b3017efef4678b02e1,ca009d7a16d785b0083c50bcc65dd683ee60726d4d700e8df034fe3cdac6814e,db7695bf6d379a78a958f8cf493bfe823e7d988e426599298bd9efa836e8628c,2026-08-09T04:09:30.540564+00:00
chinanews:/gn/shipin/2026/04-15/news1051477,AI视频·全民国家安全教育日｜一念之间,20.0,1,external_positive,C,关闭 reasoning,3,5,Alibaba,deepseek/deepseek-v4-flash,False,message.content,5,5,,,gen-1786248598-7Qej0qOcQgh279uMSmpF,stop,1.6646426990628242,1,ok,,7424091cf404f70e599d30fcbe96c9188d5b6c801b1c81b3017efef4678b02e1,ca009d7a16d785b0083c50bcc65dd683ee60726d4d700e8df034fe3cdac6814e,db7695bf6d379a78a958f8cf493bfe823e7d988e426599298bd9efa836e8628c,2026-08-09T04:09:58.733437+00:00
chinanews:/gn/shipin/2026/04-15/news1051477,AI视频·全民国家安全教育日｜一念之间,20.0,1,external_positive,C,关闭 reasoning,4,5,Alibaba,deepseek/deepseek-v4-flash,False,message.content,5,5,,,gen-1786248683-yZht4BYvu4ISjvfXsveA,stop,1.6320930011570454,1,ok,,7424091cf404f70e599d30fcbe96c9188d5b6c801b1c81b3017efef4678b02e1,ca009d7a16d785b0083c50bcc65dd683ee60726d4d700e8df034fe3cdac6814e,db7695bf6d379a78a958f8cf493bfe823e7d988e426599298bd9efa836e8628c,2026-08-09T04:11:24.220401+00:00
chinanews:/gn/shipin/2026/04-15/news1051477,AI视频·全民国家安全教育日｜一念之间,20.0,1,external_positive,C,关闭 reasoning,5,5,Alibaba,deepseek/deepseek-v4-flash,False,message.content,5,5,,,gen-1786248653-MLl0dNfc1IUR88vdkNUs,stop,1.8706628009676933,1,ok,,7424091cf404f70e599d30fcbe96c9188d5b6c801b1c81b3017efef4678b02e1,ca009d7a16d785b0083c50bcc65dd683ee60726d4d700e8df034fe3cdac6814e,db7695bf6d379a78a958f8cf493bfe823e7d988e426599298bd9efa836e8628c,2026-08-09T04:10:54.329713+00:00
chinanews:/gn/shipin/2026/04-15/news1051477,AI视频·全民国家安全教育日｜一念之间,20.0,1,external_positive,D,固定 provider + 关闭 reasoning,1,5,Alibaba,deepseek/deepseek-v4-flash,False,message.content,5,5,,,gen-1786248466-wzGvsOlZuVZmx9YhhRqm,stop,1.47421870008111,1,ok,,7424091cf404f70e599d30fcbe96c9188d5b6c801b1c81b3017efef4678b02e1,ca009d7a16d785b0083c50bcc65dd683ee60726d4d700e8df034fe3cdac6814e,05dcb2c30fd6556c8074ff651e43453622240204050bb1f9d5c657b2e2b13c7f,2026-08-09T04:07:46.873052+00:00
chinanews:/gn/shipin/2026/04-15/news1051477,AI视频·全民国家安全教育日｜一念之间,20.0,1,external_positive,D,固定 provider + 关闭 reasoning,2,5,Alibaba,deepseek/deepseek-v4-flash,False,message.content,5,5,,,gen-1786248656-eWc2Nkn5bnEwkRnVMWPR,stop,1.8465748019516468,1,ok,,7424091cf404f70e599d30fcbe96c9188d5b6c801b1c81b3017efef4678b02e1,ca009d7a16d785b0083c50bcc65dd683ee60726d4d700e8df034fe3cdac6814e,05dcb2c30fd6556c8074ff651e43453622240204050bb1f9d5c657b2e2b13c7f,2026-08-09T04:10:57.416650+00:00
chinanews:/gn/shipin/2026/04-15/news1051477,AI视频·全民国家安全教育日｜一念之间,20.0,1,external_positive,D,固定 provider + 关闭 reasoning,3,5,Alibaba,deepseek/deepseek-v4-flash,False,message.content,5,5,,,gen-1786248534-rEsbEBoS84WsrdbJMwW3,stop,1.785122100263834,1,ok,,7424091cf404f70e599d30fcbe96c9188d5b6c801b1c81b3017efef4678b02e1,ca009d7a16d785b0083c50bcc65dd683ee60726d4d700e8df034fe3cdac6814e,05dcb2c30fd6556c8074ff651e43453622240204050bb1f9d5c657b2e2b13c7f,2026-08-09T04:08:54.799428+00:00
chinanews:/gn/shipin/2026/04-15/news1051477,AI视频·全民国家安全教育日｜一念之间,20.0,1,external_positive,D,固定 provider + 关闭 reasoning,4,5,Alibaba,deepseek/deepseek-v4-flash,False,message.content,5,5,,,gen-1786248658-Yu6kAahnciKQVLNbszrZ,stop,1.9347681999206543,1,ok,,7424091cf404f70e599d30fcbe96c9188d5b6c801b1c81b3017efef4678b02e1,ca009d7a16d785b0083c50bcc65dd683ee60726d4d700e8df034fe3cdac6814e,05dcb2c30fd6556c8074ff651e43453622240204050bb1f9d5c657b2e2b13c7f,2026-08-09T04:10:58.981937+00:00
chinanews:/gn/shipin/2026/04-15/news1051477,AI视频·全民国家安全教育日｜一念之间,20.0,1,external_positive,D,固定 provider + 关闭 reasoning,5,5,Alibaba,deepseek/deepseek-v4-flash,False,message.content,5,5,,,gen-1786248664-PaOJlrcrQXNuLftX7Xp5,stop,1.4636425003409386,1,ok,,7424091cf404f70e599d30fcbe96c9188d5b6c801b1c81b3017efef4678b02e1,ca009d7a16d785b0083c50bcc65dd683ee60726d4d700e8df034fe3cdac6814e,05dcb2c30fd6556c8074ff651e43453622240204050bb1f9d5c657b2e2b13c7f,2026-08-09T04:11:05.112716+00:00
chinanews:/hr/2026/04-24/10610409,中国多地侨乡研学融合产业助力乡村振兴,20.0,1,internal_positive,A,生产基线,1,0,Alibaba,deepseek/deepseek-v4-flash,False,message.content,0,0,,,gen-1786248612-2AsOOw6cceyPtl3udoL9,stop,3.0235809981822968,1,ok,,91b38c48fcfeb06c29a193583fc1a224e5b80894a09f31e66357de5b66df42f8,aa0ccd6f0967f40afa388f22dfaa5c9ea932029e06fb741ec2690cf1995c7901,7541320ce3d4e6903f901a38826d107cbc916faa078d83035cc2c335e2e9a4fe,2026-08-09T04:10:14.515146+00:00
chinanews:/hr/2026/04-24/10610409,中国多地侨乡研学融合产业助力乡村振兴,20.0,1,internal_positive,A,生产基线,2,0,Alibaba,deepseek/deepseek-v4-flash,False,message.content,0,0,,,gen-1786248660-9S3IRro2aSwJ7168VwgN,stop,3.168554998934269,1,ok,,91b38c48fcfeb06c29a193583fc1a224e5b80894a09f31e66357de5b66df42f8,aa0ccd6f0967f40afa388f22dfaa5c9ea932029e06fb741ec2690cf1995c7901,7541320ce3d4e6903f901a38826d107cbc916faa078d83035cc2c335e2e9a4fe,2026-08-09T04:11:02.501568+00:00
chinanews:/hr/2026/04-24/10610409,中国多地侨乡研学融合产业助力乡村振兴,20.0,1,internal_positive,A,生产基线,3,0,Alibaba,deepseek/deepseek-v4-flash,False,message.content,0,0,,,gen-1786248476-e4vloQMKqcjK9lqmHqVE,stop,2.7777827978134155,1,ok,,91b38c48fcfeb06c29a193583fc1a224e5b80894a09f31e66357de5b66df42f8,aa0ccd6f0967f40afa388f22dfaa5c9ea932029e06fb741ec2690cf1995c7901,7541320ce3d4e6903f901a38826d107cbc916faa078d83035cc2c335e2e9a4fe,2026-08-09T04:07:58.438061+00:00
chinanews:/hr/2026/04-24/10610409,中国多地侨乡研学融合产业助力乡村振兴,20.0,1,internal_positive,A,生产基线,4,0,Alibaba,deepseek/deepseek-v4-flash,False,message.content,0,0,,,gen-1786248627-OQ6cAYHBRbw3CSGkxtgT,stop,2.9741774015128613,1,ok,,91b38c48fcfeb06c29a193583fc1a224e5b80894a09f31e66357de5b66df42f8,aa0ccd6f0967f40afa388f22dfaa5c9ea932029e06fb741ec2690cf1995c7901,7541320ce3d4e6903f901a38826d107cbc916faa078d83035cc2c335e2e9a4fe,2026-08-09T04:10:29.419854+00:00
chinanews:/hr/2026/04-24/10610409,中国多地侨乡研学融合产业助力乡村振兴,20.0,1,internal_positive,A,生产基线,5,0,Alibaba,deepseek/deepseek-v4-flash,False,message.content,0,0,,,gen-1786248517-V4cj5MXuXc8oDDXbgZGT,stop,2.889417201280594,1,ok,,91b38c48fcfeb06c29a193583fc1a224e5b80894a09f31e66357de5b66df42f8,aa0ccd6f0967f40afa388f22dfaa5c9ea932029e06fb741ec2690cf1995c7901,7541320ce3d4e6903f901a38826d107cbc916faa078d83035cc2c335e2e9a4fe,2026-08-09T04:08:39.382071+00:00
chinanews:/hr/2026/04-24/10610409,中国多地侨乡研学融合产业助力乡村振兴,20.0,1,internal_positive,B,固定 provider,1,0,Alibaba,deepseek/deepseek-v4-flash,False,message.content,0,0,,,gen-1786248566-TMT9QUWLQMkr0ps2BpBq,stop,3.9966305010020733,1,ok,,91b38c48fcfeb06c29a193583fc1a224e5b80894a09f31e66357de5b66df42f8,aa0ccd6f0967f40afa388f22dfaa5c9ea932029e06fb741ec2690cf1995c7901,b09f42b022caba44b4cf77f31476ccd55896b97bbe7b93388394dad4eb5967ea,2026-08-09T04:09:29.197890+00:00
chinanews:/hr/2026/04-24/10610409,中国多地侨乡研学融合产业助力乡村振兴,20.0,1,internal_positive,B,固定 provider,2,0,Alibaba,deepseek/deepseek-v4-flash,False,message.content,0,0,,,gen-1786248532-O60WBK9mnVWyowbv6Aa4,stop,4.480598799884319,1,ok,,91b38c48fcfeb06c29a193583fc1a224e5b80894a09f31e66357de5b66df42f8,aa0ccd6f0967f40afa388f22dfaa5c9ea932029e06fb741ec2690cf1995c7901,b09f42b022caba44b4cf77f31476ccd55896b97bbe7b93388394dad4eb5967ea,2026-08-09T04:08:55.634754+00:00
chinanews:/hr/2026/04-24/10610409,中国多地侨乡研学融合产业助力乡村振兴,20.0,1,internal_positive,B,固定 provider,3,0,Alibaba,deepseek/deepseek-v4-flash,False,message.content,0,0,,,gen-1786248666-6UMU37sIXAHhX2UAiBDq,stop,2.5369324013590813,1,ok,,91b38c48fcfeb06c29a193583fc1a224e5b80894a09f31e66357de5b66df42f8,aa0ccd6f0967f40afa388f22dfaa5c9ea932029e06fb741ec2690cf1995c7901,b09f42b022caba44b4cf77f31476ccd55896b97bbe7b93388394dad4eb5967ea,2026-08-09T04:11:08.131743+00:00
chinanews:/hr/2026/04-24/10610409,中国多地侨乡研学融合产业助力乡村振兴,20.0,1,internal_positive,B,固定 provider,4,0,Alibaba,deepseek/deepseek-v4-flash,False,message.content,0,0,,,gen-1786248453-HqXDk8FlU6L136HyMNnm,stop,3.159686401486397,1,ok,,91b38c48fcfeb06c29a193583fc1a224e5b80894a09f31e66357de5b66df42f8,aa0ccd6f0967f40afa388f22dfaa5c9ea932029e06fb741ec2690cf1995c7901,b09f42b022caba44b4cf77f31476ccd55896b97bbe7b93388394dad4eb5967ea,2026-08-09T04:07:35.676051+00:00
chinanews:/hr/2026/04-24/10610409,中国多地侨乡研学融合产业助力乡村振兴,20.0,1,internal_positive,B,固定 provider,5,0,Alibaba,deepseek/deepseek-v4-flash,False,message.content,0,0,,,gen-1786248635-pKSpYDPGhMZzJAeS3lK9,stop,3.0209972001612186,1,ok,,91b38c48fcfeb06c29a193583fc1a224e5b80894a09f31e66357de5b66df42f8,aa0ccd6f0967f40afa388f22dfaa5c9ea932029e06fb741ec2690cf1995c7901,b09f42b022caba44b4cf77f31476ccd55896b97bbe7b93388394dad4eb5967ea,2026-08-09T04:10:37.178719+00:00
chinanews:/hr/2026/04-24/10610409,中国多地侨乡研学融合产业助力乡村振兴,20.0,1,internal_positive,C,关闭 reasoning,1,15,Alibaba,deepseek/deepseek-v4-flash,False,message.content,15,15,,,gen-1786248633-65ciuyyvE9bH2O9YOyBH,stop,1.5520764999091625,1,ok,,91b38c48fcfeb06c29a193583fc1a224e5b80894a09f31e66357de5b66df42f8,aa0ccd6f0967f40afa388f22dfaa5c9ea932029e06fb741ec2690cf1995c7901,92953435254fe99cac0822e21239f8932701b1ad60bf6795b9c3d001cb1bc770,2026-08-09T04:10:34.156328+00:00
chinanews:/hr/2026/04-24/10610409,中国多地侨乡研学融合产业助力乡村振兴,20.0,1,internal_positive,C,关闭 reasoning,2,15,Alibaba,deepseek/deepseek-v4-flash,False,message.content,15,15,,,gen-1786248640-KEj6RoZAoSbWMLK2BJ0D,stop,1.5931103006005287,1,ok,,91b38c48fcfeb06c29a193583fc1a224e5b80894a09f31e66357de5b66df42f8,aa0ccd6f0967f40afa388f22dfaa5c9ea932029e06fb741ec2690cf1995c7901,92953435254fe99cac0822e21239f8932701b1ad60bf6795b9c3d001cb1bc770,2026-08-09T04:10:41.040086+00:00
chinanews:/hr/2026/04-24/10610409,中国多地侨乡研学融合产业助力乡村振兴,20.0,1,internal_positive,C,关闭 reasoning,3,15,Alibaba,deepseek/deepseek-v4-flash,False,message.content,15,15,,,gen-1786248631-qSdcKfgGJv19SgDXWKfm,stop,1.6030668020248413,1,ok,,91b38c48fcfeb06c29a193583fc1a224e5b80894a09f31e66357de5b66df42f8,aa0ccd6f0967f40afa388f22dfaa5c9ea932029e06fb741ec2690cf1995c7901,92953435254fe99cac0822e21239f8932701b1ad60bf6795b9c3d001cb1bc770,2026-08-09T04:10:32.602879+00:00
chinanews:/hr/2026/04-24/10610409,中国多地侨乡研学融合产业助力乡村振兴,20.0,1,internal_positive,C,关闭 reasoning,4,15,Alibaba,deepseek/deepseek-v4-flash,False,message.content,15,15,,,gen-1786248607-fAvRR6fXgb4JslkR16P0,stop,1.7952397987246513,1,ok,,91b38c48fcfeb06c29a193583fc1a224e5b80894a09f31e66357de5b66df42f8,aa0ccd6f0967f40afa388f22dfaa5c9ea932029e06fb741ec2690cf1995c7901,92953435254fe99cac0822e21239f8932701b1ad60bf6795b9c3d001cb1bc770,2026-08-09T04:10:08.569704+00:00
chinanews:/hr/2026/04-24/10610409,中国多地侨乡研学融合产业助力乡村振兴,20.0,1,internal_positive,C,关闭 reasoning,5,15,Alibaba,deepseek/deepseek-v4-flash,False,message.content,15,15,,,gen-1786248610-f859o7VQ9qD6bA4eRnn9,stop,1.8865201994776726,1,ok,,91b38c48fcfeb06c29a193583fc1a224e5b80894a09f31e66357de5b66df42f8,aa0ccd6f0967f40afa388f22dfaa5c9ea932029e06fb741ec2690cf1995c7901,92953435254fe99cac0822e21239f8932701b1ad60bf6795b9c3d001cb1bc770,2026-08-09T04:10:11.489525+00:00
chinanews:/hr/2026/04-24/10610409,中国多地侨乡研学融合产业助力乡村振兴,20.0,1,internal_positive,D,固定 provider + 关闭 reasoning,1,15,Alibaba,deepseek/deepseek-v4-flash,False,message.content,15,15,,,gen-1786248660-3PwT26x2G2f60A1qxQzH,stop,2.1486021019518375,1,ok,,91b38c48fcfeb06c29a193583fc1a224e5b80894a09f31e66357de5b66df42f8,aa0ccd6f0967f40afa388f22dfaa5c9ea932029e06fb741ec2690cf1995c7901,b13176885ad760fc2f5e08f66dd60e1a99124105c45dd73433471bf6d9944e54,2026-08-09T04:11:01.666710+00:00
chinanews:/hr/2026/04-24/10610409,中国多地侨乡研学融合产业助力乡村振兴,20.0,1,internal_positive,D,固定 provider + 关闭 reasoning,2,15,Alibaba,deepseek/deepseek-v4-flash,False,message.content,15,15,,,gen-1786248462-HwFhGdHZ8NqE2bDOUCmX,stop,2.1621054969727993,1,ok,,91b38c48fcfeb06c29a193583fc1a224e5b80894a09f31e66357de5b66df42f8,aa0ccd6f0967f40afa388f22dfaa5c9ea932029e06fb741ec2690cf1995c7901,b13176885ad760fc2f5e08f66dd60e1a99124105c45dd73433471bf6d9944e54,2026-08-09T04:07:43.714359+00:00
chinanews:/hr/2026/04-24/10610409,中国多地侨乡研学融合产业助力乡村振兴,20.0,1,internal_positive,D,固定 provider + 关闭 reasoning,3,15,Alibaba,deepseek/deepseek-v4-flash,False,message.content,15,15,,,gen-1786248654-h28nUcwN11c1Cg0SaIh6,stop,1.949788797646761,1,ok,,91b38c48fcfeb06c29a193583fc1a224e5b80894a09f31e66357de5b66df42f8,aa0ccd6f0967f40afa388f22dfaa5c9ea932029e06fb741ec2690cf1995c7901,b13176885ad760fc2f5e08f66dd60e1a99124105c45dd73433471bf6d9944e54,2026-08-09T04:10:55.443718+00:00
chinanews:/hr/2026/04-24/10610409,中国多地侨乡研学融合产业助力乡村振兴,20.0,1,internal_positive,D,固定 provider + 关闭 reasoning,4,15,Alibaba,deepseek/deepseek-v4-flash,False,message.content,15,15,,,gen-1786248562-Da9OxtitiDt1muOg4KTj,stop,2.2130661979317665,1,ok,,91b38c48fcfeb06c29a193583fc1a224e5b80894a09f31e66357de5b66df42f8,aa0ccd6f0967f40afa388f22dfaa5c9ea932029e06fb741ec2690cf1995c7901,b13176885ad760fc2f5e08f66dd60e1a99124105c45dd73433471bf6d9944e54,2026-08-09T04:09:23.394918+00:00
chinanews:/hr/2026/04-24/10610409,中国多地侨乡研学融合产业助力乡村振兴,20.0,1,internal_positive,D,固定 provider + 关闭 reasoning,5,15,Alibaba,deepseek/deepseek-v4-flash,False,message.content,15,15,,,gen-1786248636-5lVZnbrbvsVRrlLAY5jQ,stop,1.9853199012577534,1,ok,,91b38c48fcfeb06c29a193583fc1a224e5b80894a09f31e66357de5b66df42f8,aa0ccd6f0967f40afa388f22dfaa5c9ea932029e06fb741ec2690cf1995c7901,b13176885ad760fc2f5e08f66dd60e1a99124105c45dd73433471bf6d9944e54,2026-08-09T04:10:37.562156+00:00
gmw:2026-06/24/content_38845066,美院毕业展别只看到“销冠”,55.0,2,internal_positive,A,生产基线,1,50,Alibaba,deepseek/deepseek-v4-flash,False,message.content,50,50,,,gen-1786248655-pePepXS2Us1LyDgKIab0,stop,7.574721600860357,1,ok,,59f95c8f4c018d5855ce0be0a7c2eb4192470bd1e5c5e97fef4ee36d77ed5224,80fd2ca62f35d9dc7ca86a29b51a9139d686a096381e93789b3a31d7e74caca6,99024f792c5363ec80e7f2bb91efc2c5b2a59ab5353d6fff222bac05d90dd5bf,2026-08-09T04:11:01.905793+00:00
gmw:2026-06/24/content_38845066,美院毕业展别只看到“销冠”,55.0,2,internal_positive,A,生产基线,2,45,Alibaba,deepseek/deepseek-v4-flash,False,message.content,45,45,,,gen-1786248505-1cZlp5pLBUYm8lSNKWGY,stop,5.310403000563383,1,ok,,59f95c8f4c018d5855ce0be0a7c2eb4192470bd1e5c5e97fef4ee36d77ed5224,80fd2ca62f35d9dc7ca86a29b51a9139d686a096381e93789b3a31d7e74caca6,99024f792c5363ec80e7f2bb91efc2c5b2a59ab5353d6fff222bac05d90dd5bf,2026-08-09T04:08:30.093010+00:00
gmw:2026-06/24/content_38845066,美院毕业展别只看到“销冠”,55.0,2,internal_positive,A,生产基线,3,55,Alibaba,deepseek/deepseek-v4-flash,False,message.content,55,55,,,gen-1786248571-yVGJ6m4DwCmEZ94zomIQ,stop,4.46618739888072,1,ok,,59f95c8f4c018d5855ce0be0a7c2eb4192470bd1e5c5e97fef4ee36d77ed5224,80fd2ca62f35d9dc7ca86a29b51a9139d686a096381e93789b3a31d7e74caca6,99024f792c5363ec80e7f2bb91efc2c5b2a59ab5353d6fff222bac05d90dd5bf,2026-08-09T04:09:35.035380+00:00
gmw:2026-06/24/content_38845066,美院毕业展别只看到“销冠”,55.0,2,internal_positive,A,生产基线,4,35,Alibaba,deepseek/deepseek-v4-flash,False,message.content,35,35,,,gen-1786248454-aNUlgQpTf7JXyTb0z74V,stop,5.5120024010539055,1,ok,,59f95c8f4c018d5855ce0be0a7c2eb4192470bd1e5c5e97fef4ee36d77ed5224,80fd2ca62f35d9dc7ca86a29b51a9139d686a096381e93789b3a31d7e74caca6,99024f792c5363ec80e7f2bb91efc2c5b2a59ab5353d6fff222bac05d90dd5bf,2026-08-09T04:07:38.313898+00:00
gmw:2026-06/24/content_38845066,美院毕业展别只看到“销冠”,55.0,2,internal_positive,A,生产基线,5,40,Alibaba,deepseek/deepseek-v4-flash,False,message.content,40,40,,,gen-1786248510-mEgbDKePTD9qYctxPEEN,stop,5.968928199261427,1,ok,,59f95c8f4c018d5855ce0be0a7c2eb4192470bd1e5c5e97fef4ee36d77ed5224,80fd2ca62f35d9dc7ca86a29b51a9139d686a096381e93789b3a31d7e74caca6,99024f792c5363ec80e7f2bb91efc2c5b2a59ab5353d6fff222bac05d90dd5bf,2026-08-09T04:08:35.241351+00:00
gmw:2026-06/24/content_38845066,美院毕业展别只看到“销冠”,55.0,2,internal_positive,B,固定 provider,1,55,Alibaba,deepseek/deepseek-v4-flash,False,message.content,55,55,,,gen-1786248533-TKyy8ZoWlLPRrA8ZDpBi,stop,3.828064698725939,1,ok,,59f95c8f4c018d5855ce0be0a7c2eb4192470bd1e5c5e97fef4ee36d77ed5224,80fd2ca62f35d9dc7ca86a29b51a9139d686a096381e93789b3a31d7e74caca6,7b2ae35c5c70d5c7d338fbe03d52a63556e48c29d08e7ac56e145c4e773417c4,2026-08-09T04:08:56.312722+00:00
gmw:2026-06/24/content_38845066,美院毕业展别只看到“销冠”,55.0,2,internal_positive,B,固定 provider,2,40,Alibaba,deepseek/deepseek-v4-flash,False,message.content,40,40,,,gen-1786248606-j0lo9Y0PvcjXjCdZdJBX,stop,5.53258990123868,1,ok,,59f95c8f4c018d5855ce0be0a7c2eb4192470bd1e5c5e97fef4ee36d77ed5224,80fd2ca62f35d9dc7ca86a29b51a9139d686a096381e93789b3a31d7e74caca6,7b2ae35c5c70d5c7d338fbe03d52a63556e48c29d08e7ac56e145c4e773417c4,2026-08-09T04:10:11.015094+00:00
gmw:2026-06/24/content_38845066,美院毕业展别只看到“销冠”,55.0,2,internal_positive,B,固定 provider,3,45,Alibaba,deepseek/deepseek-v4-flash,False,message.content,45,45,,,gen-1786248493-eyjwpajSaqq67DkCP9iD,stop,6.288554098457098,1,ok,,59f95c8f4c018d5855ce0be0a7c2eb4192470bd1e5c5e97fef4ee36d77ed5224,80fd2ca62f35d9dc7ca86a29b51a9139d686a096381e93789b3a31d7e74caca6,7b2ae35c5c70d5c7d338fbe03d52a63556e48c29d08e7ac56e145c4e773417c4,2026-08-09T04:08:19.192449+00:00
gmw:2026-06/24/content_38845066,美院毕业展别只看到“销冠”,55.0,2,internal_positive,B,固定 provider,4,20,Alibaba,deepseek/deepseek-v4-flash,False,message.content,20,20,,,gen-1786248572-XKaTvWBx1VW0AgjhgvfP,stop,5.105255503207445,1,ok,,59f95c8f4c018d5855ce0be0a7c2eb4192470bd1e5c5e97fef4ee36d77ed5224,80fd2ca62f35d9dc7ca86a29b51a9139d686a096381e93789b3a31d7e74caca6,7b2ae35c5c70d5c7d338fbe03d52a63556e48c29d08e7ac56e145c4e773417c4,2026-08-09T04:09:36.831469+00:00
gmw:2026-06/24/content_38845066,美院毕业展别只看到“销冠”,55.0,2,internal_positive,B,固定 provider,5,45,Alibaba,deepseek/deepseek-v4-flash,False,message.content,45,45,,,gen-1786248647-5JsTamjhLlDLqik7al6L,stop,6.022250801324844,1,ok,,59f95c8f4c018d5855ce0be0a7c2eb4192470bd1e5c5e97fef4ee36d77ed5224,80fd2ca62f35d9dc7ca86a29b51a9139d686a096381e93789b3a31d7e74caca6,7b2ae35c5c70d5c7d338fbe03d52a63556e48c29d08e7ac56e145c4e773417c4,2026-08-09T04:10:52.457666+00:00
gmw:2026-06/24/content_38845066,美院毕业展别只看到“销冠”,55.0,2,internal_positive,C,关闭 reasoning,1,65,Alibaba,deepseek/deepseek-v4-flash,False,message.content,65,65,,,gen-1786248658-knPf7lOBAEfI461KP1UT,stop,1.9881373010575771,1,ok,,59f95c8f4c018d5855ce0be0a7c2eb4192470bd1e5c5e97fef4ee36d77ed5224,80fd2ca62f35d9dc7ca86a29b51a9139d686a096381e93789b3a31d7e74caca6,dbfc0dd164bdf7e02402d81fe8879eb069525e74dda8d4209d652f391768ef34,2026-08-09T04:10:59.331572+00:00
gmw:2026-06/24/content_38845066,美院毕业展别只看到“销冠”,55.0,2,internal_positive,C,关闭 reasoning,2,75,Alibaba,deepseek/deepseek-v4-flash,False,message.content,75,75,,,gen-1786248523-KNEQ4Ne9ztSlHF9dtzz6,stop,1.7363109029829502,1,ok,,59f95c8f4c018d5855ce0be0a7c2eb4192470bd1e5c5e97fef4ee36d77ed5224,80fd2ca62f35d9dc7ca86a29b51a9139d686a096381e93789b3a31d7e74caca6,dbfc0dd164bdf7e02402d81fe8879eb069525e74dda8d4209d652f391768ef34,2026-08-09T04:08:44.098602+00:00
gmw:2026-06/24/content_38845066,美院毕业展别只看到“销冠”,55.0,2,internal_positive,C,关闭 reasoning,3,20,Alibaba,deepseek/deepseek-v4-flash,False,message.content,20,20,,,gen-1786248554-h60htZvf55oSpoHWin4c,stop,6.910834401845932,1,ok,,59f95c8f4c018d5855ce0be0a7c2eb4192470bd1e5c5e97fef4ee36d77ed5224,80fd2ca62f35d9dc7ca86a29b51a9139d686a096381e93789b3a31d7e74caca6,dbfc0dd164bdf7e02402d81fe8879eb069525e74dda8d4209d652f391768ef34,2026-08-09T04:09:20.325776+00:00
gmw:2026-06/24/content_38845066,美院毕业展别只看到“销冠”,55.0,2,internal_positive,C,关闭 reasoning,4,20,Alibaba,deepseek/deepseek-v4-flash,False,message.content,20,20,,,gen-1786248624-pT26qCXFIAVYz2R6FdLT,stop,1.7720072008669376,1,ok,,59f95c8f4c018d5855ce0be0a7c2eb4192470bd1e5c5e97fef4ee36d77ed5224,80fd2ca62f35d9dc7ca86a29b51a9139d686a096381e93789b3a31d7e74caca6,dbfc0dd164bdf7e02402d81fe8879eb069525e74dda8d4209d652f391768ef34,2026-08-09T04:10:24.771482+00:00
gmw:2026-06/24/content_38845066,美院毕业展别只看到“销冠”,55.0,2,internal_positive,C,关闭 reasoning,5,75,Alibaba,deepseek/deepseek-v4-flash,False,message.content,75,75,,,gen-1786248547-ZvNTyNDs3FTQQPBTdErK,stop,1.3377513997256756,1,ok,,59f95c8f4c018d5855ce0be0a7c2eb4192470bd1e5c5e97fef4ee36d77ed5224,80fd2ca62f35d9dc7ca86a29b51a9139d686a096381e93789b3a31d7e74caca6,dbfc0dd164bdf7e02402d81fe8879eb069525e74dda8d4209d652f391768ef34,2026-08-09T04:09:07.869113+00:00
gmw:2026-06/24/content_38845066,美院毕业展别只看到“销冠”,55.0,2,internal_positive,D,固定 provider + 关闭 reasoning,1,75,Alibaba,deepseek/deepseek-v4-flash,False,message.content,75,75,,,gen-1786248553-GVeeLtiqqWDY3BkZzS45,stop,1.640368603169918,1,ok,,59f95c8f4c018d5855ce0be0a7c2eb4192470bd1e5c5e97fef4ee36d77ed5224,80fd2ca62f35d9dc7ca86a29b51a9139d686a096381e93789b3a31d7e74caca6,94ed3cdab8c0e4fe0e8c05a96397f04909318366c83e804ea5bbc487501843a2,2026-08-09T04:09:13.960730+00:00
gmw:2026-06/24/content_38845066,美院毕业展别只看到“销冠”,55.0,2,internal_positive,D,固定 provider + 关闭 reasoning,2,75,Alibaba,deepseek/deepseek-v4-flash,False,message.content,75,75,,,gen-1786248602-isbXEZsFxoaaCP3wSjCg,stop,2.0524576008319855,1,ok,,59f95c8f4c018d5855ce0be0a7c2eb4192470bd1e5c5e97fef4ee36d77ed5224,80fd2ca62f35d9dc7ca86a29b51a9139d686a096381e93789b3a31d7e74caca6,94ed3cdab8c0e4fe0e8c05a96397f04909318366c83e804ea5bbc487501843a2,2026-08-09T04:10:03.435351+00:00
gmw:2026-06/24/content_38845066,美院毕业展别只看到“销冠”,55.0,2,internal_positive,D,固定 provider + 关闭 reasoning,3,65,Alibaba,deepseek/deepseek-v4-flash,False,message.content,65,65,,,gen-1786248482-LzYYs4YaMx4tFBXkAoAH,stop,1.8486850000917912,1,ok,,59f95c8f4c018d5855ce0be0a7c2eb4192470bd1e5c5e97fef4ee36d77ed5224,80fd2ca62f35d9dc7ca86a29b51a9139d686a096381e93789b3a31d7e74caca6,94ed3cdab8c0e4fe0e8c05a96397f04909318366c83e804ea5bbc487501843a2,2026-08-09T04:08:03.243928+00:00
gmw:2026-06/24/content_38845066,美院毕业展别只看到“销冠”,55.0,2,internal_positive,D,固定 provider + 关闭 reasoning,4,50,Alibaba,deepseek/deepseek-v4-flash,False,message.content,50,50,,,gen-1786248600-LQ2ut7tZ8y9YKBEt0fMH,stop,1.9422696009278297,1,ok,,59f95c8f4c018d5855ce0be0a7c2eb4192470bd1e5c5e97fef4ee36d77ed5224,80fd2ca62f35d9dc7ca86a29b51a9139d686a096381e93789b3a31d7e74caca6,94ed3cdab8c0e4fe0e8c05a96397f04909318366c83e804ea5bbc487501843a2,2026-08-09T04:10:01.273904+00:00
gmw:2026-06/24/content_38845066,美院毕业展别只看到“销冠”,55.0,2,internal_positive,D,固定 provider + 关闭 reasoning,5,20,Alibaba,deepseek/deepseek-v4-flash,False,message.content,20,20,,,gen-1786248515-HPcuC71HIX9aloSCtvJd,stop,1.7375388033688068,1,ok,,59f95c8f4c018d5855ce0be0a7c2eb4192470bd1e5c5e97fef4ee36d77ed5224,80fd2ca62f35d9dc7ca86a29b51a9139d686a096381e93789b3a31d7e74caca6,94ed3cdab8c0e4fe0e8c05a96397f04909318366c83e804ea5bbc487501843a2,2026-08-09T04:08:36.058614+00:00
jyb:/rmtxwwyyq/jyxx1306/202607/t20260706_2111499339,四川老年学学会老年健康教育专委会第三次学术会议在达州召开,60.0,3,external_positive,A,生产基线,1,40,Alibaba,deepseek/deepseek-v4-flash,False,message.content,40,40,,,gen-1786248611-eDxbRK24D2bwu3dQZV3Q,stop,4.843222800642252,1,ok,,07cde67d12c4b9b686ab76f87f86ee3f41c0afdad4238f2634667b6562212aba,ae1e2b1dbffe430bfba7a33dbfae814efe66ee8538f7c09038d2017d5dff4750,9c02115a68a37c83b993d39ffab280dd231042fc2e5e6d5198775956667394a1,2026-08-09T04:10:15.262765+00:00
jyb:/rmtxwwyyq/jyxx1306/202607/t20260706_2111499339,四川老年学学会老年健康教育专委会第三次学术会议在达州召开,60.0,3,external_positive,A,生产基线,2,55,Alibaba,deepseek/deepseek-v4-flash,False,message.content,55,55,,,gen-1786248463-dh0REUu90DGHF1sIjofL,stop,5.015453297644854,1,ok,,07cde67d12c4b9b686ab76f87f86ee3f41c0afdad4238f2634667b6562212aba,ae1e2b1dbffe430bfba7a33dbfae814efe66ee8538f7c09038d2017d5dff4750,9c02115a68a37c83b993d39ffab280dd231042fc2e5e6d5198775956667394a1,2026-08-09T04:07:47.401234+00:00
jyb:/rmtxwwyyq/jyxx1306/202607/t20260706_2111499339,四川老年学学会老年健康教育专委会第三次学术会议在达州召开,60.0,3,external_positive,A,生产基线,3,45,Alibaba,deepseek/deepseek-v4-flash,False,message.content,45,45,,,gen-1786248548-XcDHKoBQGkKM9vVMChjV,stop,4.211466699838638,1,ok,,07cde67d12c4b9b686ab76f87f86ee3f41c0afdad4238f2634667b6562212aba,ae1e2b1dbffe430bfba7a33dbfae814efe66ee8538f7c09038d2017d5dff4750,9c02115a68a37c83b993d39ffab280dd231042fc2e5e6d5198775956667394a1,2026-08-09T04:09:11.798684+00:00
jyb:/rmtxwwyyq/jyxx1306/202607/t20260706_2111499339,四川老年学学会老年健康教育专委会第三次学术会议在达州召开,60.0,3,external_positive,A,生产基线,4,55,Alibaba,deepseek/deepseek-v4-flash,False,message.content,55,55,,,gen-1786248653-KgK4j3WzdjW6RcDpf2ea,stop,4.746325101703405,1,ok,,07cde67d12c4b9b686ab76f87f86ee3f41c0afdad4238f2634667b6562212aba,ae1e2b1dbffe430bfba7a33dbfae814efe66ee8538f7c09038d2017d5dff4750,9c02115a68a37c83b993d39ffab280dd231042fc2e5e6d5198775956667394a1,2026-08-09T04:10:56.864145+00:00
jyb:/rmtxwwyyq/jyxx1306/202607/t20260706_2111499339,四川老年学学会老年健康教育专委会第三次学术会议在达州召开,60.0,3,external_positive,A,生产基线,5,45,Alibaba,deepseek/deepseek-v4-flash,False,message.content,45,45,,,gen-1786248458-w3kIabRPhcKChX0VUYan,stop,5.395778402686119,1,ok,,07cde67d12c4b9b686ab76f87f86ee3f41c0afdad4238f2634667b6562212aba,ae1e2b1dbffe430bfba7a33dbfae814efe66ee8538f7c09038d2017d5dff4750,9c02115a68a37c83b993d39ffab280dd231042fc2e5e6d5198775956667394a1,2026-08-09T04:07:42.861358+00:00
jyb:/rmtxwwyyq/jyxx1306/202607/t20260706_2111499339,四川老年学学会老年健康教育专委会第三次学术会议在达州召开,60.0,3,external_positive,B,固定 provider,1,45,Alibaba,deepseek/deepseek-v4-flash,False,message.content,45,45,,,gen-1786248630-MdYNYun7cH8Gka0DSdWL,stop,4.725731700658798,1,ok,,07cde67d12c4b9b686ab76f87f86ee3f41c0afdad4238f2634667b6562212aba,ae1e2b1dbffe430bfba7a33dbfae814efe66ee8538f7c09038d2017d5dff4750,36f2368292cf32011ad86007dee24a68c3d5344765ef63e3556f25e340f3f443,2026-08-09T04:10:34.146990+00:00
jyb:/rmtxwwyyq/jyxx1306/202607/t20260706_2111499339,四川老年学学会老年健康教育专委会第三次学术会议在达州召开,60.0,3,external_positive,B,固定 provider,2,45,Alibaba,deepseek/deepseek-v4-flash,False,message.content,45,45,,,gen-1786248685-cT51BL4BKt7NvMKA56xs,stop,4.313306000083685,1,ok,,07cde67d12c4b9b686ab76f87f86ee3f41c0afdad4238f2634667b6562212aba,ae1e2b1dbffe430bfba7a33dbfae814efe66ee8538f7c09038d2017d5dff4750,36f2368292cf32011ad86007dee24a68c3d5344765ef63e3556f25e340f3f443,2026-08-09T04:11:29.220711+00:00
jyb:/rmtxwwyyq/jyxx1306/202607/t20260706_2111499339,四川老年学学会老年健康教育专委会第三次学术会议在达州召开,60.0,3,external_positive,B,固定 provider,3,55,Alibaba,deepseek/deepseek-v4-flash,False,message.content,55,55,,,gen-1786248629-TD1UyIeAbFjwUGdJ7b0r,stop,5.393996302038431,1,ok,,07cde67d12c4b9b686ab76f87f86ee3f41c0afdad4238f2634667b6562212aba,ae1e2b1dbffe430bfba7a33dbfae814efe66ee8538f7c09038d2017d5dff4750,36f2368292cf32011ad86007dee24a68c3d5344765ef63e3556f25e340f3f443,2026-08-09T04:10:33.598908+00:00
jyb:/rmtxwwyyq/jyxx1306/202607/t20260706_2111499339,四川老年学学会老年健康教育专委会第三次学术会议在达州召开,60.0,3,external_positive,B,固定 provider,4,50,Alibaba,deepseek/deepseek-v4-flash,False,message.content,50,50,,,gen-1786248512-VGcQT2jJ5Wb6FKBtRycF,stop,4.712404299527407,1,ok,,07cde67d12c4b9b686ab76f87f86ee3f41c0afdad4238f2634667b6562212aba,ae1e2b1dbffe430bfba7a33dbfae814efe66ee8538f7c09038d2017d5dff4750,36f2368292cf32011ad86007dee24a68c3d5344765ef63e3556f25e340f3f443,2026-08-09T04:08:36.491249+00:00
jyb:/rmtxwwyyq/jyxx1306/202607/t20260706_2111499339,四川老年学学会老年健康教育专委会第三次学术会议在达州召开,60.0,3,external_positive,B,固定 provider,5,55,Alibaba,deepseek/deepseek-v4-flash,False,message.content,55,55,,,gen-1786248574-79QUfHp3g0qvjmbYQnVX,stop,3.917052797973156,1,ok,,07cde67d12c4b9b686ab76f87f86ee3f41c0afdad4238f2634667b6562212aba,ae1e2b1dbffe430bfba7a33dbfae814efe66ee8538f7c09038d2017d5dff4750,36f2368292cf32011ad86007dee24a68c3d5344765ef63e3556f25e340f3f443,2026-08-09T04:09:37.100930+00:00
jyb:/rmtxwwyyq/jyxx1306/202607/t20260706_2111499339,四川老年学学会老年健康教育专委会第三次学术会议在达州召开,60.0,3,external_positive,C,关闭 reasoning,1,75,Alibaba,deepseek/deepseek-v4-flash,False,message.content,75,75,,,gen-1786248564-PH8gW8m6evkwHupm0Qxu,stop,2.0653226003050804,1,ok,,07cde67d12c4b9b686ab76f87f86ee3f41c0afdad4238f2634667b6562212aba,ae1e2b1dbffe430bfba7a33dbfae814efe66ee8538f7c09038d2017d5dff4750,4495420956e578dfac7d7ebf9ef5053d732301b4e5e16595ea44b4724a55c3ff,2026-08-09T04:09:25.587028+00:00
jyb:/rmtxwwyyq/jyxx1306/202607/t20260706_2111499339,四川老年学学会老年健康教育专委会第三次学术会议在达州召开,60.0,3,external_positive,C,关闭 reasoning,2,75,Alibaba,deepseek/deepseek-v4-flash,False,message.content,75,75,,,gen-1786248556-3sc08jy70NSC9VIPuch5,stop,1.732226900756359,1,ok,,07cde67d12c4b9b686ab76f87f86ee3f41c0afdad4238f2634667b6562212aba,ae1e2b1dbffe430bfba7a33dbfae814efe66ee8538f7c09038d2017d5dff4750,4495420956e578dfac7d7ebf9ef5053d732301b4e5e16595ea44b4724a55c3ff,2026-08-09T04:09:16.794892+00:00
jyb:/rmtxwwyyq/jyxx1306/202607/t20260706_2111499339,四川老年学学会老年健康教育专委会第三次学术会议在达州召开,60.0,3,external_positive,C,关闭 reasoning,3,55,Alibaba,deepseek/deepseek-v4-flash,False,message.content,55,55,,,gen-1786248581-6aEZ34BaISP5YMnR35j7,stop,1.7915522009134293,1,ok,,07cde67d12c4b9b686ab76f87f86ee3f41c0afdad4238f2634667b6562212aba,ae1e2b1dbffe430bfba7a33dbfae814efe66ee8538f7c09038d2017d5dff4750,4495420956e578dfac7d7ebf9ef5053d732301b4e5e16595ea44b4724a55c3ff,2026-08-09T04:09:42.318050+00:00
jyb:/rmtxwwyyq/jyxx1306/202607/t20260706_2111499339,四川老年学学会老年健康教育专委会第三次学术会议在达州召开,60.0,3,external_positive,C,关闭 reasoning,4,75,Alibaba,deepseek/deepseek-v4-flash,False,message.content,75,75,,,gen-1786248523-KXFMHGcX7mZ3mblM4o8U,stop,1.6491004973649979,1,ok,,07cde67d12c4b9b686ab76f87f86ee3f41c0afdad4238f2634667b6562212aba,ae1e2b1dbffe430bfba7a33dbfae814efe66ee8538f7c09038d2017d5dff4750,4495420956e578dfac7d7ebf9ef5053d732301b4e5e16595ea44b4724a55c3ff,2026-08-09T04:08:44.101498+00:00
jyb:/rmtxwwyyq/jyxx1306/202607/t20260706_2111499339,四川老年学学会老年健康教育专委会第三次学术会议在达州召开,60.0,3,external_positive,C,关闭 reasoning,5,75,Alibaba,deepseek/deepseek-v4-flash,False,message.content,75,75,,,gen-1786248572-qv9WofxxUuX4sxB7Gmqv,stop,1.961847897619009,1,ok,,07cde67d12c4b9b686ab76f87f86ee3f41c0afdad4238f2634667b6562212aba,ae1e2b1dbffe430bfba7a33dbfae814efe66ee8538f7c09038d2017d5dff4750,4495420956e578dfac7d7ebf9ef5053d732301b4e5e16595ea44b4724a55c3ff,2026-08-09T04:09:32.902335+00:00
jyb:/rmtxwwyyq/jyxx1306/202607/t20260706_2111499339,四川老年学学会老年健康教育专委会第三次学术会议在达州召开,60.0,3,external_positive,D,固定 provider + 关闭 reasoning,1,75,Alibaba,deepseek/deepseek-v4-flash,False,message.content,75,75,,,gen-1786248586-wVwrpkKsV2gTGo0EUiQe,stop,1.8392768017947674,1,ok,,07cde67d12c4b9b686ab76f87f86ee3f41c0afdad4238f2634667b6562212aba,ae1e2b1dbffe430bfba7a33dbfae814efe66ee8538f7c09038d2017d5dff4750,6208d1854884fb91c9bc74bc8aa50feea7cfed213d706cc6b966a2fbf2754387,2026-08-09T04:09:46.868231+00:00
jyb:/rmtxwwyyq/jyxx1306/202607/t20260706_2111499339,四川老年学学会老年健康教育专委会第三次学术会议在达州召开,60.0,3,external_positive,D,固定 provider + 关闭 reasoning,2,75,Alibaba,deepseek/deepseek-v4-flash,False,message.content,75,75,,,gen-1786248496-7ru9u8mTv61Nez6a9pje,stop,1.9542604982852936,1,ok,,07cde67d12c4b9b686ab76f87f86ee3f41c0afdad4238f2634667b6562212aba,ae1e2b1dbffe430bfba7a33dbfae814efe66ee8538f7c09038d2017d5dff4750,6208d1854884fb91c9bc74bc8aa50feea7cfed213d706cc6b966a2fbf2754387,2026-08-09T04:08:16.987807+00:00
jyb:/rmtxwwyyq/jyxx1306/202607/t20260706_2111499339,四川老年学学会老年健康教育专委会第三次学术会议在达州召开,60.0,3,external_positive,D,固定 provider + 关闭 reasoning,3,75,Alibaba,deepseek/deepseek-v4-flash,False,message.content,75,75,,,gen-1786248592-c0nRMFV5vEzS4FQPfkcC,stop,1.6493849009275436,1,ok,,07cde67d12c4b9b686ab76f87f86ee3f41c0afdad4238f2634667b6562212aba,ae1e2b1dbffe430bfba7a33dbfae814efe66ee8538f7c09038d2017d5dff4750,6208d1854884fb91c9bc74bc8aa50feea7cfed213d706cc6b966a2fbf2754387,2026-08-09T04:09:53.453978+00:00
jyb:/rmtxwwyyq/jyxx1306/202607/t20260706_2111499339,四川老年学学会老年健康教育专委会第三次学术会议在达州召开,60.0,3,external_positive,D,固定 provider + 关闭 reasoning,4,75,Alibaba,deepseek/deepseek-v4-flash,False,message.content,75,75,,,gen-1786248658-ihwcZpdi0lHWuH8fn8LY,stop,1.9167814999818802,1,ok,,07cde67d12c4b9b686ab76f87f86ee3f41c0afdad4238f2634667b6562212aba,ae1e2b1dbffe430bfba7a33dbfae814efe66ee8538f7c09038d2017d5dff4750,6208d1854884fb91c9bc74bc8aa50feea7cfed213d706cc6b966a2fbf2754387,2026-08-09T04:10:59.516857+00:00
jyb:/rmtxwwyyq/jyxx1306/202607/t20260706_2111499339,四川老年学学会老年健康教育专委会第三次学术会议在达州召开,60.0,3,external_positive,D,固定 provider + 关闭 reasoning,5,75,Alibaba,deepseek/deepseek-v4-flash,False,message.content,75,75,,,gen-1786248557-afo5l8lqk0NKcoofqCRd,stop,1.6096005998551846,1,ok,,07cde67d12c4b9b686ab76f87f86ee3f41c0afdad4238f2634667b6562212aba,ae1e2b1dbffe430bfba7a33dbfae814efe66ee8538f7c09038d2017d5dff4750,6208d1854884fb91c9bc74bc8aa50feea7cfed213d706cc6b966a2fbf2754387,2026-08-09T04:09:18.405862+00:00
jyb:/rmtzgjyb/202605/t20260521_2111481014,习近平同俄罗斯总统普京共同出席“中俄教育年”开幕式并致辞,95.0,4,internal_positive,A,生产基线,1,95,Alibaba,deepseek/deepseek-v4-flash,False,message.content,95,95,,,gen-1786248648-8b7xPKr9GYkvibzSY4Ti,stop,6.988198198378086,1,ok,,76fc37e1e2a5c8c8118028f3307b81ebe3720140de3b5deb20d9d76248e6c8fa,eb72bf2675db7537da0e10a81c433c6a32b7a2a67150ed41fd79939f2338e9fe,6abd8f29d4d13e52e1b8e26890634378b0e75432f82bfc84ef15b64315b251f8,2026-08-09T04:10:54.056557+00:00
jyb:/rmtzgjyb/202605/t20260521_2111481014,习近平同俄罗斯总统普京共同出席“中俄教育年”开幕式并致辞,95.0,4,internal_positive,A,生产基线,2,84,Alibaba,deepseek/deepseek-v4-flash,False,message.content,84,84,,,gen-1786248547-ZTq4vHqHJESkOhovV2cT,stop,13.144992798566818,1,ok,,76fc37e1e2a5c8c8118028f3307b81ebe3720140de3b5deb20d9d76248e6c8fa,eb72bf2675db7537da0e10a81c433c6a32b7a2a67150ed41fd79939f2338e9fe,6abd8f29d4d13e52e1b8e26890634378b0e75432f82bfc84ef15b64315b251f8,2026-08-09T04:09:18.975414+00:00
jyb:/rmtzgjyb/202605/t20260521_2111481014,习近平同俄罗斯总统普京共同出席“中俄教育年”开幕式并致辞,95.0,4,internal_positive,A,生产基线,3,98,Alibaba,deepseek/deepseek-v4-flash,False,message.content,98,98,,,gen-1786248622-kJY3HTWIjdnp6gkzoiyG,stop,4.997071102261543,1,ok,,76fc37e1e2a5c8c8118028f3307b81ebe3720140de3b5deb20d9d76248e6c8fa,eb72bf2675db7537da0e10a81c433c6a32b7a2a67150ed41fd79939f2338e9fe,6abd8f29d4d13e52e1b8e26890634378b0e75432f82bfc84ef15b64315b251f8,2026-08-09T04:10:26.301145+00:00
jyb:/rmtzgjyb/202605/t20260521_2111481014,习近平同俄罗斯总统普京共同出席“中俄教育年”开幕式并致辞,95.0,4,internal_positive,A,生产基线,4,100,Alibaba,deepseek/deepseek-v4-flash,False,message.content,100,100,,,gen-1786248617-DyN5sxpccGI5qsDzA2A3,stop,6.676085397601128,1,ok,,76fc37e1e2a5c8c8118028f3307b81ebe3720140de3b5deb20d9d76248e6c8fa,eb72bf2675db7537da0e10a81c433c6a32b7a2a67150ed41fd79939f2338e9fe,6abd8f29d4d13e52e1b8e26890634378b0e75432f82bfc84ef15b64315b251f8,2026-08-09T04:10:22.998172+00:00
jyb:/rmtzgjyb/202605/t20260521_2111481014,习近平同俄罗斯总统普京共同出席“中俄教育年”开幕式并致辞,95.0,4,internal_positive,A,生产基线,5,100,Alibaba,deepseek/deepseek-v4-flash,False,message.content,100,100,,,gen-1786248671-OOz6awq46OLUXqDPjDN5,stop,5.953808598220348,1,ok,,76fc37e1e2a5c8c8118028f3307b81ebe3720140de3b5deb20d9d76248e6c8fa,eb72bf2675db7537da0e10a81c433c6a32b7a2a67150ed41fd79939f2338e9fe,6abd8f29d4d13e52e1b8e26890634378b0e75432f82bfc84ef15b64315b251f8,2026-08-09T04:11:16.053432+00:00
jyb:/rmtzgjyb/202605/t20260521_2111481014,习近平同俄罗斯总统普京共同出席“中俄教育年”开幕式并致辞,95.0,4,internal_positive,B,固定 provider,1,95,Alibaba,deepseek/deepseek-v4-flash,False,message.content,95,95,,,gen-1786248602-UoC6NMCjJdVGP5zv3NYw,stop,5.028464000672102,1,ok,,76fc37e1e2a5c8c8118028f3307b81ebe3720140de3b5deb20d9d76248e6c8fa,eb72bf2675db7537da0e10a81c433c6a32b7a2a67150ed41fd79939f2338e9fe,968336ace0189e2fc9aab3ebc6c80b44e41b34261799d12094a7b85fdd6e8bf3,2026-08-09T04:10:06.435916+00:00
jyb:/rmtzgjyb/202605/t20260521_2111481014,习近平同俄罗斯总统普京共同出席“中俄教育年”开幕式并致辞,95.0,4,internal_positive,B,固定 provider,2,100,Alibaba,deepseek/deepseek-v4-flash,False,message.content,100,100,,,gen-1786248670-L67C2FBuTJMLlCF3AqKT,stop,5.008550498634577,1,ok,,76fc37e1e2a5c8c8118028f3307b81ebe3720140de3b5deb20d9d76248e6c8fa,eb72bf2675db7537da0e10a81c433c6a32b7a2a67150ed41fd79939f2338e9fe,968336ace0189e2fc9aab3ebc6c80b44e41b34261799d12094a7b85fdd6e8bf3,2026-08-09T04:11:14.862773+00:00
jyb:/rmtzgjyb/202605/t20260521_2111481014,习近平同俄罗斯总统普京共同出席“中俄教育年”开幕式并致辞,95.0,4,internal_positive,B,固定 provider,3,84,Alibaba,deepseek/deepseek-v4-flash,False,message.content,84,84,,,gen-1786248604-f1sA66RZnuRVMVkdqq93,stop,10.178107403218746,1,ok,,76fc37e1e2a5c8c8118028f3307b81ebe3720140de3b5deb20d9d76248e6c8fa,eb72bf2675db7537da0e10a81c433c6a32b7a2a67150ed41fd79939f2338e9fe,968336ace0189e2fc9aab3ebc6c80b44e41b34261799d12094a7b85fdd6e8bf3,2026-08-09T04:10:14.212075+00:00
jyb:/rmtzgjyb/202605/t20260521_2111481014,习近平同俄罗斯总统普京共同出席“中俄教育年”开幕式并致辞,95.0,4,internal_positive,B,固定 provider,4,95,Alibaba,deepseek/deepseek-v4-flash,False,message.content,95,95,,,gen-1786248554-KSRXMNHrFXhyWU2C0FhO,stop,10.028371401131153,1,ok,,76fc37e1e2a5c8c8118028f3307b81ebe3720140de3b5deb20d9d76248e6c8fa,eb72bf2675db7537da0e10a81c433c6a32b7a2a67150ed41fd79939f2338e9fe,968336ace0189e2fc9aab3ebc6c80b44e41b34261799d12094a7b85fdd6e8bf3,2026-08-09T04:09:23.365135+00:00
jyb:/rmtzgjyb/202605/t20260521_2111481014,习近平同俄罗斯总统普京共同出席“中俄教育年”开幕式并致辞,95.0,4,internal_positive,B,固定 provider,5,80,Alibaba,deepseek/deepseek-v4-flash,False,message.content,80,80,,,gen-1786248685-qq7RLPbzBlN1BS7E6KE6,stop,12.53782419860363,1,ok,,76fc37e1e2a5c8c8118028f3307b81ebe3720140de3b5deb20d9d76248e6c8fa,eb72bf2675db7537da0e10a81c433c6a32b7a2a67150ed41fd79939f2338e9fe,968336ace0189e2fc9aab3ebc6c80b44e41b34261799d12094a7b85fdd6e8bf3,2026-08-09T04:11:36.760114+00:00
jyb:/rmtzgjyb/202605/t20260521_2111481014,习近平同俄罗斯总统普京共同出席“中俄教育年”开幕式并致辞,95.0,4,internal_positive,C,关闭 reasoning,1,95,Alibaba,deepseek/deepseek-v4-flash,False,message.content,95,95,,,gen-1786248634-SBFt892nKFZvCYd7uFqY,stop,1.9750430025160313,1,ok,,76fc37e1e2a5c8c8118028f3307b81ebe3720140de3b5deb20d9d76248e6c8fa,eb72bf2675db7537da0e10a81c433c6a32b7a2a67150ed41fd79939f2338e9fe,29db6f0acc35923791631e4472cdfbc680a098ebc33e8730ca1c9301d2891723,2026-08-09T04:10:35.575424+00:00
jyb:/rmtzgjyb/202605/t20260521_2111481014,习近平同俄罗斯总统普京共同出席“中俄教育年”开幕式并致辞,95.0,4,internal_positive,C,关闭 reasoning,2,95,Alibaba,deepseek/deepseek-v4-flash,False,message.content,95,95,,,gen-1786248552-kBm1R0jlUzZWcjWopoiX,stop,1.981792401522398,1,ok,,76fc37e1e2a5c8c8118028f3307b81ebe3720140de3b5deb20d9d76248e6c8fa,eb72bf2675db7537da0e10a81c433c6a32b7a2a67150ed41fd79939f2338e9fe,29db6f0acc35923791631e4472cdfbc680a098ebc33e8730ca1c9301d2891723,2026-08-09T04:09:13.335346+00:00
jyb:/rmtzgjyb/202605/t20260521_2111481014,习近平同俄罗斯总统普京共同出席“中俄教育年”开幕式并致辞,95.0,4,internal_positive,C,关闭 reasoning,3,95,Alibaba,deepseek/deepseek-v4-flash,False,message.content,95,95,,,gen-1786248524-1guIcVHG1RBFc00CNAAx,stop,2.0815686024725437,1,ok,,76fc37e1e2a5c8c8118028f3307b81ebe3720140de3b5deb20d9d76248e6c8fa,eb72bf2675db7537da0e10a81c433c6a32b7a2a67150ed41fd79939f2338e9fe,29db6f0acc35923791631e4472cdfbc680a098ebc33e8730ca1c9301d2891723,2026-08-09T04:08:45.207164+00:00
jyb:/rmtzgjyb/202605/t20260521_2111481014,习近平同俄罗斯总统普京共同出席“中俄教育年”开幕式并致辞,95.0,4,internal_positive,C,关闭 reasoning,4,95,Alibaba,deepseek/deepseek-v4-flash,False,message.content,95,95,,,gen-1786248484-I2V38PbGmzwsl6p3bSni,stop,1.7773742973804474,1,ok,,76fc37e1e2a5c8c8118028f3307b81ebe3720140de3b5deb20d9d76248e6c8fa,eb72bf2675db7537da0e10a81c433c6a32b7a2a67150ed41fd79939f2338e9fe,29db6f0acc35923791631e4472cdfbc680a098ebc33e8730ca1c9301d2891723,2026-08-09T04:08:05.022692+00:00
jyb:/rmtzgjyb/202605/t20260521_2111481014,习近平同俄罗斯总统普京共同出席“中俄教育年”开幕式并致辞,95.0,4,internal_positive,C,关闭 reasoning,5,95,Alibaba,deepseek/deepseek-v4-flash,False,message.content,95,95,,,gen-1786248639-qWvXrCAGLZ3uCPgkXxkk,stop,2.0574113987386227,1,ok,,76fc37e1e2a5c8c8118028f3307b81ebe3720140de3b5deb20d9d76248e6c8fa,eb72bf2675db7537da0e10a81c433c6a32b7a2a67150ed41fd79939f2338e9fe,29db6f0acc35923791631e4472cdfbc680a098ebc33e8730ca1c9301d2891723,2026-08-09T04:10:40.078939+00:00
jyb:/rmtzgjyb/202605/t20260521_2111481014,习近平同俄罗斯总统普京共同出席“中俄教育年”开幕式并致辞,95.0,4,internal_positive,D,固定 provider + 关闭 reasoning,1,95,Alibaba,deepseek/deepseek-v4-flash,False,message.content,95,95,,,gen-1786248616-yYxAnf0SvxlNQyM39LrK,stop,1.5584891997277737,1,ok,,76fc37e1e2a5c8c8118028f3307b81ebe3720140de3b5deb20d9d76248e6c8fa,eb72bf2675db7537da0e10a81c433c6a32b7a2a67150ed41fd79939f2338e9fe,61096c5796a7767c156496f5a81f055b3d45239ad29d85f8cff503ca7a7252ab,2026-08-09T04:10:16.563143+00:00
jyb:/rmtzgjyb/202605/t20260521_2111481014,习近平同俄罗斯总统普京共同出席“中俄教育年”开幕式并致辞,95.0,4,internal_positive,D,固定 provider + 关闭 reasoning,2,95,Alibaba,deepseek/deepseek-v4-flash,False,message.content,95,95,,,gen-1786248591-OC8K9aONp07OxQYoHLVQ,stop,2.048418901860714,1,ok,,76fc37e1e2a5c8c8118028f3307b81ebe3720140de3b5deb20d9d76248e6c8fa,eb72bf2675db7537da0e10a81c433c6a32b7a2a67150ed41fd79939f2338e9fe,61096c5796a7767c156496f5a81f055b3d45239ad29d85f8cff503ca7a7252ab,2026-08-09T04:09:52.568993+00:00
jyb:/rmtzgjyb/202605/t20260521_2111481014,习近平同俄罗斯总统普京共同出席“中俄教育年”开幕式并致辞,95.0,4,internal_positive,D,固定 provider + 关闭 reasoning,3,95,Alibaba,deepseek/deepseek-v4-flash,False,message.content,95,95,,,gen-1786248519-tuJG681eyDuC2aaa8hQq,stop,1.6210291013121605,1,ok,,76fc37e1e2a5c8c8118028f3307b81ebe3720140de3b5deb20d9d76248e6c8fa,eb72bf2675db7537da0e10a81c433c6a32b7a2a67150ed41fd79939f2338e9fe,61096c5796a7767c156496f5a81f055b3d45239ad29d85f8cff503ca7a7252ab,2026-08-09T04:08:39.621453+00:00
jyb:/rmtzgjyb/202605/t20260521_2111481014,习近平同俄罗斯总统普京共同出席“中俄教育年”开幕式并致辞,95.0,4,internal_positive,D,固定 provider + 关闭 reasoning,4,95,Alibaba,deepseek/deepseek-v4-flash,False,message.content,95,95,,,gen-1786248688-cjmKuu09tLus1BsX4tFp,stop,1.5702489018440247,1,ok,,76fc37e1e2a5c8c8118028f3307b81ebe3720140de3b5deb20d9d76248e6c8fa,eb72bf2675db7537da0e10a81c433c6a32b7a2a67150ed41fd79939f2338e9fe,61096c5796a7767c156496f5a81f055b3d45239ad29d85f8cff503ca7a7252ab,2026-08-09T04:11:29.541124+00:00
jyb:/rmtzgjyb/202605/t20260521_2111481014,习近平同俄罗斯总统普京共同出席“中俄教育年”开幕式并致辞,95.0,4,internal_positive,D,固定 provider + 关闭 reasoning,5,95,Alibaba,deepseek/deepseek-v4-flash,False,message.content,95,95,,,gen-1786248494-NcEz0LAo9DLOZ7Kj6kav,stop,1.8289866000413895,1,ok,,76fc37e1e2a5c8c8118028f3307b81ebe3720140de3b5deb20d9d76248e6c8fa,eb72bf2675db7537da0e10a81c433c6a32b7a2a67150ed41fd79939f2338e9fe,61096c5796a7767c156496f5a81f055b3d45239ad29d85f8cff503ca7a7252ab,2026-08-09T04:08:14.829050+00:00
qianlong:2026/0623/8686828,@高考生：北京市高考成绩查询指南,55.0,2,internal_positive,A,生产基线,1,25,Alibaba,deepseek/deepseek-v4-flash,False,message.content,25,25,,,gen-1786248639-p6xPECxGRcvUXHDL5j5W,stop,5.796283703297377,1,ok,,3bdb93014f258958cb0aec39fdeab1beefa9c210afa211fbf5935605b1f7dcf2,42f41898bc7657fbdc6af02e7c455e2af4fa43ce7b23cbd4aff426bb7e2c23e2,5fb4ed5fd5667406630c3534f54b8a65b6693790acfb5077a1f5e90bb55c2074,2026-08-09T04:10:44.077461+00:00
qianlong:2026/0623/8686828,@高考生：北京市高考成绩查询指南,55.0,2,internal_positive,A,生产基线,2,45,Alibaba,deepseek/deepseek-v4-flash,False,message.content,45,45,,,gen-1786248540-A2leeKShfINeMdxpnReT,stop,7.701147601008415,1,ok,,3bdb93014f258958cb0aec39fdeab1beefa9c210afa211fbf5935605b1f7dcf2,42f41898bc7657fbdc6af02e7c455e2af4fa43ce7b23cbd4aff426bb7e2c23e2,5fb4ed5fd5667406630c3534f54b8a65b6693790acfb5077a1f5e90bb55c2074,2026-08-09T04:09:07.585845+00:00
qianlong:2026/0623/8686828,@高考生：北京市高考成绩查询指南,55.0,2,internal_positive,A,生产基线,3,45,Alibaba,deepseek/deepseek-v4-flash,False,message.content,45,45,,,gen-1786248594-3LycwIHzinb4c3oZVLwR,stop,7.780164800584316,1,ok,,3bdb93014f258958cb0aec39fdeab1beefa9c210afa211fbf5935605b1f7dcf2,42f41898bc7657fbdc6af02e7c455e2af4fa43ce7b23cbd4aff426bb7e2c23e2,5fb4ed5fd5667406630c3534f54b8a65b6693790acfb5077a1f5e90bb55c2074,2026-08-09T04:10:01.235528+00:00
qianlong:2026/0623/8686828,@高考生：北京市高考成绩查询指南,55.0,2,internal_positive,A,生产基线,4,35,Alibaba,deepseek/deepseek-v4-flash,False,message.content,35,35,,,gen-1786248682-ZQrJqNKT772XRDfpJvX2,stop,4.589039199054241,1,ok,,3bdb93014f258958cb0aec39fdeab1beefa9c210afa211fbf5935605b1f7dcf2,42f41898bc7657fbdc6af02e7c455e2af4fa43ce7b23cbd4aff426bb7e2c23e2,5fb4ed5fd5667406630c3534f54b8a65b6693790acfb5077a1f5e90bb55c2074,2026-08-09T04:11:26.186907+00:00
qianlong:2026/0623/8686828,@高考生：北京市高考成绩查询指南,55.0,2,internal_positive,A,生产基线,5,35,Alibaba,deepseek/deepseek-v4-flash,False,message.content,35,35,,,gen-1786248595-hYEt2IYqNsxYSBgYGSCj,stop,6.744284797459841,1,ok,,3bdb93014f258958cb0aec39fdeab1beefa9c210afa211fbf5935605b1f7dcf2,42f41898bc7657fbdc6af02e7c455e2af4fa43ce7b23cbd4aff426bb7e2c23e2,5fb4ed5fd5667406630c3534f54b8a65b6693790acfb5077a1f5e90bb55c2074,2026-08-09T04:10:01.371271+00:00
qianlong:2026/0623/8686828,@高考生：北京市高考成绩查询指南,55.0,2,internal_positive,B,固定 provider,1,40,Alibaba,deepseek/deepseek-v4-flash,False,message.content,40,40,,,gen-1786248477-aHbv7QY2BvvxwnCod44n,stop,5.507356498390436,1,ok,,3bdb93014f258958cb0aec39fdeab1beefa9c210afa211fbf5935605b1f7dcf2,42f41898bc7657fbdc6af02e7c455e2af4fa43ce7b23cbd4aff426bb7e2c23e2,3061496e5d6ccc8db02909ccc649495e30e98eaa959b4a6945c21aef327b08f5,2026-08-09T04:08:01.659281+00:00
qianlong:2026/0623/8686828,@高考生：北京市高考成绩查询指南,55.0,2,internal_positive,B,固定 provider,2,45,Alibaba,deepseek/deepseek-v4-flash,False,message.content,45,45,,,gen-1786248662-VC8tleaMv6YcWSDQZiX7,stop,4.43703880161047,1,ok,,3bdb93014f258958cb0aec39fdeab1beefa9c210afa211fbf5935605b1f7dcf2,42f41898bc7657fbdc6af02e7c455e2af4fa43ce7b23cbd4aff426bb7e2c23e2,3061496e5d6ccc8db02909ccc649495e30e98eaa959b4a6945c21aef327b08f5,2026-08-09T04:11:05.568499+00:00
qianlong:2026/0623/8686828,@高考生：北京市高考成绩查询指南,55.0,2,internal_positive,B,固定 provider,3,30,Alibaba,deepseek/deepseek-v4-flash,False,message.content,30,30,,,gen-1786248507-4S6w1wT7AtLtDHEmbQG0,stop,4.875500299036503,1,ok,,3bdb93014f258958cb0aec39fdeab1beefa9c210afa211fbf5935605b1f7dcf2,42f41898bc7657fbdc6af02e7c455e2af4fa43ce7b23cbd4aff426bb7e2c23e2,3061496e5d6ccc8db02909ccc649495e30e98eaa959b4a6945c21aef327b08f5,2026-08-09T04:08:31.123370+00:00
qianlong:2026/0623/8686828,@高考生：北京市高考成绩查询指南,55.0,2,internal_positive,B,固定 provider,4,60,Alibaba,deepseek/deepseek-v4-flash,False,message.content,60,60,,,gen-1786248619-KqWEZveaNkeqrUkStvMw,stop,8.981701400130987,1,ok,,3bdb93014f258958cb0aec39fdeab1beefa9c210afa211fbf5935605b1f7dcf2,42f41898bc7657fbdc6af02e7c455e2af4fa43ce7b23cbd4aff426bb7e2c23e2,3061496e5d6ccc8db02909ccc649495e30e98eaa959b4a6945c21aef327b08f5,2026-08-09T04:10:27.533044+00:00
qianlong:2026/0623/8686828,@高考生：北京市高考成绩查询指南,55.0,2,internal_positive,B,固定 provider,5,25,Alibaba,deepseek/deepseek-v4-flash,False,message.content,25,25,,,gen-1786248619-ynQkVJyi5mpWImKu0nhc,stop,4.411276802420616,1,ok,,3bdb93014f258958cb0aec39fdeab1beefa9c210afa211fbf5935605b1f7dcf2,42f41898bc7657fbdc6af02e7c455e2af4fa43ce7b23cbd4aff426bb7e2c23e2,3061496e5d6ccc8db02909ccc649495e30e98eaa959b4a6945c21aef327b08f5,2026-08-09T04:10:22.713664+00:00
qianlong:2026/0623/8686828,@高考生：北京市高考成绩查询指南,55.0,2,internal_positive,C,关闭 reasoning,1,85,Alibaba,deepseek/deepseek-v4-flash,False,message.content,85,85,,,gen-1786248524-XoT6GdJzlKDlutjl4feS,stop,1.5902449004352093,1,ok,,3bdb93014f258958cb0aec39fdeab1beefa9c210afa211fbf5935605b1f7dcf2,42f41898bc7657fbdc6af02e7c455e2af4fa43ce7b23cbd4aff426bb7e2c23e2,2a80f79d283d13fa3e8b806b7422b889c24ebfcc30dc896bcaeb679f834be557,2026-08-09T04:08:45.075736+00:00
qianlong:2026/0623/8686828,@高考生：北京市高考成绩查询指南,55.0,2,internal_positive,C,关闭 reasoning,2,85,Alibaba,deepseek/deepseek-v4-flash,False,message.content,85,85,,,gen-1786248522-HDgxB3bPbnfHdduWtgYe,stop,1.9943423010408878,1,ok,,3bdb93014f258958cb0aec39fdeab1beefa9c210afa211fbf5935605b1f7dcf2,42f41898bc7657fbdc6af02e7c455e2af4fa43ce7b23cbd4aff426bb7e2c23e2,2a80f79d283d13fa3e8b806b7422b889c24ebfcc30dc896bcaeb679f834be557,2026-08-09T04:08:43.399592+00:00
qianlong:2026/0623/8686828,@高考生：北京市高考成绩查询指南,55.0,2,internal_positive,C,关闭 reasoning,3,85,Alibaba,deepseek/deepseek-v4-flash,False,message.content,85,85,,,gen-1786248643-8XROq3I37JGaQmlNc9FT,stop,1.7443492002785206,1,ok,,3bdb93014f258958cb0aec39fdeab1beefa9c210afa211fbf5935605b1f7dcf2,42f41898bc7657fbdc6af02e7c455e2af4fa43ce7b23cbd4aff426bb7e2c23e2,2a80f79d283d13fa3e8b806b7422b889c24ebfcc30dc896bcaeb679f834be557,2026-08-09T04:10:43.924612+00:00
qianlong:2026/0623/8686828,@高考生：北京市高考成绩查询指南,55.0,2,internal_positive,C,关闭 reasoning,4,85,Alibaba,deepseek/deepseek-v4-flash,False,message.content,85,85,,,gen-1786248670-5jadjZNRUXymY6cSOmRD,stop,1.8084453009068966,1,ok,,3bdb93014f258958cb0aec39fdeab1beefa9c210afa211fbf5935605b1f7dcf2,42f41898bc7657fbdc6af02e7c455e2af4fa43ce7b23cbd4aff426bb7e2c23e2,2a80f79d283d13fa3e8b806b7422b889c24ebfcc30dc896bcaeb679f834be557,2026-08-09T04:11:10.936902+00:00
qianlong:2026/0623/8686828,@高考生：北京市高考成绩查询指南,55.0,2,internal_positive,C,关闭 reasoning,5,85,Alibaba,deepseek/deepseek-v4-flash,False,message.content,85,85,,,gen-1786248634-3eXm22sFfbHZffLJLzPn,stop,1.987465899437666,1,ok,,3bdb93014f258958cb0aec39fdeab1beefa9c210afa211fbf5935605b1f7dcf2,42f41898bc7657fbdc6af02e7c455e2af4fa43ce7b23cbd4aff426bb7e2c23e2,2a80f79d283d13fa3e8b806b7422b889c24ebfcc30dc896bcaeb679f834be557,2026-08-09T04:10:35.941025+00:00
qianlong:2026/0623/8686828,@高考生：北京市高考成绩查询指南,55.0,2,internal_positive,D,固定 provider + 关闭 reasoning,1,85,Alibaba,deepseek/deepseek-v4-flash,False,message.content,85,85,,,gen-1786248504-oMkZ4P6bgsSjJwVqFyGC,stop,2.0155373997986317,1,ok,,3bdb93014f258958cb0aec39fdeab1beefa9c210afa211fbf5935605b1f7dcf2,42f41898bc7657fbdc6af02e7c455e2af4fa43ce7b23cbd4aff426bb7e2c23e2,d9592c979eabd6cf892ced778769bda22ebbae6ebf179bc29df09bc848c3a36b,2026-08-09T04:08:24.781236+00:00
qianlong:2026/0623/8686828,@高考生：北京市高考成绩查询指南,55.0,2,internal_positive,D,固定 provider + 关闭 reasoning,2,85,Alibaba,deepseek/deepseek-v4-flash,False,message.content,85,85,,,gen-1786248611-H5cJarGxr8Hzaf0OOprw,stop,1.9716380015015602,1,ok,,3bdb93014f258958cb0aec39fdeab1beefa9c210afa211fbf5935605b1f7dcf2,42f41898bc7657fbdc6af02e7c455e2af4fa43ce7b23cbd4aff426bb7e2c23e2,d9592c979eabd6cf892ced778769bda22ebbae6ebf179bc29df09bc848c3a36b,2026-08-09T04:10:12.327534+00:00
qianlong:2026/0623/8686828,@高考生：北京市高考成绩查询指南,55.0,2,internal_positive,D,固定 provider + 关闭 reasoning,3,85,Alibaba,deepseek/deepseek-v4-flash,False,message.content,85,85,,,gen-1786248468-UNfd8SaQeuXdR68wwDuH,stop,1.8102342002093792,1,ok,,3bdb93014f258958cb0aec39fdeab1beefa9c210afa211fbf5935605b1f7dcf2,42f41898bc7657fbdc6af02e7c455e2af4fa43ce7b23cbd4aff426bb7e2c23e2,d9592c979eabd6cf892ced778769bda22ebbae6ebf179bc29df09bc848c3a36b,2026-08-09T04:07:48.692583+00:00
qianlong:2026/0623/8686828,@高考生：北京市高考成绩查询指南,55.0,2,internal_positive,D,固定 provider + 关闭 reasoning,4,85,Alibaba,deepseek/deepseek-v4-flash,False,message.content,85,85,,,gen-1786248636-DUOwZc7AS4zAAnAKvViI,stop,1.7210295982658863,1,ok,,3bdb93014f258958cb0aec39fdeab1beefa9c210afa211fbf5935605b1f7dcf2,42f41898bc7657fbdc6af02e7c455e2af4fa43ce7b23cbd4aff426bb7e2c23e2,d9592c979eabd6cf892ced778769bda22ebbae6ebf179bc29df09bc848c3a36b,2026-08-09T04:10:37.663363+00:00
qianlong:2026/0623/8686828,@高考生：北京市高考成绩查询指南,55.0,2,internal_positive,D,固定 provider + 关闭 reasoning,5,85,Alibaba,deepseek/deepseek-v4-flash,False,message.content,85,85,,,gen-1786248458-aZtF7lYKFHDBvCGb8p5p,stop,1.8554184027016163,1,ok,,3bdb93014f258958cb0aec39fdeab1beefa9c210afa211fbf5935605b1f7dcf2,42f41898bc7657fbdc6af02e7c455e2af4fa43ce7b23cbd4aff426bb7e2c23e2,d9592c979eabd6cf892ced778769bda22ebbae6ebf179bc29df09bc848c3a36b,2026-08-09T04:07:39.323641+00:00
tencent:20260129A05KKH00,现象级儿童IP重磅回归！喜马拉雅上线《口袋里的超级坦克之勇者归来》,85.0,4,external_positive,A,生产基线,1,5,Alibaba,deepseek/deepseek-v4-flash,False,message.content,5,5,,,gen-1786248526-iyQzaW4vo9EcZeWk35Oc,stop,4.249097801744938,1,ok,,3b15ebb4b70a820bed50b2fcae3dd522cf97b9ad2edbb1998dc496a70b7fd895,703d8ea750c44546aeaeb6d2e20bcda8849046fcd48bd8541f2531edd6576d0d,dabf07b75decafd5f5167f54f465fd4fa873b95dc9448bca7676130da0f24436,2026-08-09T04:08:49.326234+00:00
tencent:20260129A05KKH00,现象级儿童IP重磅回归！喜马拉雅上线《口袋里的超级坦克之勇者归来》,85.0,4,external_positive,A,生产基线,2,5,Alibaba,deepseek/deepseek-v4-flash,False,message.content,5,5,,,gen-1786248631-iqU1C1zvM3JEWA7jjmuL,stop,3.645873297005892,1,ok,,3b15ebb4b70a820bed50b2fcae3dd522cf97b9ad2edbb1998dc496a70b7fd895,703d8ea750c44546aeaeb6d2e20bcda8849046fcd48bd8541f2531edd6576d0d,dabf07b75decafd5f5167f54f465fd4fa873b95dc9448bca7676130da0f24436,2026-08-09T04:10:33.952179+00:00
tencent:20260129A05KKH00,现象级儿童IP重磅回归！喜马拉雅上线《口袋里的超级坦克之勇者归来》,85.0,4,external_positive,A,生产基线,3,0,Alibaba,deepseek/deepseek-v4-flash,False,message.content,0,0,,,gen-1786248522-0mkx8Ta0OPDzxZkmcnwB,stop,4.418349400162697,1,ok,,3b15ebb4b70a820bed50b2fcae3dd522cf97b9ad2edbb1998dc496a70b7fd895,703d8ea750c44546aeaeb6d2e20bcda8849046fcd48bd8541f2531edd6576d0d,dabf07b75decafd5f5167f54f465fd4fa873b95dc9448bca7676130da0f24436,2026-08-09T04:08:45.767152+00:00
tencent:20260129A05KKH00,现象级儿童IP重磅回归！喜马拉雅上线《口袋里的超级坦克之勇者归来》,85.0,4,external_positive,A,生产基线,4,5,Alibaba,deepseek/deepseek-v4-flash,False,message.content,5,5,,,gen-1786248496-E3ISTNmpUzCJkWD8dVHO,stop,3.827353399246931,1,ok,,3b15ebb4b70a820bed50b2fcae3dd522cf97b9ad2edbb1998dc496a70b7fd895,703d8ea750c44546aeaeb6d2e20bcda8849046fcd48bd8541f2531edd6576d0d,dabf07b75decafd5f5167f54f465fd4fa873b95dc9448bca7676130da0f24436,2026-08-09T04:08:18.839087+00:00
tencent:20260129A05KKH00,现象级儿童IP重磅回归！喜马拉雅上线《口袋里的超级坦克之勇者归来》,85.0,4,external_positive,A,生产基线,5,10,Alibaba,deepseek/deepseek-v4-flash,False,message.content,10,10,,,gen-1786248518-AFs6Ocb7m1oIex5hfdax,stop,3.8633268997073174,1,ok,,3b15ebb4b70a820bed50b2fcae3dd522cf97b9ad2edbb1998dc496a70b7fd895,703d8ea750c44546aeaeb6d2e20bcda8849046fcd48bd8541f2531edd6576d0d,dabf07b75decafd5f5167f54f465fd4fa873b95dc9448bca7676130da0f24436,2026-08-09T04:08:41.347497+00:00
tencent:20260129A05KKH00,现象级儿童IP重磅回归！喜马拉雅上线《口袋里的超级坦克之勇者归来》,85.0,4,external_positive,B,固定 provider,1,5,Alibaba,deepseek/deepseek-v4-flash,False,message.content,5,5,,,gen-1786248469-Rs0l189SjKHH2IGCIamw,stop,3.7342265024781227,1,ok,,3b15ebb4b70a820bed50b2fcae3dd522cf97b9ad2edbb1998dc496a70b7fd895,703d8ea750c44546aeaeb6d2e20bcda8849046fcd48bd8541f2531edd6576d0d,03e7ddc2ee940b31159750a253cc711940a57961d327e830125a6557af3fe558,2026-08-09T04:07:52.648941+00:00
tencent:20260129A05KKH00,现象级儿童IP重磅回归！喜马拉雅上线《口袋里的超级坦克之勇者归来》,85.0,4,external_positive,B,固定 provider,2,0,Alibaba,deepseek/deepseek-v4-flash,False,message.content,0,0,,,gen-1786248534-OtuUZv8BTp2TDInror1I,stop,3.611158899962902,1,ok,,3b15ebb4b70a820bed50b2fcae3dd522cf97b9ad2edbb1998dc496a70b7fd895,703d8ea750c44546aeaeb6d2e20bcda8849046fcd48bd8541f2531edd6576d0d,03e7ddc2ee940b31159750a253cc711940a57961d327e830125a6557af3fe558,2026-08-09T04:08:56.558307+00:00
tencent:20260129A05KKH00,现象级儿童IP重磅回归！喜马拉雅上线《口袋里的超级坦克之勇者归来》,85.0,4,external_positive,B,固定 provider,3,0,Alibaba,deepseek/deepseek-v4-flash,False,message.content,0,0,,,gen-1786248534-7pFdHJhlshGUdQxrtPM8,stop,3.7070486024022102,1,ok,,3b15ebb4b70a820bed50b2fcae3dd522cf97b9ad2edbb1998dc496a70b7fd895,703d8ea750c44546aeaeb6d2e20bcda8849046fcd48bd8541f2531edd6576d0d,03e7ddc2ee940b31159750a253cc711940a57961d327e830125a6557af3fe558,2026-08-09T04:08:56.954349+00:00
tencent:20260129A05KKH00,现象级儿童IP重磅回归！喜马拉雅上线《口袋里的超级坦克之勇者归来》,85.0,4,external_positive,B,固定 provider,4,0,Alibaba,deepseek/deepseek-v4-flash,False,message.content,0,0,,,gen-1786248619-saMWXXdEsU983LgbLWZM,stop,4.958192199468613,1,ok,,3b15ebb4b70a820bed50b2fcae3dd522cf97b9ad2edbb1998dc496a70b7fd895,703d8ea750c44546aeaeb6d2e20bcda8849046fcd48bd8541f2531edd6576d0d,03e7ddc2ee940b31159750a253cc711940a57961d327e830125a6557af3fe558,2026-08-09T04:10:22.912469+00:00
tencent:20260129A05KKH00,现象级儿童IP重磅回归！喜马拉雅上线《口袋里的超级坦克之勇者归来》,85.0,4,external_positive,B,固定 provider,5,10,Alibaba,deepseek/deepseek-v4-flash,False,message.content,10,10,,,gen-1786248453-D8mmacbDUjAlMsh5Bfuu,stop,4.889962799847126,1,ok,,3b15ebb4b70a820bed50b2fcae3dd522cf97b9ad2edbb1998dc496a70b7fd895,703d8ea750c44546aeaeb6d2e20bcda8849046fcd48bd8541f2531edd6576d0d,03e7ddc2ee940b31159750a253cc711940a57961d327e830125a6557af3fe558,2026-08-09T04:07:37.180849+00:00
tencent:20260129A05KKH00,现象级儿童IP重磅回归！喜马拉雅上线《口袋里的超级坦克之勇者归来》,85.0,4,external_positive,C,关闭 reasoning,1,15,Alibaba,deepseek/deepseek-v4-flash,False,message.content,15,15,,,gen-1786248673-rMZKilitFZ5vbWemzXMv,stop,2.0765220001339912,1,ok,,3b15ebb4b70a820bed50b2fcae3dd522cf97b9ad2edbb1998dc496a70b7fd895,703d8ea750c44546aeaeb6d2e20bcda8849046fcd48bd8541f2531edd6576d0d,6f74fd463371c99a33a132fcddcdd5ee5a542e8e42521e7f30696e3b4c1c9209,2026-08-09T04:11:14.429817+00:00
tencent:20260129A05KKH00,现象级儿童IP重磅回归！喜马拉雅上线《口袋里的超级坦克之勇者归来》,85.0,4,external_positive,C,关闭 reasoning,2,0,Alibaba,deepseek/deepseek-v4-flash,False,message.content,0,0,,,gen-1786248673-q21a9Nj9s8ElxtlrdTLi,stop,2.300424002110958,1,ok,,3b15ebb4b70a820bed50b2fcae3dd522cf97b9ad2edbb1998dc496a70b7fd895,703d8ea750c44546aeaeb6d2e20bcda8849046fcd48bd8541f2531edd6576d0d,6f74fd463371c99a33a132fcddcdd5ee5a542e8e42521e7f30696e3b4c1c9209,2026-08-09T04:11:14.877081+00:00
tencent:20260129A05KKH00,现象级儿童IP重磅回归！喜马拉雅上线《口袋里的超级坦克之勇者归来》,85.0,4,external_positive,C,关闭 reasoning,3,15,Alibaba,deepseek/deepseek-v4-flash,False,message.content,15,15,,,gen-1786248649-FpGawDJTZYDBFFgN6JGN,stop,1.8269920982420444,1,ok,,3b15ebb4b70a820bed50b2fcae3dd522cf97b9ad2edbb1998dc496a70b7fd895,703d8ea750c44546aeaeb6d2e20bcda8849046fcd48bd8541f2531edd6576d0d,6f74fd463371c99a33a132fcddcdd5ee5a542e8e42521e7f30696e3b4c1c9209,2026-08-09T04:10:50.274778+00:00
tencent:20260129A05KKH00,现象级儿童IP重磅回归！喜马拉雅上线《口袋里的超级坦克之勇者归来》,85.0,4,external_positive,C,关闭 reasoning,4,15,Alibaba,deepseek/deepseek-v4-flash,False,message.content,15,15,,,gen-1786248517-dEokjaZL0MwiGltjCzYf,stop,1.9390679001808167,1,ok,,3b15ebb4b70a820bed50b2fcae3dd522cf97b9ad2edbb1998dc496a70b7fd895,703d8ea750c44546aeaeb6d2e20bcda8849046fcd48bd8541f2531edd6576d0d,6f74fd463371c99a33a132fcddcdd5ee5a542e8e42521e7f30696e3b4c1c9209,2026-08-09T04:08:37.999037+00:00
tencent:20260129A05KKH00,现象级儿童IP重磅回归！喜马拉雅上线《口袋里的超级坦克之勇者归来》,85.0,4,external_positive,C,关闭 reasoning,5,0,Alibaba,deepseek/deepseek-v4-flash,False,message.content,0,0,,,gen-1786248472-p6b3rsY1ZnSSGlIYFrE3,stop,1.715208500623703,1,ok,,3b15ebb4b70a820bed50b2fcae3dd522cf97b9ad2edbb1998dc496a70b7fd895,703d8ea750c44546aeaeb6d2e20bcda8849046fcd48bd8541f2531edd6576d0d,6f74fd463371c99a33a132fcddcdd5ee5a542e8e42521e7f30696e3b4c1c9209,2026-08-09T04:07:53.198640+00:00
tencent:20260129A05KKH00,现象级儿童IP重磅回归！喜马拉雅上线《口袋里的超级坦克之勇者归来》,85.0,4,external_positive,D,固定 provider + 关闭 reasoning,1,15,Alibaba,deepseek/deepseek-v4-flash,False,message.content,15,15,,,gen-1786248503-Uo7R6UuDuVR3neVJCf77,stop,1.7648630999028683,1,ok,,3b15ebb4b70a820bed50b2fcae3dd522cf97b9ad2edbb1998dc496a70b7fd895,703d8ea750c44546aeaeb6d2e20bcda8849046fcd48bd8541f2531edd6576d0d,8187861e9ee36d72dbd2796bb3b764a4c6c379c4a67464887ff8beb77700d350,2026-08-09T04:08:24.263486+00:00
tencent:20260129A05KKH00,现象级儿童IP重磅回归！喜马拉雅上线《口袋里的超级坦克之勇者归来》,85.0,4,external_positive,D,固定 provider + 关闭 reasoning,2,0,Alibaba,deepseek/deepseek-v4-flash,False,message.content,0,0,,,gen-1786248465-rx9WcMgWfkrjIbq6ekbL,stop,1.6285613998770714,1,ok,,3b15ebb4b70a820bed50b2fcae3dd522cf97b9ad2edbb1998dc496a70b7fd895,703d8ea750c44546aeaeb6d2e20bcda8849046fcd48bd8541f2531edd6576d0d,8187861e9ee36d72dbd2796bb3b764a4c6c379c4a67464887ff8beb77700d350,2026-08-09T04:07:46.631112+00:00
tencent:20260129A05KKH00,现象级儿童IP重磅回归！喜马拉雅上线《口袋里的超级坦克之勇者归来》,85.0,4,external_positive,D,固定 provider + 关闭 reasoning,3,0,Alibaba,deepseek/deepseek-v4-flash,False,message.content,0,0,,,gen-1786248561-BfRmvBOAoyesb1hxcaaj,stop,1.6604091003537178,1,ok,,3b15ebb4b70a820bed50b2fcae3dd522cf97b9ad2edbb1998dc496a70b7fd895,703d8ea750c44546aeaeb6d2e20bcda8849046fcd48bd8541f2531edd6576d0d,8187861e9ee36d72dbd2796bb3b764a4c6c379c4a67464887ff8beb77700d350,2026-08-09T04:09:21.987594+00:00
tencent:20260129A05KKH00,现象级儿童IP重磅回归！喜马拉雅上线《口袋里的超级坦克之勇者归来》,85.0,4,external_positive,D,固定 provider + 关闭 reasoning,4,15,Alibaba,deepseek/deepseek-v4-flash,False,message.content,15,15,,,gen-1786248579-1H5T8yy5VQfWBvHTs15k,stop,1.5444475002586842,1,ok,,3b15ebb4b70a820bed50b2fcae3dd522cf97b9ad2edbb1998dc496a70b7fd895,703d8ea750c44546aeaeb6d2e20bcda8849046fcd48bd8541f2531edd6576d0d,8187861e9ee36d72dbd2796bb3b764a4c6c379c4a67464887ff8beb77700d350,2026-08-09T04:09:40.525135+00:00
tencent:20260129A05KKH00,现象级儿童IP重磅回归！喜马拉雅上线《口袋里的超级坦克之勇者归来》,85.0,4,external_positive,D,固定 provider + 关闭 reasoning,5,0,Alibaba,deepseek/deepseek-v4-flash,False,message.content,0,0,,,gen-1786248451-rHQUQtraf9UYzK7QlLqc,stop,2.5596933998167515,1,ok,,3b15ebb4b70a820bed50b2fcae3dd522cf97b9ad2edbb1998dc496a70b7fd895,703d8ea750c44546aeaeb6d2e20bcda8849046fcd48bd8541f2531edd6576d0d,8187861e9ee36d72dbd2796bb3b764a4c6c379c4a67464887ff8beb77700d350,2026-08-09T04:07:32.477427+00:00
tencent:20260330A084NA00,初高中学龄人口将次第达峰，多所高校适时调整师范专业招生规模,85.0,4,external_positive,A,生产基线,1,85,Alibaba,deepseek/deepseek-v4-flash,False,message.content,85,85,,,gen-1786248583-EXvqIJwaYQotH7JeztA7,stop,4.957009498029947,1,ok,,1a5f7b31ba45f80c3d8fe3f514d92f2e66b7beb78a7459ea3705c1c475333736,d99852eba3a0b958cfa7eef67ba365dfb13017fcea7925f705a5033050c42771,65276e587be92e3607374199e7d0ac85a05629967a9eec88f2d47ed792e91640,2026-08-09T04:09:47.683247+00:00
tencent:20260330A084NA00,初高中学龄人口将次第达峰，多所高校适时调整师范专业招生规模,85.0,4,external_positive,A,生产基线,2,85,Alibaba,deepseek/deepseek-v4-flash,False,message.content,85,85,,,gen-1786248556-TAzmZdrecddHXEBkNjpn,stop,5.454745501279831,1,ok,,1a5f7b31ba45f80c3d8fe3f514d92f2e66b7beb78a7459ea3705c1c475333736,d99852eba3a0b958cfa7eef67ba365dfb13017fcea7925f705a5033050c42771,65276e587be92e3607374199e7d0ac85a05629967a9eec88f2d47ed792e91640,2026-08-09T04:09:21.180503+00:00
tencent:20260330A084NA00,初高中学龄人口将次第达峰，多所高校适时调整师范专业招生规模,85.0,4,external_positive,A,生产基线,3,90,Alibaba,deepseek/deepseek-v4-flash,False,message.content,90,90,,,gen-1786248468-TGzxr35eQB5BmjPmfcHm,stop,3.8817028030753136,1,ok,,1a5f7b31ba45f80c3d8fe3f514d92f2e66b7beb78a7459ea3705c1c475333736,d99852eba3a0b958cfa7eef67ba365dfb13017fcea7925f705a5033050c42771,65276e587be92e3607374199e7d0ac85a05629967a9eec88f2d47ed792e91640,2026-08-09T04:07:51.539130+00:00
tencent:20260330A084NA00,初高中学龄人口将次第达峰，多所高校适时调整师范专业招生规模,85.0,4,external_positive,A,生产基线,4,75,Alibaba,deepseek/deepseek-v4-flash,False,message.content,75,75,,,gen-1786248512-9mjxy0ISkcwcp8jH2NXl,stop,4.712237399071455,1,ok,,1a5f7b31ba45f80c3d8fe3f514d92f2e66b7beb78a7459ea3705c1c475333736,d99852eba3a0b958cfa7eef67ba365dfb13017fcea7925f705a5033050c42771,65276e587be92e3607374199e7d0ac85a05629967a9eec88f2d47ed792e91640,2026-08-09T04:08:35.831463+00:00
tencent:20260330A084NA00,初高中学龄人口将次第达峰，多所高校适时调整师范专业招生规模,85.0,4,external_positive,A,生产基线,5,85,Alibaba,deepseek/deepseek-v4-flash,False,message.content,85,85,,,gen-1786248666-28fPXGe5LxKA2TW58UqV,stop,4.012990802526474,1,ok,,1a5f7b31ba45f80c3d8fe3f514d92f2e66b7beb78a7459ea3705c1c475333736,d99852eba3a0b958cfa7eef67ba365dfb13017fcea7925f705a5033050c42771,65276e587be92e3607374199e7d0ac85a05629967a9eec88f2d47ed792e91640,2026-08-09T04:11:09.127089+00:00
tencent:20260330A084NA00,初高中学龄人口将次第达峰，多所高校适时调整师范专业招生规模,85.0,4,external_positive,B,固定 provider,1,85,Alibaba,deepseek/deepseek-v4-flash,False,message.content,85,85,,,gen-1786248461-jI2s2tbWvKhjqHTTXIVo,stop,4.279540400952101,1,ok,,1a5f7b31ba45f80c3d8fe3f514d92f2e66b7beb78a7459ea3705c1c475333736,d99852eba3a0b958cfa7eef67ba365dfb13017fcea7925f705a5033050c42771,e30fc5bb43f0bf8763314637d40986c4a298244eb6382efe81b65e88c7fa125f,2026-08-09T04:07:45.001299+00:00
tencent:20260330A084NA00,初高中学龄人口将次第达峰，多所高校适时调整师范专业招生规模,85.0,4,external_positive,B,固定 provider,2,85,Alibaba,deepseek/deepseek-v4-flash,False,message.content,85,85,,,gen-1786248680-2jhIzvCwkfvYonSBZzRN,stop,4.401035100221634,1,ok,,1a5f7b31ba45f80c3d8fe3f514d92f2e66b7beb78a7459ea3705c1c475333736,d99852eba3a0b958cfa7eef67ba365dfb13017fcea7925f705a5033050c42771,e30fc5bb43f0bf8763314637d40986c4a298244eb6382efe81b65e88c7fa125f,2026-08-09T04:11:23.538494+00:00
tencent:20260330A084NA00,初高中学龄人口将次第达峰，多所高校适时调整师范专业招生规模,85.0,4,external_positive,B,固定 provider,3,85,Alibaba,deepseek/deepseek-v4-flash,False,message.content,85,85,,,gen-1786248478-iSBoRoebTrpsltNJNl9R,stop,4.112650599330664,1,ok,,1a5f7b31ba45f80c3d8fe3f514d92f2e66b7beb78a7459ea3705c1c475333736,d99852eba3a0b958cfa7eef67ba365dfb13017fcea7925f705a5033050c42771,e30fc5bb43f0bf8763314637d40986c4a298244eb6382efe81b65e88c7fa125f,2026-08-09T04:08:01.574390+00:00
tencent:20260330A084NA00,初高中学龄人口将次第达峰，多所高校适时调整师范专业招生规模,85.0,4,external_positive,B,固定 provider,4,85,Alibaba,deepseek/deepseek-v4-flash,False,message.content,85,85,,,gen-1786248643-DwUYV0lp8FdavfoFSvOS,stop,3.93344010040164,1,ok,,1a5f7b31ba45f80c3d8fe3f514d92f2e66b7beb78a7459ea3705c1c475333736,d99852eba3a0b958cfa7eef67ba365dfb13017fcea7925f705a5033050c42771,e30fc5bb43f0bf8763314637d40986c4a298244eb6382efe81b65e88c7fa125f,2026-08-09T04:10:46.433813+00:00
tencent:20260330A084NA00,初高中学龄人口将次第达峰，多所高校适时调整师范专业招生规模,85.0,4,external_positive,B,固定 provider,5,85,Alibaba,deepseek/deepseek-v4-flash,False,message.content,85,85,,,gen-1786248540-MWoBtntnsl7RsJvRwfsw,stop,4.591231398284435,1,ok,,1a5f7b31ba45f80c3d8fe3f514d92f2e66b7beb78a7459ea3705c1c475333736,d99852eba3a0b958cfa7eef67ba365dfb13017fcea7925f705a5033050c42771,e30fc5bb43f0bf8763314637d40986c4a298244eb6382efe81b65e88c7fa125f,2026-08-09T04:09:04.608597+00:00
tencent:20260330A084NA00,初高中学龄人口将次第达峰，多所高校适时调整师范专业招生规模,85.0,4,external_positive,C,关闭 reasoning,1,85,Alibaba,deepseek/deepseek-v4-flash,False,message.content,85,85,,,gen-1786248539-OzphPZAPwvta9Phbn2s2,stop,1.633049100637436,1,ok,,1a5f7b31ba45f80c3d8fe3f514d92f2e66b7beb78a7459ea3705c1c475333736,d99852eba3a0b958cfa7eef67ba365dfb13017fcea7925f705a5033050c42771,c47c829a2d0157adfe28fa78fd2a2b481fc38dc068e60f735696405b3c0d7a9f,2026-08-09T04:09:00.498234+00:00
tencent:20260330A084NA00,初高中学龄人口将次第达峰，多所高校适时调整师范专业招生规模,85.0,4,external_positive,C,关闭 reasoning,2,85,Alibaba,deepseek/deepseek-v4-flash,False,message.content,85,85,,,gen-1786248559-d9BA0V7zxILXZw993MMp,stop,1.7809505015611649,1,ok,,1a5f7b31ba45f80c3d8fe3f514d92f2e66b7beb78a7459ea3705c1c475333736,d99852eba3a0b958cfa7eef67ba365dfb13017fcea7925f705a5033050c42771,c47c829a2d0157adfe28fa78fd2a2b481fc38dc068e60f735696405b3c0d7a9f,2026-08-09T04:09:20.188247+00:00
tencent:20260330A084NA00,初高中学龄人口将次第达峰，多所高校适时调整师范专业招生规模,85.0,4,external_positive,C,关闭 reasoning,3,85,Alibaba,deepseek/deepseek-v4-flash,False,message.content,85,85,,,gen-1786248645-TUmGxlRTRjlSECWfGBzx,stop,1.818952601402998,1,ok,,1a5f7b31ba45f80c3d8fe3f514d92f2e66b7beb78a7459ea3705c1c475333736,d99852eba3a0b958cfa7eef67ba365dfb13017fcea7925f705a5033050c42771,c47c829a2d0157adfe28fa78fd2a2b481fc38dc068e60f735696405b3c0d7a9f,2026-08-09T04:10:46.216567+00:00
tencent:20260330A084NA00,初高中学龄人口将次第达峰，多所高校适时调整师范专业招生规模,85.0,4,external_positive,C,关闭 reasoning,4,85,Alibaba,deepseek/deepseek-v4-flash,False,message.content,85,85,,,gen-1786248570-IaYtAsOL9Qwksf9540VF,stop,1.7617377005517483,1,ok,,1a5f7b31ba45f80c3d8fe3f514d92f2e66b7beb78a7459ea3705c1c475333736,d99852eba3a0b958cfa7eef67ba365dfb13017fcea7925f705a5033050c42771,c47c829a2d0157adfe28fa78fd2a2b481fc38dc068e60f735696405b3c0d7a9f,2026-08-09T04:09:30.567765+00:00
tencent:20260330A084NA00,初高中学龄人口将次第达峰，多所高校适时调整师范专业招生规模,85.0,4,external_positive,C,关闭 reasoning,5,85,Alibaba,deepseek/deepseek-v4-flash,False,message.content,85,85,,,gen-1786248517-P1EAcVBrYLWj3vMbqNga,stop,1.9140298999845982,1,ok,,1a5f7b31ba45f80c3d8fe3f514d92f2e66b7beb78a7459ea3705c1c475333736,d99852eba3a0b958cfa7eef67ba365dfb13017fcea7925f705a5033050c42771,c47c829a2d0157adfe28fa78fd2a2b481fc38dc068e60f735696405b3c0d7a9f,2026-08-09T04:08:38.019218+00:00
tencent:20260330A084NA00,初高中学龄人口将次第达峰，多所高校适时调整师范专业招生规模,85.0,4,external_positive,D,固定 provider + 关闭 reasoning,1,85,Alibaba,deepseek/deepseek-v4-flash,False,message.content,85,85,,,gen-1786248594-bNngFIqvmDqwLRKyTlWG,stop,1.787270501255989,1,ok,,1a5f7b31ba45f80c3d8fe3f514d92f2e66b7beb78a7459ea3705c1c475333736,d99852eba3a0b958cfa7eef67ba365dfb13017fcea7925f705a5033050c42771,d43be0f76a6f7c9b5b81638c69723878a18e52066d8c3092aa7c8398baf25f42,2026-08-09T04:09:55.516694+00:00
tencent:20260330A084NA00,初高中学龄人口将次第达峰，多所高校适时调整师范专业招生规模,85.0,4,external_positive,D,固定 provider + 关闭 reasoning,2,85,Alibaba,deepseek/deepseek-v4-flash,False,message.content,85,85,,,gen-1786248554-X6Xo4tobaBT6aINnCcfc,stop,1.8796244002878666,1,ok,,1a5f7b31ba45f80c3d8fe3f514d92f2e66b7beb78a7459ea3705c1c475333736,d99852eba3a0b958cfa7eef67ba365dfb13017fcea7925f705a5033050c42771,d43be0f76a6f7c9b5b81638c69723878a18e52066d8c3092aa7c8398baf25f42,2026-08-09T04:09:15.061219+00:00
tencent:20260330A084NA00,初高中学龄人口将次第达峰，多所高校适时调整师范专业招生规模,85.0,4,external_positive,D,固定 provider + 关闭 reasoning,3,85,Alibaba,deepseek/deepseek-v4-flash,False,message.content,85,85,,,gen-1786248580-JTsQ6qVI4v8hqlFvfWuD,stop,1.7790400981903076,1,ok,,1a5f7b31ba45f80c3d8fe3f514d92f2e66b7beb78a7459ea3705c1c475333736,d99852eba3a0b958cfa7eef67ba365dfb13017fcea7925f705a5033050c42771,d43be0f76a6f7c9b5b81638c69723878a18e52066d8c3092aa7c8398baf25f42,2026-08-09T04:09:40.882134+00:00
tencent:20260330A084NA00,初高中学龄人口将次第达峰，多所高校适时调整师范专业招生规模,85.0,4,external_positive,D,固定 provider + 关闭 reasoning,4,85,Alibaba,deepseek/deepseek-v4-flash,False,message.content,85,85,,,gen-1786248604-Xwc3OpWRQSqt2HEG3mMY,stop,2.044368799775839,1,ok,,1a5f7b31ba45f80c3d8fe3f514d92f2e66b7beb78a7459ea3705c1c475333736,d99852eba3a0b958cfa7eef67ba365dfb13017fcea7925f705a5033050c42771,d43be0f76a6f7c9b5b81638c69723878a18e52066d8c3092aa7c8398baf25f42,2026-08-09T04:10:05.481178+00:00
tencent:20260330A084NA00,初高中学龄人口将次第达峰，多所高校适时调整师范专业招生规模,85.0,4,external_positive,D,固定 provider + 关闭 reasoning,5,85,Alibaba,deepseek/deepseek-v4-flash,False,message.content,85,85,,,gen-1786248591-FxsPFt8TkKKjVzTBKYRq,stop,2.046680800616741,1,ok,,1a5f7b31ba45f80c3d8fe3f514d92f2e66b7beb78a7459ea3705c1c475333736,d99852eba3a0b958cfa7eef67ba365dfb13017fcea7925f705a5033050c42771,d43be0f76a6f7c9b5b81638c69723878a18e52066d8c3092aa7c8398baf25f42,2026-08-09T04:09:52.523610+00:00
tencent:20260414A02HL800,黄炎培职业教育思想研究会2025—2026学术年会在佛山举行,50.0,2,internal_positive,A,生产基线,1,5,Alibaba,deepseek/deepseek-v4-flash,False,message.content,5,5,,,gen-1786248640-hxd71qyyfsRTp4NYETnG,stop,4.315964799374342,1,ok,,fd6f701030e66b4eb8b079f914e8cb604a524ad143dc535d322fd367fbe9562c,c2943a693ee1670c66f029ea2c7b5da1bab1533f2cb53ee515366010fc3fa51f,06226f2949e2674fbaebdb663ae359b6b7601ce8085a3758dd43c5fd82b997a7,2026-08-09T04:10:44.396302+00:00
tencent:20260414A02HL800,黄炎培职业教育思想研究会2025—2026学术年会在佛山举行,50.0,2,internal_positive,A,生产基线,2,5,Alibaba,deepseek/deepseek-v4-flash,False,message.content,5,5,,,gen-1786248647-fT7iusLHuRGBzadxq2uc,stop,5.16470729932189,1,ok,,fd6f701030e66b4eb8b079f914e8cb604a524ad143dc535d322fd367fbe9562c,c2943a693ee1670c66f029ea2c7b5da1bab1533f2cb53ee515366010fc3fa51f,06226f2949e2674fbaebdb663ae359b6b7601ce8085a3758dd43c5fd82b997a7,2026-08-09T04:10:51.609250+00:00
tencent:20260414A02HL800,黄炎培职业教育思想研究会2025—2026学术年会在佛山举行,50.0,2,internal_positive,A,生产基线,3,10,Alibaba,deepseek/deepseek-v4-flash,False,message.content,10,10,,,gen-1786248677-6mTTV1jRuGSEoy5TBgCC,stop,9.498022202402353,1,ok,,fd6f701030e66b4eb8b079f914e8cb604a524ad143dc535d322fd367fbe9562c,c2943a693ee1670c66f029ea2c7b5da1bab1533f2cb53ee515366010fc3fa51f,06226f2949e2674fbaebdb663ae359b6b7601ce8085a3758dd43c5fd82b997a7,2026-08-09T04:11:26.345733+00:00
tencent:20260414A02HL800,黄炎培职业教育思想研究会2025—2026学术年会在佛山举行,50.0,2,internal_positive,A,生产基线,4,10,Alibaba,deepseek/deepseek-v4-flash,False,message.content,10,10,,,gen-1786248495-ddw96TUJm87nrPJjdC8V,stop,4.343636900186539,1,ok,,fd6f701030e66b4eb8b079f914e8cb604a524ad143dc535d322fd367fbe9562c,c2943a693ee1670c66f029ea2c7b5da1bab1533f2cb53ee515366010fc3fa51f,06226f2949e2674fbaebdb663ae359b6b7601ce8085a3758dd43c5fd82b997a7,2026-08-09T04:08:19.068129+00:00
tencent:20260414A02HL800,黄炎培职业教育思想研究会2025—2026学术年会在佛山举行,50.0,2,internal_positive,A,生产基线,5,10,Alibaba,deepseek/deepseek-v4-flash,False,message.content,10,10,,,gen-1786248455-d66H9mWkJxqn5aSZDFdC,stop,7.708118300884962,1,ok,,fd6f701030e66b4eb8b079f914e8cb604a524ad143dc535d322fd367fbe9562c,c2943a693ee1670c66f029ea2c7b5da1bab1533f2cb53ee515366010fc3fa51f,06226f2949e2674fbaebdb663ae359b6b7601ce8085a3758dd43c5fd82b997a7,2026-08-09T04:07:42.384354+00:00
tencent:20260414A02HL800,黄炎培职业教育思想研究会2025—2026学术年会在佛山举行,50.0,2,internal_positive,B,固定 provider,1,0,Alibaba,deepseek/deepseek-v4-flash,False,message.content,0,0,,,gen-1786248469-Rsw4s9dRxp2MMcbJaNAW,stop,3.5382484011352062,1,ok,,fd6f701030e66b4eb8b079f914e8cb604a524ad143dc535d322fd367fbe9562c,c2943a693ee1670c66f029ea2c7b5da1bab1533f2cb53ee515366010fc3fa51f,b702a9620b1d21655e00210a2d6e3a44510bce423e75b0e2a5fe0dfe277f926c,2026-08-09T04:07:52.232699+00:00
tencent:20260414A02HL800,黄炎培职业教育思想研究会2025—2026学术年会在佛山举行,50.0,2,internal_positive,B,固定 provider,2,10,Alibaba,deepseek/deepseek-v4-flash,False,message.content,10,10,,,gen-1786248537-e03UtcxQ8JzzZKtI9P3m,stop,4.209076799452305,1,ok,,fd6f701030e66b4eb8b079f914e8cb604a524ad143dc535d322fd367fbe9562c,c2943a693ee1670c66f029ea2c7b5da1bab1533f2cb53ee515366010fc3fa51f,b702a9620b1d21655e00210a2d6e3a44510bce423e75b0e2a5fe0dfe277f926c,2026-08-09T04:09:00.768794+00:00
tencent:20260414A02HL800,黄炎培职业教育思想研究会2025—2026学术年会在佛山举行,50.0,2,internal_positive,B,固定 provider,3,5,Alibaba,deepseek/deepseek-v4-flash,False,message.content,5,5,,,gen-1786248489-GHDvfNDxuBv8AYBPhwMP,stop,3.0951227992773056,1,ok,,fd6f701030e66b4eb8b079f914e8cb604a524ad143dc535d322fd367fbe9562c,c2943a693ee1670c66f029ea2c7b5da1bab1533f2cb53ee515366010fc3fa51f,b702a9620b1d21655e00210a2d6e3a44510bce423e75b0e2a5fe0dfe277f926c,2026-08-09T04:08:11.664956+00:00
tencent:20260414A02HL800,黄炎培职业教育思想研究会2025—2026学术年会在佛山举行,50.0,2,internal_positive,B,固定 provider,4,5,Alibaba,deepseek/deepseek-v4-flash,False,message.content,5,5,,,gen-1786248539-ZcBoz6vYYSfWHnnHf5pg,stop,3.8832829035818577,1,ok,,fd6f701030e66b4eb8b079f914e8cb604a524ad143dc535d322fd367fbe9562c,c2943a693ee1670c66f029ea2c7b5da1bab1533f2cb53ee515366010fc3fa51f,b702a9620b1d21655e00210a2d6e3a44510bce423e75b0e2a5fe0dfe277f926c,2026-08-09T04:09:02.389236+00:00
tencent:20260414A02HL800,黄炎培职业教育思想研究会2025—2026学术年会在佛山举行,50.0,2,internal_positive,B,固定 provider,5,0,Alibaba,deepseek/deepseek-v4-flash,False,message.content,0,0,,,gen-1786248504-oM7GVK7hw6ZlyUSwaB8y,stop,3.4174889028072357,1,ok,,fd6f701030e66b4eb8b079f914e8cb604a524ad143dc535d322fd367fbe9562c,c2943a693ee1670c66f029ea2c7b5da1bab1533f2cb53ee515366010fc3fa51f,b702a9620b1d21655e00210a2d6e3a44510bce423e75b0e2a5fe0dfe277f926c,2026-08-09T04:08:26.737475+00:00
tencent:20260414A02HL800,黄炎培职业教育思想研究会2025—2026学术年会在佛山举行,50.0,2,internal_positive,C,关闭 reasoning,1,15,Alibaba,deepseek/deepseek-v4-flash,False,message.content,15,15,,,gen-1786248501-Epbwkr3ffhh1pwNiHoFB,stop,1.767044398933649,1,ok,,fd6f701030e66b4eb8b079f914e8cb604a524ad143dc535d322fd367fbe9562c,c2943a693ee1670c66f029ea2c7b5da1bab1533f2cb53ee515366010fc3fa51f,c0e3f51ff86e3f8bdbbfec9188875c296ea4a7be64cb867d4f9dd3ff2e7b4a0d,2026-08-09T04:08:22.440528+00:00
tencent:20260414A02HL800,黄炎培职业教育思想研究会2025—2026学术年会在佛山举行,50.0,2,internal_positive,C,关闭 reasoning,2,15,Alibaba,deepseek/deepseek-v4-flash,False,message.content,15,15,,,gen-1786248459-0fdqb9gtPNNzP8a3ZxOY,stop,1.9248827993869781,1,ok,,fd6f701030e66b4eb8b079f914e8cb604a524ad143dc535d322fd367fbe9562c,c2943a693ee1670c66f029ea2c7b5da1bab1533f2cb53ee515366010fc3fa51f,c0e3f51ff86e3f8bdbbfec9188875c296ea4a7be64cb867d4f9dd3ff2e7b4a0d,2026-08-09T04:07:40.338450+00:00
tencent:20260414A02HL800,黄炎培职业教育思想研究会2025—2026学术年会在佛山举行,50.0,2,internal_positive,C,关闭 reasoning,3,15,Alibaba,deepseek/deepseek-v4-flash,False,message.content,15,15,,,gen-1786248556-iY7yGcikigc4aCv86sec,stop,1.745609499514103,1,ok,,fd6f701030e66b4eb8b079f914e8cb604a524ad143dc535d322fd367fbe9562c,c2943a693ee1670c66f029ea2c7b5da1bab1533f2cb53ee515366010fc3fa51f,c0e3f51ff86e3f8bdbbfec9188875c296ea4a7be64cb867d4f9dd3ff2e7b4a0d,2026-08-09T04:09:17.002433+00:00
tencent:20260414A02HL800,黄炎培职业教育思想研究会2025—2026学术年会在佛山举行,50.0,2,internal_positive,C,关闭 reasoning,4,15,Alibaba,deepseek/deepseek-v4-flash,False,message.content,15,15,,,gen-1786248490-jGv1OExoNoIhIkfHuwtr,stop,2.118205901235342,1,ok,,fd6f701030e66b4eb8b079f914e8cb604a524ad143dc535d322fd367fbe9562c,c2943a693ee1670c66f029ea2c7b5da1bab1533f2cb53ee515366010fc3fa51f,c0e3f51ff86e3f8bdbbfec9188875c296ea4a7be64cb867d4f9dd3ff2e7b4a0d,2026-08-09T04:08:11.484433+00:00
tencent:20260414A02HL800,黄炎培职业教育思想研究会2025—2026学术年会在佛山举行,50.0,2,internal_positive,C,关闭 reasoning,5,15,Alibaba,deepseek/deepseek-v4-flash,False,message.content,15,15,,,gen-1786248647-40O97RzmMITzqytyI9PV,stop,1.7982841022312641,1,ok,,fd6f701030e66b4eb8b079f914e8cb604a524ad143dc535d322fd367fbe9562c,c2943a693ee1670c66f029ea2c7b5da1bab1533f2cb53ee515366010fc3fa51f,c0e3f51ff86e3f8bdbbfec9188875c296ea4a7be64cb867d4f9dd3ff2e7b4a0d,2026-08-09T04:10:48.446460+00:00
tencent:20260414A02HL800,黄炎培职业教育思想研究会2025—2026学术年会在佛山举行,50.0,2,internal_positive,D,固定 provider + 关闭 reasoning,1,15,Alibaba,deepseek/deepseek-v4-flash,False,message.content,15,15,,,gen-1786248690-yjYw50llK0zcE458ZdKF,stop,2.080842699855566,1,ok,,fd6f701030e66b4eb8b079f914e8cb604a524ad143dc535d322fd367fbe9562c,c2943a693ee1670c66f029ea2c7b5da1bab1533f2cb53ee515366010fc3fa51f,6d332f96746ef5fb354bdc1df85493873548985a538e3d665783a89e6ed9cb75,2026-08-09T04:11:31.623355+00:00
tencent:20260414A02HL800,黄炎培职业教育思想研究会2025—2026学术年会在佛山举行,50.0,2,internal_positive,D,固定 provider + 关闭 reasoning,2,15,Alibaba,deepseek/deepseek-v4-flash,False,message.content,15,15,,,gen-1786248668-lkZMVTaOLxlwTRyGwxqe,stop,1.8252165988087654,1,ok,,fd6f701030e66b4eb8b079f914e8cb604a524ad143dc535d322fd367fbe9562c,c2943a693ee1670c66f029ea2c7b5da1bab1533f2cb53ee515366010fc3fa51f,6d332f96746ef5fb354bdc1df85493873548985a538e3d665783a89e6ed9cb75,2026-08-09T04:11:09.259523+00:00
tencent:20260414A02HL800,黄炎培职业教育思想研究会2025—2026学术年会在佛山举行,50.0,2,internal_positive,D,固定 provider + 关闭 reasoning,3,15,Alibaba,deepseek/deepseek-v4-flash,False,message.content,15,15,,,gen-1786248474-dTQBSxOkyRKlHMtcZFSi,stop,1.8091312982141972,1,ok,,fd6f701030e66b4eb8b079f914e8cb604a524ad143dc535d322fd367fbe9562c,c2943a693ee1670c66f029ea2c7b5da1bab1533f2cb53ee515366010fc3fa51f,6d332f96746ef5fb354bdc1df85493873548985a538e3d665783a89e6ed9cb75,2026-08-09T04:07:55.401241+00:00
tencent:20260414A02HL800,黄炎培职业教育思想研究会2025—2026学术年会在佛山举行,50.0,2,internal_positive,D,固定 provider + 关闭 reasoning,4,15,Alibaba,deepseek/deepseek-v4-flash,False,message.content,15,15,,,gen-1786248637-mNIIFI7DkIxKPXUEN3uD,stop,1.7506935000419617,1,ok,,fd6f701030e66b4eb8b079f914e8cb604a524ad143dc535d322fd367fbe9562c,c2943a693ee1670c66f029ea2c7b5da1bab1533f2cb53ee515366010fc3fa51f,6d332f96746ef5fb354bdc1df85493873548985a538e3d665783a89e6ed9cb75,2026-08-09T04:10:38.613737+00:00
tencent:20260414A02HL800,黄炎培职业教育思想研究会2025—2026学术年会在佛山举行,50.0,2,internal_positive,D,固定 provider + 关闭 reasoning,5,15,Alibaba,deepseek/deepseek-v4-flash,False,message.content,15,15,,,gen-1786248519-63uAj84Pysy2uSPG8SQb,stop,1.6124572977423668,1,ok,,fd6f701030e66b4eb8b079f914e8cb604a524ad143dc535d322fd367fbe9562c,c2943a693ee1670c66f029ea2c7b5da1bab1533f2cb53ee515366010fc3fa51f,6d332f96746ef5fb354bdc1df85493873548985a538e3d665783a89e6ed9cb75,2026-08-09T04:08:39.632997+00:00
tencent:20260618A04KRO00,2027QS世界大学排名发布：港大11名，北大13名，清华14名，浙大47名,60.0,3,internal_positive,A,生产基线,1,20,Alibaba,deepseek/deepseek-v4-flash,False,message.content,20,20,,,gen-1786248544-3jp6rmVUIcF7QPReGlRs,stop,5.019732002168894,1,ok,,f3543a59d1c36a1adf8c8122ce5bdce82b2d8b18d408469f6caba358641c949a,a2731597235ef3ac29a81d9b61533414559cc69b072e14a583ce53f8bed32434,05da0a85c80777d28ab8e1865f03bdde0c85c523a8ef0d8a1963cde765c6d161,2026-08-09T04:09:08.591333+00:00
tencent:20260618A04KRO00,2027QS世界大学排名发布：港大11名，北大13名，清华14名，浙大47名,60.0,3,internal_positive,A,生产基线,2,30,Alibaba,deepseek/deepseek-v4-flash,False,message.content,30,30,,,gen-1786248619-3SPCAkupa0f0JMFIb2Vz,stop,5.453954800963402,1,ok,,f3543a59d1c36a1adf8c8122ce5bdce82b2d8b18d408469f6caba358641c949a,a2731597235ef3ac29a81d9b61533414559cc69b072e14a583ce53f8bed32434,05da0a85c80777d28ab8e1865f03bdde0c85c523a8ef0d8a1963cde765c6d161,2026-08-09T04:10:24.222501+00:00
tencent:20260618A04KRO00,2027QS世界大学排名发布：港大11名，北大13名，清华14名，浙大47名,60.0,3,internal_positive,A,生产基线,3,35,Alibaba,deepseek/deepseek-v4-flash,False,message.content,35,35,,,gen-1786248673-WCYY4LNSgo67LH7064yv,stop,4.946525000035763,1,ok,,f3543a59d1c36a1adf8c8122ce5bdce82b2d8b18d408469f6caba358641c949a,a2731597235ef3ac29a81d9b61533414559cc69b072e14a583ce53f8bed32434,05da0a85c80777d28ab8e1865f03bdde0c85c523a8ef0d8a1963cde765c6d161,2026-08-09T04:11:17.319447+00:00
tencent:20260618A04KRO00,2027QS世界大学排名发布：港大11名，北大13名，清华14名，浙大47名,60.0,3,internal_positive,A,生产基线,4,40,Alibaba,deepseek/deepseek-v4-flash,False,message.content,40,40,,,gen-1786248689-xAUIkC1H99Ya9e6NZFNm,stop,5.004394598305225,1,ok,,f3543a59d1c36a1adf8c8122ce5bdce82b2d8b18d408469f6caba358641c949a,a2731597235ef3ac29a81d9b61533414559cc69b072e14a583ce53f8bed32434,05da0a85c80777d28ab8e1865f03bdde0c85c523a8ef0d8a1963cde765c6d161,2026-08-09T04:11:33.144502+00:00
tencent:20260618A04KRO00,2027QS世界大学排名发布：港大11名，北大13名，清华14名，浙大47名,60.0,3,internal_positive,A,生产基线,5,35,Alibaba,deepseek/deepseek-v4-flash,False,message.content,35,35,,,gen-1786248495-exuCTefZ0mREkR1VulnP,stop,4.400616597384214,1,ok,,f3543a59d1c36a1adf8c8122ce5bdce82b2d8b18d408469f6caba358641c949a,a2731597235ef3ac29a81d9b61533414559cc69b072e14a583ce53f8bed32434,05da0a85c80777d28ab8e1865f03bdde0c85c523a8ef0d8a1963cde765c6d161,2026-08-09T04:08:18.925159+00:00
tencent:20260618A04KRO00,2027QS世界大学排名发布：港大11名，北大13名，清华14名，浙大47名,60.0,3,internal_positive,B,固定 provider,1,25,Alibaba,deepseek/deepseek-v4-flash,False,message.content,25,25,,,gen-1786248526-hRrF9ZbzXNcTH94cuuu8,stop,4.3460815995931625,1,ok,,f3543a59d1c36a1adf8c8122ce5bdce82b2d8b18d408469f6caba358641c949a,a2731597235ef3ac29a81d9b61533414559cc69b072e14a583ce53f8bed32434,b33cee6e4253eb3b5d8488bc89f1376f01877eff31a86f126fd280cdd018399c,2026-08-09T04:08:49.554676+00:00
tencent:20260618A04KRO00,2027QS世界大学排名发布：港大11名，北大13名，清华14名，浙大47名,60.0,3,internal_positive,B,固定 provider,2,30,Alibaba,deepseek/deepseek-v4-flash,False,message.content,30,30,,,gen-1786248537-picfPcahyOFwZQuXT2Gq,stop,7.2402707003057,1,ok,,f3543a59d1c36a1adf8c8122ce5bdce82b2d8b18d408469f6caba358641c949a,a2731597235ef3ac29a81d9b61533414559cc69b072e14a583ce53f8bed32434,b33cee6e4253eb3b5d8488bc89f1376f01877eff31a86f126fd280cdd018399c,2026-08-09T04:09:04.195977+00:00
tencent:20260618A04KRO00,2027QS世界大学排名发布：港大11名，北大13名，清华14名，浙大47名,60.0,3,internal_positive,B,固定 provider,3,35,Alibaba,deepseek/deepseek-v4-flash,False,message.content,35,35,,,gen-1786248684-V2XM7wLZg739udyU2TdL,stop,4.429376300424337,1,ok,,f3543a59d1c36a1adf8c8122ce5bdce82b2d8b18d408469f6caba358641c949a,a2731597235ef3ac29a81d9b61533414559cc69b072e14a583ce53f8bed32434,b33cee6e4253eb3b5d8488bc89f1376f01877eff31a86f126fd280cdd018399c,2026-08-09T04:11:27.969357+00:00
tencent:20260618A04KRO00,2027QS世界大学排名发布：港大11名，北大13名，清华14名，浙大47名,60.0,3,internal_positive,B,固定 provider,4,30,Alibaba,deepseek/deepseek-v4-flash,False,message.content,30,30,,,gen-1786248467-akr7rxDfewnCFqjtSk2I,stop,3.881591398268938,1,ok,,f3543a59d1c36a1adf8c8122ce5bdce82b2d8b18d408469f6caba358641c949a,a2731597235ef3ac29a81d9b61533414559cc69b072e14a583ce53f8bed32434,b33cee6e4253eb3b5d8488bc89f1376f01877eff31a86f126fd280cdd018399c,2026-08-09T04:07:50.334794+00:00
tencent:20260618A04KRO00,2027QS世界大学排名发布：港大11名，北大13名，清华14名，浙大47名,60.0,3,internal_positive,B,固定 provider,5,25,Alibaba,deepseek/deepseek-v4-flash,False,message.content,25,25,,,gen-1786248459-ifNzpt2nd4zETn3gCJZa,stop,6.383733700960875,1,ok,,f3543a59d1c36a1adf8c8122ce5bdce82b2d8b18d408469f6caba358641c949a,a2731597235ef3ac29a81d9b61533414559cc69b072e14a583ce53f8bed32434,b33cee6e4253eb3b5d8488bc89f1376f01877eff31a86f126fd280cdd018399c,2026-08-09T04:07:44.751784+00:00
tencent:20260618A04KRO00,2027QS世界大学排名发布：港大11名，北大13名，清华14名，浙大47名,60.0,3,internal_positive,C,关闭 reasoning,1,20,Alibaba,deepseek/deepseek-v4-flash,False,message.content,20,20,,,gen-1786248635-VF3LrHGIJ0oXlQDR2Ryn,stop,1.9840506985783577,1,ok,,f3543a59d1c36a1adf8c8122ce5bdce82b2d8b18d408469f6caba358641c949a,a2731597235ef3ac29a81d9b61533414559cc69b072e14a583ce53f8bed32434,59a3e7f9e317b11e710df308b179f04f657d38eb0e85b0a369711af4f3456445,2026-08-09T04:10:36.861764+00:00
tencent:20260618A04KRO00,2027QS世界大学排名发布：港大11名，北大13名，清华14名，浙大47名,60.0,3,internal_positive,C,关闭 reasoning,2,75,Alibaba,deepseek/deepseek-v4-flash,False,message.content,75,75,,,gen-1786248625-rdaf94ZMQJRujvpkCJF6,stop,1.629007000476122,1,ok,,f3543a59d1c36a1adf8c8122ce5bdce82b2d8b18d408469f6caba358641c949a,a2731597235ef3ac29a81d9b61533414559cc69b072e14a583ce53f8bed32434,59a3e7f9e317b11e710df308b179f04f657d38eb0e85b0a369711af4f3456445,2026-08-09T04:10:26.392999+00:00
tencent:20260618A04KRO00,2027QS世界大学排名发布：港大11名，北大13名，清华14名，浙大47名,60.0,3,internal_positive,C,关闭 reasoning,3,75,Alibaba,deepseek/deepseek-v4-flash,False,message.content,75,75,,,gen-1786248598-pg6ndnMzSjQsa7cICTM6,stop,2.0660630986094475,1,ok,,f3543a59d1c36a1adf8c8122ce5bdce82b2d8b18d408469f6caba358641c949a,a2731597235ef3ac29a81d9b61533414559cc69b072e14a583ce53f8bed32434,59a3e7f9e317b11e710df308b179f04f657d38eb0e85b0a369711af4f3456445,2026-08-09T04:09:59.484857+00:00
tencent:20260618A04KRO00,2027QS世界大学排名发布：港大11名，北大13名，清华14名，浙大47名,60.0,3,internal_positive,C,关闭 reasoning,4,75,Alibaba,deepseek/deepseek-v4-flash,False,message.content,75,75,,,gen-1786248580-huDl5Wo5i9WDJGyvp6j8,stop,1.5035767033696175,1,ok,,f3543a59d1c36a1adf8c8122ce5bdce82b2d8b18d408469f6caba358641c949a,a2731597235ef3ac29a81d9b61533414559cc69b072e14a583ce53f8bed32434,59a3e7f9e317b11e710df308b179f04f657d38eb0e85b0a369711af4f3456445,2026-08-09T04:09:41.110900+00:00
tencent:20260618A04KRO00,2027QS世界大学排名发布：港大11名，北大13名，清华14名，浙大47名,60.0,3,internal_positive,C,关闭 reasoning,5,20,Alibaba,deepseek/deepseek-v4-flash,False,message.content,20,20,,,gen-1786248595-vGrwXR5jyX4Khc6u9t6w,stop,1.5362862013280392,1,ok,,f3543a59d1c36a1adf8c8122ce5bdce82b2d8b18d408469f6caba358641c949a,a2731597235ef3ac29a81d9b61533414559cc69b072e14a583ce53f8bed32434,59a3e7f9e317b11e710df308b179f04f657d38eb0e85b0a369711af4f3456445,2026-08-09T04:09:56.036834+00:00
tencent:20260618A04KRO00,2027QS世界大学排名发布：港大11名，北大13名，清华14名，浙大47名,60.0,3,internal_positive,D,固定 provider + 关闭 reasoning,1,75,Alibaba,deepseek/deepseek-v4-flash,False,message.content,75,75,,,gen-1786248455-UE6y5w8yXTYyDB3W137m,stop,2.2270017005503178,1,ok,,f3543a59d1c36a1adf8c8122ce5bdce82b2d8b18d408469f6caba358641c949a,a2731597235ef3ac29a81d9b61533414559cc69b072e14a583ce53f8bed32434,793b18307997d9eecc08018b0ffba7e8133937c77e04370faf317f5e821e7983,2026-08-09T04:07:36.791647+00:00
tencent:20260618A04KRO00,2027QS世界大学排名发布：港大11名，北大13名，清华14名，浙大47名,60.0,3,internal_positive,D,固定 provider + 关闭 reasoning,2,75,Alibaba,deepseek/deepseek-v4-flash,False,message.content,75,75,,,gen-1786248589-uNWRTQsErzgPo6Fv2mjN,stop,2.1842535994946957,1,ok,,f3543a59d1c36a1adf8c8122ce5bdce82b2d8b18d408469f6caba358641c949a,a2731597235ef3ac29a81d9b61533414559cc69b072e14a583ce53f8bed32434,793b18307997d9eecc08018b0ffba7e8133937c77e04370faf317f5e821e7983,2026-08-09T04:09:50.519223+00:00
tencent:20260618A04KRO00,2027QS世界大学排名发布：港大11名，北大13名，清华14名，浙大47名,60.0,3,internal_positive,D,固定 provider + 关闭 reasoning,3,20,Alibaba,deepseek/deepseek-v4-flash,False,message.content,20,20,,,gen-1786248662-0NoVE78Xi5aHbfP4oyuI,stop,1.740572202950716,1,ok,,f3543a59d1c36a1adf8c8122ce5bdce82b2d8b18d408469f6caba358641c949a,a2731597235ef3ac29a81d9b61533414559cc69b072e14a583ce53f8bed32434,793b18307997d9eecc08018b0ffba7e8133937c77e04370faf317f5e821e7983,2026-08-09T04:11:03.647723+00:00
tencent:20260618A04KRO00,2027QS世界大学排名发布：港大11名，北大13名，清华14名，浙大47名,60.0,3,internal_positive,D,固定 provider + 关闭 reasoning,4,75,Alibaba,deepseek/deepseek-v4-flash,False,message.content,75,75,,,gen-1786248509-jFxEqXP5UeZiVnodgFKi,stop,1.5154859982430935,1,ok,,f3543a59d1c36a1adf8c8122ce5bdce82b2d8b18d408469f6caba358641c949a,a2731597235ef3ac29a81d9b61533414559cc69b072e14a583ce53f8bed32434,793b18307997d9eecc08018b0ffba7e8133937c77e04370faf317f5e821e7983,2026-08-09T04:08:29.721239+00:00
tencent:20260618A04KRO00,2027QS世界大学排名发布：港大11名，北大13名，清华14名，浙大47名,60.0,3,internal_positive,D,固定 provider + 关闭 reasoning,5,20,Alibaba,deepseek/deepseek-v4-flash,False,message.content,20,20,,,gen-1786248586-XfHRxXsXbus2agxYJWyp,stop,1.4323761984705925,1,ok,,f3543a59d1c36a1adf8c8122ce5bdce82b2d8b18d408469f6caba358641c949a,a2731597235ef3ac29a81d9b61533414559cc69b072e14a583ce53f8bed32434,793b18307997d9eecc08018b0ffba7e8133937c77e04370faf317f5e821e7983,2026-08-09T04:09:47.032290+00:00
