article_id,title,stored_score,score_band,category,config_name,config_label,repetition,parsed_score,response_provider,response_model,message_content_empty,fallback_source,raw_output,message_content,message_reasoning,choice_reasoning_content,response_id,finish_reason,latency_seconds,http_attempts,status,error,prompt_sha256,common_payload_sha256,request_payload_sha256,completed_at
7571345639725662763,校长把稻田“搬进”教室，让孩子读懂“粒粒皆辛苦”,75.0,3,external_positive,A,生产基线,1,45,Alibaba,deepseek/deepseek-v4-flash,False,message.content,45,45,,,gen-1786289467-8BZ5Z93jXnovwOwLGpj4,stop,8.753521401435137,1,ok,,c4ae59abdf99c076fb76c862b70b752eef53b7265ae7a3bb4929311cd9999648,f44a548b0c2fc50876ef9401eedd05acd5220b568b8970353e84990a6e8e7f75,785118d16dcddafcfac2d01aebb39d30845b5a0d23f0ed6bf31c54e4838089b9,2026-08-09T15:31:14.772875+00:00
7571345639725662763,校长把稻田“搬进”教室，让孩子读懂“粒粒皆辛苦”,75.0,3,external_positive,A,生产基线,2,60,Alibaba,deepseek/deepseek-v4-flash,False,message.content,60,60,,,gen-1786289300-uhBjowJvJyvgnBqTWCDF,stop,11.950818698853254,1,ok,,c4ae59abdf99c076fb76c862b70b752eef53b7265ae7a3bb4929311cd9999648,f44a548b0c2fc50876ef9401eedd05acd5220b568b8970353e84990a6e8e7f75,785118d16dcddafcfac2d01aebb39d30845b5a0d23f0ed6bf31c54e4838089b9,2026-08-09T15:28:31.568224+00:00
7571345639725662763,校长把稻田“搬进”教室，让孩子读懂“粒粒皆辛苦”,75.0,3,external_positive,A,生产基线,3,58,Alibaba,deepseek/deepseek-v4-flash,False,message.content,58,58,,,gen-1786289357-sFXglQ2o1rmeCRKwPSi1,stop,3.8006721027195454,1,ok,,c4ae59abdf99c076fb76c862b70b752eef53b7265ae7a3bb4929311cd9999648,f44a548b0c2fc50876ef9401eedd05acd5220b568b8970353e84990a6e8e7f75,785118d16dcddafcfac2d01aebb39d30845b5a0d23f0ed6bf31c54e4838089b9,2026-08-09T15:29:19.754815+00:00
7571345639725662763,校长把稻田“搬进”教室，让孩子读懂“粒粒皆辛苦”,75.0,3,external_positive,D,固定 provider + 关闭 reasoning,1,45,Alibaba,deepseek/deepseek-v4-flash,False,message.content,45,45,,,gen-1786289696-xxYv9lAzIUNEHH9tgFwC,stop,1.6926922015845776,1,ok,,c4ae59abdf99c076fb76c862b70b752eef53b7265ae7a3bb4929311cd9999648,f44a548b0c2fc50876ef9401eedd05acd5220b568b8970353e84990a6e8e7f75,7289b94554c935742c15b9734817701c4f6e958d219c25b68240e1ac405193dd,2026-08-09T15:34:57.173549+00:00
7571345639725662763,校长把稻田“搬进”教室，让孩子读懂“粒粒皆辛苦”,75.0,3,external_positive,D,固定 provider + 关闭 reasoning,2,45,Alibaba,deepseek/deepseek-v4-flash,False,message.content,45,45,,,gen-1786289450-06xbb9whQ1lL7jD8KL3D,stop,1.5687008015811443,1,ok,,c4ae59abdf99c076fb76c862b70b752eef53b7265ae7a3bb4929311cd9999648,f44a548b0c2fc50876ef9401eedd05acd5220b568b8970353e84990a6e8e7f75,7289b94554c935742c15b9734817701c4f6e958d219c25b68240e1ac405193dd,2026-08-09T15:30:51.028559+00:00
7571345639725662763,校长把稻田“搬进”教室，让孩子读懂“粒粒皆辛苦”,75.0,3,external_positive,D,固定 provider + 关闭 reasoning,3,25,Alibaba,deepseek/deepseek-v4-flash,False,message.content,25,25,,,gen-1786289531-cy4WvtUyWjb5BEGQvx6e,stop,1.8409687988460064,1,ok,,c4ae59abdf99c076fb76c862b70b752eef53b7265ae7a3bb4929311cd9999648,f44a548b0c2fc50876ef9401eedd05acd5220b568b8970353e84990a6e8e7f75,7289b94554c935742c15b9734817701c4f6e958d219c25b68240e1ac405193dd,2026-08-09T15:32:11.930874+00:00
7572409532970943022,“辞家千里又千里，务必争气再争气”为什么让大家都湿了眼眶？,20.0,1,external_positive,A,生产基线,1,5,Alibaba,deepseek/deepseek-v4-flash,False,message.content,5,5,,,gen-1786289568-o2cosqr8f7LoFRDWNnhn,stop,7.048717401921749,1,ok,,d7202f6396a7effc0db0f76575257b23f0cb424bcae86017e7c6f528370774fb,5441b6fc62d7a8defda360177acf8cf786c6e2192664cea81a6c646aead65be1,c432f8846fee0dd9ca924239100325534907f0b90090ee1475f976c5e5fc0172,2026-08-09T15:32:54.089168+00:00
7572409532970943022,“辞家千里又千里，务必争气再争气”为什么让大家都湿了眼眶？,20.0,1,external_positive,A,生产基线,2,10,Alibaba,deepseek/deepseek-v4-flash,False,message.content,10,10,,,gen-1786289490-3YgIdT8lmRqM9aDbLnoo,stop,7.449976500123739,1,ok,,d7202f6396a7effc0db0f76575257b23f0cb424bcae86017e7c6f528370774fb,5441b6fc62d7a8defda360177acf8cf786c6e2192664cea81a6c646aead65be1,c432f8846fee0dd9ca924239100325534907f0b90090ee1475f976c5e5fc0172,2026-08-09T15:31:37.116144+00:00
7572409532970943022,“辞家千里又千里，务必争气再争气”为什么让大家都湿了眼眶？,20.0,1,external_positive,A,生产基线,3,10,Alibaba,deepseek/deepseek-v4-flash,False,message.content,10,10,,,gen-1786289295-rRxH17m2BrWFyLaQ4bIn,stop,6.226742599159479,1,ok,,d7202f6396a7effc0db0f76575257b23f0cb424bcae86017e7c6f528370774fb,5441b6fc62d7a8defda360177acf8cf786c6e2192664cea81a6c646aead65be1,c432f8846fee0dd9ca924239100325534907f0b90090ee1475f976c5e5fc0172,2026-08-09T15:28:20.360556+00:00
7572409532970943022,“辞家千里又千里，务必争气再争气”为什么让大家都湿了眼眶？,20.0,1,external_positive,D,固定 provider + 关闭 reasoning,1,0,Alibaba,deepseek/deepseek-v4-flash,False,message.content,0,0,,,gen-1786289491-tx4sm1hbB0s3B7nmMoRX,stop,1.5821252018213272,1,ok,,d7202f6396a7effc0db0f76575257b23f0cb424bcae86017e7c6f528370774fb,5441b6fc62d7a8defda360177acf8cf786c6e2192664cea81a6c646aead65be1,44a2400c82497ebacdb6583e6ba04b9a42d36635300321ae39dcd3f13c8a2274,2026-08-09T15:31:32.040316+00:00
7572409532970943022,“辞家千里又千里，务必争气再争气”为什么让大家都湿了眼眶？,20.0,1,external_positive,D,固定 provider + 关闭 reasoning,2,0,Alibaba,deepseek/deepseek-v4-flash,False,message.content,0,0,,,gen-1786289382-H0akqdZI4gaMMpkMnVEv,stop,1.8090559020638466,1,ok,,d7202f6396a7effc0db0f76575257b23f0cb424bcae86017e7c6f528370774fb,5441b6fc62d7a8defda360177acf8cf786c6e2192664cea81a6c646aead65be1,44a2400c82497ebacdb6583e6ba04b9a42d36635300321ae39dcd3f13c8a2274,2026-08-09T15:29:42.766027+00:00
7572409532970943022,“辞家千里又千里，务必争气再争气”为什么让大家都湿了眼眶？,20.0,1,external_positive,D,固定 provider + 关闭 reasoning,3,0,Alibaba,deepseek/deepseek-v4-flash,False,message.content,0,0,,,gen-1786289493-pl515ZgJkDZFGraBy4n3,stop,1.6369938999414444,1,ok,,d7202f6396a7effc0db0f76575257b23f0cb424bcae86017e7c6f528370774fb,5441b6fc62d7a8defda360177acf8cf786c6e2192664cea81a6c646aead65be1,44a2400c82497ebacdb6583e6ba04b9a42d36635300321ae39dcd3f13c8a2274,2026-08-09T15:31:33.678725+00:00
7575087565024379392,深耕古诗文教学 赋能情感育人,50.0,2,external_positive,A,生产基线,1,45,Alibaba,deepseek/deepseek-v4-flash,False,message.content,45,45,,,gen-1786289441-BY66cqYekJZDM5sfyUoj,stop,7.839858401566744,1,ok,,3ca2b450b200bb009fa0a44ba51aa0054b66d536d0ed59b54669c28cb70e85ec,19b50c3dd1625dfb8e9b5123584d3350531dd68248b043acd7fa1fa9dc2e2dac,df810098a8bc52543ecdb657f085dba95220e046bf826b73e28c1e282f52640c,2026-08-09T15:30:47.723386+00:00
7575087565024379392,深耕古诗文教学 赋能情感育人,50.0,2,external_positive,A,生产基线,2,20,Alibaba,deepseek/deepseek-v4-flash,False,message.content,20,20,,,gen-1786289556-qkEwRZRYuZR87hBWmser,stop,10.43551880121231,1,ok,,3ca2b450b200bb009fa0a44ba51aa0054b66d536d0ed59b54669c28cb70e85ec,19b50c3dd1625dfb8e9b5123584d3350531dd68248b043acd7fa1fa9dc2e2dac,df810098a8bc52543ecdb657f085dba95220e046bf826b73e28c1e282f52640c,2026-08-09T15:32:45.575049+00:00
7575087565024379392,深耕古诗文教学 赋能情感育人,50.0,2,external_positive,A,生产基线,3,45,Alibaba,deepseek/deepseek-v4-flash,False,message.content,45,45,,,gen-1786289678-3leW7J7nR5NbuD1en1o7,stop,4.197740398347378,1,ok,,3ca2b450b200bb009fa0a44ba51aa0054b66d536d0ed59b54669c28cb70e85ec,19b50c3dd1625dfb8e9b5123584d3350531dd68248b043acd7fa1fa9dc2e2dac,df810098a8bc52543ecdb657f085dba95220e046bf826b73e28c1e282f52640c,2026-08-09T15:34:41.849539+00:00
7575087565024379392,深耕古诗文教学 赋能情感育人,50.0,2,external_positive,D,固定 provider + 关闭 reasoning,1,34,Alibaba,deepseek/deepseek-v4-flash,False,message.content,34,34,,,gen-1786289571-mxh2YtohtoVioQNtS58k,stop,1.600942000746727,1,ok,,3ca2b450b200bb009fa0a44ba51aa0054b66d536d0ed59b54669c28cb70e85ec,19b50c3dd1625dfb8e9b5123584d3350531dd68248b043acd7fa1fa9dc2e2dac,609211a013959bdc7b92b4a0bc28df1c0cd026aaba6e61a11e909f5b5273e5d0,2026-08-09T15:32:51.913851+00:00
7575087565024379392,深耕古诗文教学 赋能情感育人,50.0,2,external_positive,D,固定 provider + 关闭 reasoning,2,25,Alibaba,deepseek/deepseek-v4-flash,False,message.content,25,25,,,gen-1786289520-EU5d72O6JB2YESKxzHC2,stop,2.7311275005340576,1,ok,,3ca2b450b200bb009fa0a44ba51aa0054b66d536d0ed59b54669c28cb70e85ec,19b50c3dd1625dfb8e9b5123584d3350531dd68248b043acd7fa1fa9dc2e2dac,609211a013959bdc7b92b4a0bc28df1c0cd026aaba6e61a11e909f5b5273e5d0,2026-08-09T15:32:01.269604+00:00
7575087565024379392,深耕古诗文教学 赋能情感育人,50.0,2,external_positive,D,固定 provider + 关闭 reasoning,3,34,Alibaba,deepseek/deepseek-v4-flash,False,message.content,34,34,,,gen-1786289702-yA5X6yJRUsxJzc8MfBAk,stop,1.8899311013519764,1,ok,,3ca2b450b200bb009fa0a44ba51aa0054b66d536d0ed59b54669c28cb70e85ec,19b50c3dd1625dfb8e9b5123584d3350531dd68248b043acd7fa1fa9dc2e2dac,609211a013959bdc7b92b4a0bc28df1c0cd026aaba6e61a11e909f5b5273e5d0,2026-08-09T15:35:03.306593+00:00
7575087565024379392,深耕古诗文教学 赋能情感育人,50.0,2,external_positive,D,固定 provider + 关闭 reasoning,4,45,Alibaba,deepseek/deepseek-v4-flash,False,message.content,45,45,,,gen-1786289404-qConRXr4hJ3PJ77JSJJJ,stop,1.754220500588417,1,ok,,3ca2b450b200bb009fa0a44ba51aa0054b66d536d0ed59b54669c28cb70e85ec,19b50c3dd1625dfb8e9b5123584d3350531dd68248b043acd7fa1fa9dc2e2dac,609211a013959bdc7b92b4a0bc28df1c0cd026aaba6e61a11e909f5b5273e5d0,2026-08-09T15:30:05.229354+00:00
7575087565024379392,深耕古诗文教学 赋能情感育人,50.0,2,external_positive,D,固定 provider + 关闭 reasoning,5,34,Alibaba,deepseek/deepseek-v4-flash,False,message.content,34,34,,,gen-1786289498-nUisQ8Ri0w0AKTPeaOe8,stop,1.411728199571371,1,ok,,3ca2b450b200bb009fa0a44ba51aa0054b66d536d0ed59b54669c28cb70e85ec,19b50c3dd1625dfb8e9b5123584d3350531dd68248b043acd7fa1fa9dc2e2dac,609211a013959bdc7b92b4a0bc28df1c0cd026aaba6e61a11e909f5b5273e5d0,2026-08-09T15:31:38.529261+00:00
7575087565024379392,深耕古诗文教学 赋能情感育人,50.0,2,external_positive,D,固定 provider + 关闭 reasoning,6,34,Alibaba,deepseek/deepseek-v4-flash,False,message.content,34,34,,,gen-1786289589-ZFI9ZjctkmuU6E6jexTk,stop,1.9336058013141155,1,ok,,3ca2b450b200bb009fa0a44ba51aa0054b66d536d0ed59b54669c28cb70e85ec,19b50c3dd1625dfb8e9b5123584d3350531dd68248b043acd7fa1fa9dc2e2dac,609211a013959bdc7b92b4a0bc28df1c0cd026aaba6e61a11e909f5b5273e5d0,2026-08-09T15:33:10.583273+00:00
7575087565024379392,深耕古诗文教学 赋能情感育人,50.0,2,external_positive,D,固定 provider + 关闭 reasoning,7,25,Alibaba,deepseek/deepseek-v4-flash,False,message.content,25,25,,,gen-1786289700-2sbOkktcYdh0xoCElKJL,stop,3.4332325980067253,1,ok,,3ca2b450b200bb009fa0a44ba51aa0054b66d536d0ed59b54669c28cb70e85ec,19b50c3dd1625dfb8e9b5123584d3350531dd68248b043acd7fa1fa9dc2e2dac,609211a013959bdc7b92b4a0bc28df1c0cd026aaba6e61a11e909f5b5273e5d0,2026-08-09T15:35:01.355010+00:00
7575087565024379392,深耕古诗文教学 赋能情感育人,50.0,2,external_positive,D,固定 provider + 关闭 reasoning,8,0,Alibaba,deepseek/deepseek-v4-flash,False,message.content,0,0,,,gen-1786289534-IlVFgzEo02I43hnFtKHq,stop,1.672968402504921,1,ok,,3ca2b450b200bb009fa0a44ba51aa0054b66d536d0ed59b54669c28cb70e85ec,19b50c3dd1625dfb8e9b5123584d3350531dd68248b043acd7fa1fa9dc2e2dac,609211a013959bdc7b92b4a0bc28df1c0cd026aaba6e61a11e909f5b5273e5d0,2026-08-09T15:32:14.409935+00:00
7575141576054211087,河南两部门联合发文！事关学校餐饮具清洗消毒,40.0,2,external_positive,D,固定 provider + 关闭 reasoning,1,75,Alibaba,deepseek/deepseek-v4-flash,False,message.content,75,75,,,gen-1786289277-WPXMOf6mzA8vRmKN37VE,stop,1.4896163009107113,1,ok,,bc3ef8fdd89bb4e9daa2a2c7e4fe135df2e9a3ba033cb2b147bd594203305e12,690f3dc668eb19ae0ea653baaafcf3fd087bb060ca41f2fa121b01abc88f60e5,f4b31d77272d2a997a06a11784df73f577fb847e6ba72d0e3b30637bf86a53af,2026-08-09T15:27:57.888288+00:00
7575141576054211087,河南两部门联合发文！事关学校餐饮具清洗消毒,40.0,2,external_positive,D,固定 provider + 关闭 reasoning,2,75,Alibaba,deepseek/deepseek-v4-flash,False,message.content,75,75,,,gen-1786289575-DSFkkbXvn147AUF7Ulyb,stop,1.7865400984883308,1,ok,,bc3ef8fdd89bb4e9daa2a2c7e4fe135df2e9a3ba033cb2b147bd594203305e12,690f3dc668eb19ae0ea653baaafcf3fd087bb060ca41f2fa121b01abc88f60e5,f4b31d77272d2a997a06a11784df73f577fb847e6ba72d0e3b30637bf86a53af,2026-08-09T15:32:55.831894+00:00
7575141576054211087,河南两部门联合发文！事关学校餐饮具清洗消毒,40.0,2,external_positive,D,固定 provider + 关闭 reasoning,3,75,Alibaba,deepseek/deepseek-v4-flash,False,message.content,75,75,,,gen-1786289360-TDRg9YWTRFS3iDy2gKYN,stop,1.5129061006009579,1,ok,,bc3ef8fdd89bb4e9daa2a2c7e4fe135df2e9a3ba033cb2b147bd594203305e12,690f3dc668eb19ae0ea653baaafcf3fd087bb060ca41f2fa121b01abc88f60e5,f4b31d77272d2a997a06a11784df73f577fb847e6ba72d0e3b30637bf86a53af,2026-08-09T15:29:20.661942+00:00
7575141576054211087,河南两部门联合发文！事关学校餐饮具清洗消毒,40.0,2,external_positive,D,固定 provider + 关闭 reasoning,4,75,Alibaba,deepseek/deepseek-v4-flash,False,message.content,75,75,,,gen-1786289497-5xKIZwU5cf0Ov3zATBbS,stop,1.5269993990659714,1,ok,,bc3ef8fdd89bb4e9daa2a2c7e4fe135df2e9a3ba033cb2b147bd594203305e12,690f3dc668eb19ae0ea653baaafcf3fd087bb060ca41f2fa121b01abc88f60e5,f4b31d77272d2a997a06a11784df73f577fb847e6ba72d0e3b30637bf86a53af,2026-08-09T15:31:37.805488+00:00
7575141576054211087,河南两部门联合发文！事关学校餐饮具清洗消毒,40.0,2,external_positive,D,固定 provider + 关闭 reasoning,5,75,Alibaba,deepseek/deepseek-v4-flash,False,message.content,75,75,,,gen-1786289615-P7lWItnCnKgN8KO4y393,stop,1.697910599410534,1,ok,,bc3ef8fdd89bb4e9daa2a2c7e4fe135df2e9a3ba033cb2b147bd594203305e12,690f3dc668eb19ae0ea653baaafcf3fd087bb060ca41f2fa121b01abc88f60e5,f4b31d77272d2a997a06a11784df73f577fb847e6ba72d0e3b30637bf86a53af,2026-08-09T15:33:35.595257+00:00
7576077820816884262,科技日报：从院士增选看中国科技创新新风向,30.0,1,internal_positive,A,生产基线,1,35,Alibaba,deepseek/deepseek-v4-flash,False,message.content,35,35,,,gen-1786289380-8eE2NL7sbLfFOk9eJb2l,stop,8.08930430188775,1,ok,,269c6837fe0873405f8993dd9634e8d08a91a0dafdf2659fac736303dd8c2c53,cbbb1fb21dd97ef0b1ab7bd7a6b8bf498564fbc7b6546197b318cff39e439939,a15442f841fe3c660f562d21ff9d250f027616ab0fd98028eb9681da71b56700,2026-08-09T15:29:47.865392+00:00
7576077820816884262,科技日报：从院士增选看中国科技创新新风向,30.0,1,internal_positive,A,生产基线,2,25,Alibaba,deepseek/deepseek-v4-flash,False,message.content,25,25,,,gen-1786289618-sbsT1XW0HYUqAaHrow92,stop,12.268321100622416,1,ok,,269c6837fe0873405f8993dd9634e8d08a91a0dafdf2659fac736303dd8c2c53,cbbb1fb21dd97ef0b1ab7bd7a6b8bf498564fbc7b6546197b318cff39e439939,a15442f841fe3c660f562d21ff9d250f027616ab0fd98028eb9681da71b56700,2026-08-09T15:33:49.518450+00:00
7576077820816884262,科技日报：从院士增选看中国科技创新新风向,30.0,1,internal_positive,A,生产基线,3,65,Alibaba,deepseek/deepseek-v4-flash,False,message.content,65,65,,,gen-1786289702-MaSoo9J4k787G0fuBpJS,stop,11.373696200549603,1,ok,,269c6837fe0873405f8993dd9634e8d08a91a0dafdf2659fac736303dd8c2c53,cbbb1fb21dd97ef0b1ab7bd7a6b8bf498564fbc7b6546197b318cff39e439939,a15442f841fe3c660f562d21ff9d250f027616ab0fd98028eb9681da71b56700,2026-08-09T15:35:12.730112+00:00
7576077820816884262,科技日报：从院士增选看中国科技创新新风向,30.0,1,internal_positive,D,固定 provider + 关闭 reasoning,1,0,Alibaba,deepseek/deepseek-v4-flash,False,message.content,0,0,,,gen-1786289399-Nq581mCoxxwhFLHWYGeB,stop,1.567817896604538,1,ok,,269c6837fe0873405f8993dd9634e8d08a91a0dafdf2659fac736303dd8c2c53,cbbb1fb21dd97ef0b1ab7bd7a6b8bf498564fbc7b6546197b318cff39e439939,2ab9b999891fa1d425f392ca17587b09883fdff3fb70131de414825b0076e528,2026-08-09T15:29:59.617030+00:00
7576077820816884262,科技日报：从院士增选看中国科技创新新风向,30.0,1,internal_positive,D,固定 provider + 关闭 reasoning,2,15,Alibaba,deepseek/deepseek-v4-flash,False,message.content,15,15,,,gen-1786289264-NXaBILlaXavbwmmEL6S1,stop,2.715269297361374,1,ok,,269c6837fe0873405f8993dd9634e8d08a91a0dafdf2659fac736303dd8c2c53,cbbb1fb21dd97ef0b1ab7bd7a6b8bf498564fbc7b6546197b318cff39e439939,2ab9b999891fa1d425f392ca17587b09883fdff3fb70131de414825b0076e528,2026-08-09T15:27:44.756241+00:00
7576077820816884262,科技日报：从院士增选看中国科技创新新风向,30.0,1,internal_positive,D,固定 provider + 关闭 reasoning,3,15,Alibaba,deepseek/deepseek-v4-flash,False,message.content,15,15,,,gen-1786289611-6c9s12G2Gzi2XllXXtaT,stop,1.8072967007756233,1,ok,,269c6837fe0873405f8993dd9634e8d08a91a0dafdf2659fac736303dd8c2c53,cbbb1fb21dd97ef0b1ab7bd7a6b8bf498564fbc7b6546197b318cff39e439939,2ab9b999891fa1d425f392ca17587b09883fdff3fb70131de414825b0076e528,2026-08-09T15:33:31.825780+00:00
7578798004317078056,大国五年丨立德树人，夯实民族复兴之基,25.0,1,external_positive,A,生产基线,1,10,Alibaba,deepseek/deepseek-v4-flash,False,message.content,10,10,,,gen-1786289435-2CwudHtJ0P9ZoG9TQfo7,stop,5.993335701525211,1,ok,,e16f33cf82299079549f94b4b39cb1b99b3281ff9a6c6f7c69d2cdb2a99fad0f,0e0922146f5b4549d31984e3f4498d516a8df85c6376a76d88be42f1e5d422d2,7566efd86cefc53f332835cbcd3c421e094e415aae5b4aaa3ac3cb90cf4152b6,2026-08-09T15:30:40.090728+00:00
7578798004317078056,大国五年丨立德树人，夯实民族复兴之基,25.0,1,external_positive,A,生产基线,2,15,Alibaba,deepseek/deepseek-v4-flash,False,message.content,15,15,,,gen-1786289690-ZLZcigJjkmzwYxG8IOwp,stop,5.801111198961735,1,ok,,e16f33cf82299079549f94b4b39cb1b99b3281ff9a6c6f7c69d2cdb2a99fad0f,0e0922146f5b4549d31984e3f4498d516a8df85c6376a76d88be42f1e5d422d2,7566efd86cefc53f332835cbcd3c421e094e415aae5b4aaa3ac3cb90cf4152b6,2026-08-09T15:34:54.796362+00:00
7578798004317078056,大国五年丨立德树人，夯实民族复兴之基,25.0,1,external_positive,A,生产基线,3,18,Alibaba,deepseek/deepseek-v4-flash,False,message.content,18,18,,,gen-1786289690-7ud0A1pvNsP6amCwkMHW,stop,4.753889802843332,1,ok,,e16f33cf82299079549f94b4b39cb1b99b3281ff9a6c6f7c69d2cdb2a99fad0f,0e0922146f5b4549d31984e3f4498d516a8df85c6376a76d88be42f1e5d422d2,7566efd86cefc53f332835cbcd3c421e094e415aae5b4aaa3ac3cb90cf4152b6,2026-08-09T15:34:53.734836+00:00
7578798004317078056,大国五年丨立德树人，夯实民族复兴之基,25.0,1,external_positive,D,固定 provider + 关闭 reasoning,1,15,Alibaba,deepseek/deepseek-v4-flash,False,message.content,15,15,,,gen-1786289475-9GhCG7ygt3tHGZ7mL6bh,stop,1.8164429031312466,1,ok,,e16f33cf82299079549f94b4b39cb1b99b3281ff9a6c6f7c69d2cdb2a99fad0f,0e0922146f5b4549d31984e3f4498d516a8df85c6376a76d88be42f1e5d422d2,78b0c6fe392358400779ed86655aba0215e750dbbe09a01d060a86382cad0930,2026-08-09T15:31:15.790082+00:00
7578798004317078056,大国五年丨立德树人，夯实民族复兴之基,25.0,1,external_positive,D,固定 provider + 关闭 reasoning,2,75,Alibaba,deepseek/deepseek-v4-flash,False,message.content,75,75,,,gen-1786289562-CgI4sWa4gexgBnPsXkTb,stop,2.4203027971088886,1,ok,,e16f33cf82299079549f94b4b39cb1b99b3281ff9a6c6f7c69d2cdb2a99fad0f,0e0922146f5b4549d31984e3f4498d516a8df85c6376a76d88be42f1e5d422d2,78b0c6fe392358400779ed86655aba0215e750dbbe09a01d060a86382cad0930,2026-08-09T15:32:43.015741+00:00
7578798004317078056,大国五年丨立德树人，夯实民族复兴之基,25.0,1,external_positive,D,固定 provider + 关闭 reasoning,3,75,Alibaba,deepseek/deepseek-v4-flash,False,message.content,75,75,,,gen-1786289475-Fb7lncLGI2iUzNN7hIBt,stop,1.531336098909378,1,ok,,e16f33cf82299079549f94b4b39cb1b99b3281ff9a6c6f7c69d2cdb2a99fad0f,0e0922146f5b4549d31984e3f4498d516a8df85c6376a76d88be42f1e5d422d2,78b0c6fe392358400779ed86655aba0215e750dbbe09a01d060a86382cad0930,2026-08-09T15:31:16.305550+00:00
7579200351518065204,福建福州：交通安全宣传进学校,5.0,0,external_positive,A,生产基线,1,15,Alibaba,deepseek/deepseek-v4-flash,False,message.content,15,15,,,gen-1786289610-xVbtn0cz0OT0P9hqZyZD,stop,4.979000002145767,1,ok,,fd97152d78e247aaa7d9fa5817f450e767410f274b444add0bd4629ed23f2b2b,4858f6976efe384c36c02add93d134b85b8e6213f8484d56bb0dd5c443289b1f,9060ad4c7784701a1d1975eda53394927432e101bfc75f6f66252a1c6bb68bf9,2026-08-09T15:33:33.298480+00:00
7579200351518065204,福建福州：交通安全宣传进学校,5.0,0,external_positive,A,生产基线,2,10,Alibaba,deepseek/deepseek-v4-flash,False,message.content,10,10,,,gen-1786289415-0GRwHjMlbZlCbSUe2Qos,stop,3.323735900223255,1,ok,,fd97152d78e247aaa7d9fa5817f450e767410f274b444add0bd4629ed23f2b2b,4858f6976efe384c36c02add93d134b85b8e6213f8484d56bb0dd5c443289b1f,9060ad4c7784701a1d1975eda53394927432e101bfc75f6f66252a1c6bb68bf9,2026-08-09T15:30:17.324139+00:00
7579200351518065204,福建福州：交通安全宣传进学校,5.0,0,external_positive,A,生产基线,3,20,Alibaba,deepseek/deepseek-v4-flash,False,message.content,20,20,,,gen-1786289578-q7S1ZHvbE9VU8oDPPfki,stop,7.644784599542618,1,ok,,fd97152d78e247aaa7d9fa5817f450e767410f274b444add0bd4629ed23f2b2b,4858f6976efe384c36c02add93d134b85b8e6213f8484d56bb0dd5c443289b1f,9060ad4c7784701a1d1975eda53394927432e101bfc75f6f66252a1c6bb68bf9,2026-08-09T15:33:05.044239+00:00
7579200351518065204,福建福州：交通安全宣传进学校,5.0,0,external_positive,D,固定 provider + 关闭 reasoning,1,15,Alibaba,deepseek/deepseek-v4-flash,False,message.content,15,15,,,gen-1786289697-8Goe0vSUysQJpAHPaE8v,stop,1.5783242993056774,1,ok,,fd97152d78e247aaa7d9fa5817f450e767410f274b444add0bd4629ed23f2b2b,4858f6976efe384c36c02add93d134b85b8e6213f8484d56bb0dd5c443289b1f,0c71a98d9b9c38094ad15e52a269b1845d343aeff70db93b32af33d24169359f,2026-08-09T15:34:57.920275+00:00
7579200351518065204,福建福州：交通安全宣传进学校,5.0,0,external_positive,D,固定 provider + 关闭 reasoning,2,15,Alibaba,deepseek/deepseek-v4-flash,False,message.content,15,15,,,gen-1786289493-L2OrpH35EqRBxzPz3BgK,stop,1.7097354009747505,1,ok,,fd97152d78e247aaa7d9fa5817f450e767410f274b444add0bd4629ed23f2b2b,4858f6976efe384c36c02add93d134b85b8e6213f8484d56bb0dd5c443289b1f,0c71a98d9b9c38094ad15e52a269b1845d343aeff70db93b32af33d24169359f,2026-08-09T15:31:34.464068+00:00
7579200351518065204,福建福州：交通安全宣传进学校,5.0,0,external_positive,D,固定 provider + 关闭 reasoning,3,15,Alibaba,deepseek/deepseek-v4-flash,False,message.content,15,15,,,gen-1786289632-ledfNbOI1Z8uDAuvt3oW,stop,2.2657675966620445,1,ok,,fd97152d78e247aaa7d9fa5817f450e767410f274b444add0bd4629ed23f2b2b,4858f6976efe384c36c02add93d134b85b8e6213f8484d56bb0dd5c443289b1f,0c71a98d9b9c38094ad15e52a269b1845d343aeff70db93b32af33d24169359f,2026-08-09T15:33:53.442700+00:00
7582580469724676649,吉安职业技术学院：新工科引领 培养复合型技术技能人才,70.0,3,external_positive,A,生产基线,1,55,Alibaba,deepseek/deepseek-v4-flash,False,message.content,55,55,,,gen-1786289392-h9Sjwzt40FihNKowG8vM,stop,9.021311201155186,1,ok,,1fde4c13b725df3a2108032a7db3ed8a03c078a87d2ac562e8beab9e0abdd6c8,d014e7c87305636ccf08612cafb6a00efa481da173d9f80437886d899b8eb569,cd9b4a46b9b247a4b0c554408fa954f1fb67380d7ece8b6a6164b53a891d2a85,2026-08-09T15:30:00.303949+00:00
7582580469724676649,吉安职业技术学院：新工科引领 培养复合型技术技能人才,70.0,3,external_positive,A,生产基线,2,82,Alibaba,deepseek/deepseek-v4-flash,False,message.content,82,82,,,gen-1786289355-zcev1xGNVDQlOb6IprMe,stop,7.52269109711051,1,ok,,1fde4c13b725df3a2108032a7db3ed8a03c078a87d2ac562e8beab9e0abdd6c8,d014e7c87305636ccf08612cafb6a00efa481da173d9f80437886d899b8eb569,cd9b4a46b9b247a4b0c554408fa954f1fb67380d7ece8b6a6164b53a891d2a85,2026-08-09T15:29:21.150166+00:00
7582580469724676649,吉安职业技术学院：新工科引领 培养复合型技术技能人才,70.0,3,external_positive,A,生产基线,3,50,Alibaba,deepseek/deepseek-v4-flash,False,message.content,50,50,,,gen-1786289274-NFnJExO80rTOG4zG3mmJ,stop,8.744618900120258,1,ok,,1fde4c13b725df3a2108032a7db3ed8a03c078a87d2ac562e8beab9e0abdd6c8,d014e7c87305636ccf08612cafb6a00efa481da173d9f80437886d899b8eb569,cd9b4a46b9b247a4b0c554408fa954f1fb67380d7ece8b6a6164b53a891d2a85,2026-08-09T15:28:02.011922+00:00
7582580469724676649,吉安职业技术学院：新工科引领 培养复合型技术技能人才,70.0,3,external_positive,D,固定 provider + 关闭 reasoning,1,75,Alibaba,deepseek/deepseek-v4-flash,False,message.content,75,75,,,gen-1786289299-oMIDkk0LdQvHwDkFavfp,stop,1.5223782993853092,1,ok,,1fde4c13b725df3a2108032a7db3ed8a03c078a87d2ac562e8beab9e0abdd6c8,d014e7c87305636ccf08612cafb6a00efa481da173d9f80437886d899b8eb569,a6717659565c928c07ad88136e098a04b88cead871f753ba9c609d8850af24e3,2026-08-09T15:28:19.616003+00:00
7582580469724676649,吉安职业技术学院：新工科引领 培养复合型技术技能人才,70.0,3,external_positive,D,固定 provider + 关闭 reasoning,2,75,Alibaba,deepseek/deepseek-v4-flash,False,message.content,75,75,,,gen-1786289677-QFy2iEwY99n19lbkqm3f,stop,1.5733382999897003,1,ok,,1fde4c13b725df3a2108032a7db3ed8a03c078a87d2ac562e8beab9e0abdd6c8,d014e7c87305636ccf08612cafb6a00efa481da173d9f80437886d899b8eb569,a6717659565c928c07ad88136e098a04b88cead871f753ba9c609d8850af24e3,2026-08-09T15:34:37.649774+00:00
7582580469724676649,吉安职业技术学院：新工科引领 培养复合型技术技能人才,70.0,3,external_positive,D,固定 provider + 关闭 reasoning,3,75,Alibaba,deepseek/deepseek-v4-flash,False,message.content,75,75,,,gen-1786289386-LELUffnJtpUiHm4ss3Nc,stop,1.3298595994710922,1,ok,,1fde4c13b725df3a2108032a7db3ed8a03c078a87d2ac562e8beab9e0abdd6c8,d014e7c87305636ccf08612cafb6a00efa481da173d9f80437886d899b8eb569,a6717659565c928c07ad88136e098a04b88cead871f753ba9c609d8850af24e3,2026-08-09T15:29:46.802298+00:00
7584059794098356762,“绿色·未来”文旅产品创意全国邀请赛在雄安新区开赛,65.0,3,internal_positive,A,生产基线,1,38,Alibaba,deepseek/deepseek-v4-flash,False,message.content,38,38,,,gen-1786289648-7kxnd5ffnqVzw4nQTHfl,stop,9.269950199872255,1,ok,,546111d7b4984f80254cd20d227277fc542871259548f0f27b78e46b60665013,a4dbe1debfd64f2c895aba00fd2dc3b57b75389f026bb516993c2f7da4fd4c99,addbc422001a3be1b8641c411c70aca9675ac49abcb55b1de9ac3286f436b5a4,2026-08-09T15:34:16.318589+00:00
7584059794098356762,“绿色·未来”文旅产品创意全国邀请赛在雄安新区开赛,65.0,3,internal_positive,A,生产基线,2,45,Alibaba,deepseek/deepseek-v4-flash,False,message.content,45,45,,,gen-1786289588-oDF8KTTIcmmhPwEm15Gm,stop,13.414552003145218,1,ok,,546111d7b4984f80254cd20d227277fc542871259548f0f27b78e46b60665013,a4dbe1debfd64f2c895aba00fd2dc3b57b75389f026bb516993c2f7da4fd4c99,addbc422001a3be1b8641c411c70aca9675ac49abcb55b1de9ac3286f436b5a4,2026-08-09T15:33:20.370788+00:00
7584059794098356762,“绿色·未来”文旅产品创意全国邀请赛在雄安新区开赛,65.0,3,internal_positive,A,生产基线,3,35,Alibaba,deepseek/deepseek-v4-flash,False,message.content,35,35,,,gen-1786289591-E80dg05A3PrevyZlUmyr,stop,9.586724698543549,1,ok,,546111d7b4984f80254cd20d227277fc542871259548f0f27b78e46b60665013,a4dbe1debfd64f2c895aba00fd2dc3b57b75389f026bb516993c2f7da4fd4c99,addbc422001a3be1b8641c411c70aca9675ac49abcb55b1de9ac3286f436b5a4,2026-08-09T15:33:20.171382+00:00
7584059794098356762,“绿色·未来”文旅产品创意全国邀请赛在雄安新区开赛,65.0,3,internal_positive,D,固定 provider + 关闭 reasoning,1,75,Alibaba,deepseek/deepseek-v4-flash,False,message.content,75,75,,,gen-1786289577-QUi49OdPMtTeureMLnmw,stop,1.6162334010004997,1,ok,,546111d7b4984f80254cd20d227277fc542871259548f0f27b78e46b60665013,a4dbe1debfd64f2c895aba00fd2dc3b57b75389f026bb516993c2f7da4fd4c99,44fff8d6ff56514a6c42fd8552f8ac06910bc64c52c02ead0a2952b2317e7568,2026-08-09T15:32:57.765873+00:00
7584059794098356762,“绿色·未来”文旅产品创意全国邀请赛在雄安新区开赛,65.0,3,internal_positive,D,固定 provider + 关闭 reasoning,2,75,Alibaba,deepseek/deepseek-v4-flash,False,message.content,75,75,,,gen-1786289700-a5jNmTAGOLR4yVrMiBof,stop,2.77995740249753,1,ok,,546111d7b4984f80254cd20d227277fc542871259548f0f27b78e46b60665013,a4dbe1debfd64f2c895aba00fd2dc3b57b75389f026bb516993c2f7da4fd4c99,44fff8d6ff56514a6c42fd8552f8ac06910bc64c52c02ead0a2952b2317e7568,2026-08-09T15:35:01.415354+00:00
7584059794098356762,“绿色·未来”文旅产品创意全国邀请赛在雄安新区开赛,65.0,3,internal_positive,D,固定 provider + 关闭 reasoning,3,75,Alibaba,deepseek/deepseek-v4-flash,False,message.content,75,75,,,gen-1786289660-UQwC3taOeU0MVzjG1y5x,stop,1.6732642985880375,1,ok,,546111d7b4984f80254cd20d227277fc542871259548f0f27b78e46b60665013,a4dbe1debfd64f2c895aba00fd2dc3b57b75389f026bb516993c2f7da4fd4c99,44fff8d6ff56514a6c42fd8552f8ac06910bc64c52c02ead0a2952b2317e7568,2026-08-09T15:34:20.850217+00:00
7584376512065929737,宜宾江安汉安中学扎实开展教学常规检查工作,25.0,1,external_positive,A,生产基线,1,45,Alibaba,deepseek/deepseek-v4-flash,False,message.content,45,45,,,gen-1786289704-nM1CaYmTdcnCXmw16MeC,stop,3.690768800675869,1,ok,,4310cf129bcfd39efe05290b8a716fb81456542231b0fdb1b992c95ad9bd055f,cc681ce499966e99cddd05c10066c595bb118b5003697c35e01cbe58f23f427c,4108414725c6f1627b792af67ae1b4d1cb042ab9b2dba9ac425af556ef84c7ea,2026-08-09T15:35:06.998737+00:00
7584376512065929737,宜宾江安汉安中学扎实开展教学常规检查工作,25.0,1,external_positive,A,生产基线,2,20,Alibaba,deepseek/deepseek-v4-flash,False,message.content,20,20,,,gen-1786289703-ZdtKjOB9EPF28piZ0BWn,stop,4.4425315000116825,1,ok,,4310cf129bcfd39efe05290b8a716fb81456542231b0fdb1b992c95ad9bd055f,cc681ce499966e99cddd05c10066c595bb118b5003697c35e01cbe58f23f427c,4108414725c6f1627b792af67ae1b4d1cb042ab9b2dba9ac425af556ef84c7ea,2026-08-09T15:35:06.775063+00:00
7584376512065929737,宜宾江安汉安中学扎实开展教学常规检查工作,25.0,1,external_positive,A,生产基线,3,20,Alibaba,deepseek/deepseek-v4-flash,False,message.content,20,20,,,gen-1786289656-fpeSp0Dqq2Gn7jtRbvdx,stop,9.253356099128723,1,ok,,4310cf129bcfd39efe05290b8a716fb81456542231b0fdb1b992c95ad9bd055f,cc681ce499966e99cddd05c10066c595bb118b5003697c35e01cbe58f23f427c,4108414725c6f1627b792af67ae1b4d1cb042ab9b2dba9ac425af556ef84c7ea,2026-08-09T15:34:24.940141+00:00
7584376512065929737,宜宾江安汉安中学扎实开展教学常规检查工作,25.0,1,external_positive,D,固定 provider + 关闭 reasoning,1,34,Alibaba,deepseek/deepseek-v4-flash,False,message.content,34,34,,,gen-1786289479-W638CjfRgQ9v3ykApQAc,stop,1.9167792983353138,1,ok,,4310cf129bcfd39efe05290b8a716fb81456542231b0fdb1b992c95ad9bd055f,cc681ce499966e99cddd05c10066c595bb118b5003697c35e01cbe58f23f427c,017391e9e8294dfa0d8ca1c81ee731217f25103013017167edf7e32fb9f6353f,2026-08-09T15:31:19.726936+00:00
7584376512065929737,宜宾江安汉安中学扎实开展教学常规检查工作,25.0,1,external_positive,D,固定 provider + 关闭 reasoning,2,15,Alibaba,deepseek/deepseek-v4-flash,False,message.content,15,15,,,gen-1786289412-z6EQAO7hf3oh5mJ6PIe1,stop,1.567596197128296,1,ok,,4310cf129bcfd39efe05290b8a716fb81456542231b0fdb1b992c95ad9bd055f,cc681ce499966e99cddd05c10066c595bb118b5003697c35e01cbe58f23f427c,017391e9e8294dfa0d8ca1c81ee731217f25103013017167edf7e32fb9f6353f,2026-08-09T15:30:12.718183+00:00
7584376512065929737,宜宾江安汉安中学扎实开展教学常规检查工作,25.0,1,external_positive,D,固定 provider + 关闭 reasoning,3,15,Alibaba,deepseek/deepseek-v4-flash,False,message.content,15,15,,,gen-1786289579-I73aCtXgmJRPFc911FOH,stop,1.7737477011978626,1,ok,,4310cf129bcfd39efe05290b8a716fb81456542231b0fdb1b992c95ad9bd055f,cc681ce499966e99cddd05c10066c595bb118b5003697c35e01cbe58f23f427c,017391e9e8294dfa0d8ca1c81ee731217f25103013017167edf7e32fb9f6353f,2026-08-09T15:33:00.027671+00:00
7584732182552379919,中国首例二维金属入选《物理世界》“2025年十大突破”,60.0,3,internal_positive,A,生产基线,1,0,Parasail,deepseek/deepseek-v4-flash,False,message.content,0,0,,,gen-1786289614-yx04PWW2wxf4jAAWH5vP,stop,26.943667698651552,1,ok,,1d5085479d59e18a50a5421fb42e75a1ba3b7546b0a3ae13ff1ea831c185b09d,e8b08a64b051b50981908f540cb3a64207cb72d5610f380b48dd923a5f296742,f70f586800a261ea7de30cd11ee5c21247d28ea92bf864cdbe948b1ad4660c69,2026-08-09T15:34:00.433622+00:00
7584732182552379919,中国首例二维金属入选《物理世界》“2025年十大突破”,60.0,3,internal_positive,A,生产基线,2,5,Alibaba,deepseek/deepseek-v4-flash,False,message.content,5,5,,,gen-1786289495-0p0qdESgsEmxugc2hYO8,stop,13.205391600728035,1,ok,,1d5085479d59e18a50a5421fb42e75a1ba3b7546b0a3ae13ff1ea831c185b09d,e8b08a64b051b50981908f540cb3a64207cb72d5610f380b48dd923a5f296742,f70f586800a261ea7de30cd11ee5c21247d28ea92bf864cdbe948b1ad4660c69,2026-08-09T15:31:47.670767+00:00
7584732182552379919,中国首例二维金属入选《物理世界》“2025年十大突破”,60.0,3,internal_positive,A,生产基线,3,10,Alibaba,deepseek/deepseek-v4-flash,False,message.content,10,10,,,gen-1786289267-RjcP1dVyFsQterDLqOkt,stop,9.874049998819828,1,ok,,1d5085479d59e18a50a5421fb42e75a1ba3b7546b0a3ae13ff1ea831c185b09d,e8b08a64b051b50981908f540cb3a64207cb72d5610f380b48dd923a5f296742,f70f586800a261ea7de30cd11ee5c21247d28ea92bf864cdbe948b1ad4660c69,2026-08-09T15:27:56.397101+00:00
7584732182552379919,中国首例二维金属入选《物理世界》“2025年十大突破”,60.0,3,internal_positive,D,固定 provider + 关闭 reasoning,1,75,Alibaba,deepseek/deepseek-v4-flash,False,message.content,75,75,,,gen-1786289374-atlFDRW5BPUJS9jlTV49,stop,1.6975401006639004,1,ok,,1d5085479d59e18a50a5421fb42e75a1ba3b7546b0a3ae13ff1ea831c185b09d,e8b08a64b051b50981908f540cb3a64207cb72d5610f380b48dd923a5f296742,4097ea3e40aaa1fe53a14af7bd8b5e66e4ed852c3d7d2201d45ff559e9472ec8,2026-08-09T15:29:34.975558+00:00
7584732182552379919,中国首例二维金属入选《物理世界》“2025年十大突破”,60.0,3,internal_positive,D,固定 provider + 关闭 reasoning,2,20,Alibaba,deepseek/deepseek-v4-flash,False,message.content,20,20,,,gen-1786289643-9Z2nocAH2dTVk1LFVAZG,stop,1.398428000509739,1,ok,,1d5085479d59e18a50a5421fb42e75a1ba3b7546b0a3ae13ff1ea831c185b09d,e8b08a64b051b50981908f540cb3a64207cb72d5610f380b48dd923a5f296742,4097ea3e40aaa1fe53a14af7bd8b5e66e4ed852c3d7d2201d45ff559e9472ec8,2026-08-09T15:34:03.507650+00:00
7584732182552379919,中国首例二维金属入选《物理世界》“2025年十大突破”,60.0,3,internal_positive,D,固定 provider + 关闭 reasoning,3,15,Alibaba,deepseek/deepseek-v4-flash,False,message.content,15,15,,,gen-1786289566-CqvWQlEEOOVxY9c345qh,stop,1.4626250974833965,1,ok,,1d5085479d59e18a50a5421fb42e75a1ba3b7546b0a3ae13ff1ea831c185b09d,e8b08a64b051b50981908f540cb3a64207cb72d5610f380b48dd923a5f296742,4097ea3e40aaa1fe53a14af7bd8b5e66e4ed852c3d7d2201d45ff559e9472ec8,2026-08-09T15:32:47.039114+00:00
7585425820647277066,驼铃渡远，玉帛通衢：丝路胡商与汉唐社会的文化交流,45.0,2,internal_positive,A,生产基线,1,0,Alibaba,deepseek/deepseek-v4-flash,False,message.content,0,0,,,gen-1786289520-jJ4eH2nUPPqQj4bFBsDS,stop,11.983638502657413,1,ok,,7379b8dd682a1de3f0106948b6053e2399db3dee7ffaf2bb2e39cb284ef10c3d,e020065333990d4d51290895689801bd1554b6508353d54576b171c870416c0f,b9ec4e0ed9fea4d2c8f531f340a3986c8bb35fe778554cb5f6443ec2c85c7b0c,2026-08-09T15:32:11.411732+00:00
7585425820647277066,驼铃渡远，玉帛通衢：丝路胡商与汉唐社会的文化交流,45.0,2,internal_positive,A,生产基线,2,5,Alibaba,deepseek/deepseek-v4-flash,False,message.content,5,5,,,gen-1786289369-Vhf7MY2jEGjJtebDT7U5,stop,15.147472102195024,1,ok,,7379b8dd682a1de3f0106948b6053e2399db3dee7ffaf2bb2e39cb284ef10c3d,e020065333990d4d51290895689801bd1554b6508353d54576b171c870416c0f,b9ec4e0ed9fea4d2c8f531f340a3986c8bb35fe778554cb5f6443ec2c85c7b0c,2026-08-09T15:29:43.899726+00:00
7585425820647277066,驼铃渡远，玉帛通衢：丝路胡商与汉唐社会的文化交流,45.0,2,internal_positive,A,生产基线,3,5,Alibaba,deepseek/deepseek-v4-flash,False,message.content,5,5,,,gen-1786289289-2YPGyTAQwzHIt1ivBqph,stop,8.28016760200262,1,ok,,7379b8dd682a1de3f0106948b6053e2399db3dee7ffaf2bb2e39cb284ef10c3d,e020065333990d4d51290895689801bd1554b6508353d54576b171c870416c0f,b9ec4e0ed9fea4d2c8f531f340a3986c8bb35fe778554cb5f6443ec2c85c7b0c,2026-08-09T15:28:16.077990+00:00
7585425820647277066,驼铃渡远，玉帛通衢：丝路胡商与汉唐社会的文化交流,45.0,2,internal_positive,D,固定 provider + 关闭 reasoning,1,15,Alibaba,deepseek/deepseek-v4-flash,False,message.content,15,15,,,gen-1786289516-GDU0ekMCwe6dplk1If7F,stop,11.308875899761915,1,ok,,7379b8dd682a1de3f0106948b6053e2399db3dee7ffaf2bb2e39cb284ef10c3d,e020065333990d4d51290895689801bd1554b6508353d54576b171c870416c0f,22009818f37376dc117bf14214ab6cd73058afcd1d8fbcec8e4850939fe38f7a,2026-08-09T15:32:06.819167+00:00
7585425820647277066,驼铃渡远，玉帛通衢：丝路胡商与汉唐社会的文化交流,45.0,2,internal_positive,D,固定 provider + 关闭 reasoning,2,15,Alibaba,deepseek/deepseek-v4-flash,False,message.content,15,15,,,gen-1786289350-EWQ9etoNYS0ABzGvfMag,stop,1.5479731000959873,1,ok,,7379b8dd682a1de3f0106948b6053e2399db3dee7ffaf2bb2e39cb284ef10c3d,e020065333990d4d51290895689801bd1554b6508353d54576b171c870416c0f,22009818f37376dc117bf14214ab6cd73058afcd1d8fbcec8e4850939fe38f7a,2026-08-09T15:29:10.932745+00:00
7585425820647277066,驼铃渡远，玉帛通衢：丝路胡商与汉唐社会的文化交流,45.0,2,internal_positive,D,固定 provider + 关闭 reasoning,3,0,Alibaba,deepseek/deepseek-v4-flash,False,message.content,0,0,,,gen-1786289579-ne4cPEId0UsPKnQRY2dx,stop,1.8308457024395466,1,ok,,7379b8dd682a1de3f0106948b6053e2399db3dee7ffaf2bb2e39cb284ef10c3d,e020065333990d4d51290895689801bd1554b6508353d54576b171c870416c0f,22009818f37376dc117bf14214ab6cd73058afcd1d8fbcec8e4850939fe38f7a,2026-08-09T15:32:59.813410+00:00
7586843339576574516,今日社评｜为最柔弱群体撑起法治保护伞,0.0,0,internal_positive,A,生产基线,1,25,Alibaba,deepseek/deepseek-v4-flash,False,message.content,25,25,,,gen-1786289630-PZHiGDtHahjE21wOiVps,stop,15.48160170018673,1,ok,,b772aa741ab373035f1aaca3a8d462e5a950b4c4243318218c22c43a31b91cec,77c688f200bb235e4793b665b7accf7f6793ee5a8cef3f4260a307b674e14eb0,0a34659cc5197ffd9bf715e1c6ce6524a8da3756e2133de7461342f4bea5dc34,2026-08-09T15:34:05.001360+00:00
7586843339576574516,今日社评｜为最柔弱群体撑起法治保护伞,0.0,0,internal_positive,A,生产基线,2,5,Alibaba,deepseek/deepseek-v4-flash,False,message.content,5,5,,,gen-1786289291-28P9gF0TXDYMuqmo7QT0,stop,5.532223097980022,1,ok,,b772aa741ab373035f1aaca3a8d462e5a950b4c4243318218c22c43a31b91cec,77c688f200bb235e4793b665b7accf7f6793ee5a8cef3f4260a307b674e14eb0,0a34659cc5197ffd9bf715e1c6ce6524a8da3756e2133de7461342f4bea5dc34,2026-08-09T15:28:15.701781+00:00
7586843339576574516,今日社评｜为最柔弱群体撑起法治保护伞,0.0,0,internal_positive,A,生产基线,3,5,Alibaba,deepseek/deepseek-v4-flash,False,message.content,5,5,,,gen-1786289433-iBX74A58qynz6VxnUAa5,stop,8.904519099742174,1,ok,,b772aa741ab373035f1aaca3a8d462e5a950b4c4243318218c22c43a31b91cec,77c688f200bb235e4793b665b7accf7f6793ee5a8cef3f4260a307b674e14eb0,0a34659cc5197ffd9bf715e1c6ce6524a8da3756e2133de7461342f4bea5dc34,2026-08-09T15:30:40.861610+00:00
7586843339576574516,今日社评｜为最柔弱群体撑起法治保护伞,0.0,0,internal_positive,D,固定 provider + 关闭 reasoning,1,15,Alibaba,deepseek/deepseek-v4-flash,False,message.content,15,15,,,gen-1786289616-54ldwvcui87Y8IqYazU7,stop,1.6522444002330303,1,ok,,b772aa741ab373035f1aaca3a8d462e5a950b4c4243318218c22c43a31b91cec,77c688f200bb235e4793b665b7accf7f6793ee5a8cef3f4260a307b674e14eb0,6d815cc2f05c4e9b5dca44e47acb7dd5f0c68f7a5a21ff5177a58b8ed176de2e,2026-08-09T15:33:37.248811+00:00
7586843339576574516,今日社评｜为最柔弱群体撑起法治保护伞,0.0,0,internal_positive,D,固定 provider + 关闭 reasoning,2,15,Alibaba,deepseek/deepseek-v4-flash,False,message.content,15,15,,,gen-1786289308-HBnxtrMyT7gwB9GarH5T,stop,1.6199656017124653,1,ok,,b772aa741ab373035f1aaca3a8d462e5a950b4c4243318218c22c43a31b91cec,77c688f200bb235e4793b665b7accf7f6793ee5a8cef3f4260a307b674e14eb0,6d815cc2f05c4e9b5dca44e47acb7dd5f0c68f7a5a21ff5177a58b8ed176de2e,2026-08-09T15:28:29.286557+00:00
7586843339576574516,今日社评｜为最柔弱群体撑起法治保护伞,0.0,0,internal_positive,D,固定 provider + 关闭 reasoning,3,15,Alibaba,deepseek/deepseek-v4-flash,False,message.content,15,15,,,gen-1786289364-pMNwdJJea6BuYDXeAo04,stop,1.6653567031025887,1,ok,,b772aa741ab373035f1aaca3a8d462e5a950b4c4243318218c22c43a31b91cec,77c688f200bb235e4793b665b7accf7f6793ee5a8cef3f4260a307b674e14eb0,6d815cc2f05c4e9b5dca44e47acb7dd5f0c68f7a5a21ff5177a58b8ed176de2e,2026-08-09T15:29:24.295346+00:00
7592141076941586978,固镇县王庄镇：德润童心扬新风 巧手迎新贺新年,20.0,1,external_positive,A,生产基线,1,10,Alibaba,deepseek/deepseek-v4-flash,False,message.content,10,10,,,gen-1786289483-sN9c0M1hi3G5PLQnYXJO,stop,7.355888597667217,1,ok,,6465ed2ee19a007fb1749aff1c08047a6e1343a91e4a1f536ad7d265264699a8,96d42db9b3034eaccab2ac106a5eb28d6485cdc83eafdb2f2bd806342409e4ce,7f235fb3d1c8ec04c0b7351d8b4108d7335aa17e2bad7fbe77340f12140ba97e,2026-08-09T15:31:29.664808+00:00
7592141076941586978,固镇县王庄镇：德润童心扬新风 巧手迎新贺新年,20.0,1,external_positive,A,生产基线,2,20,Alibaba,deepseek/deepseek-v4-flash,False,message.content,20,20,,,gen-1786289591-MIEwoNIRFpgX0so7vfb4,stop,6.639050301164389,1,ok,,6465ed2ee19a007fb1749aff1c08047a6e1343a91e4a1f536ad7d265264699a8,96d42db9b3034eaccab2ac106a5eb28d6485cdc83eafdb2f2bd806342409e4ce,7f235fb3d1c8ec04c0b7351d8b4108d7335aa17e2bad7fbe77340f12140ba97e,2026-08-09T15:33:16.964210+00:00
7592141076941586978,固镇县王庄镇：德润童心扬新风 巧手迎新贺新年,20.0,1,external_positive,A,生产基线,3,15,Alibaba,deepseek/deepseek-v4-flash,False,message.content,15,15,,,gen-1786289592-DwLDGOgdcEVTCNONjMGw,stop,4.216431200504303,1,ok,,6465ed2ee19a007fb1749aff1c08047a6e1343a91e4a1f536ad7d265264699a8,96d42db9b3034eaccab2ac106a5eb28d6485cdc83eafdb2f2bd806342409e4ce,7f235fb3d1c8ec04c0b7351d8b4108d7335aa17e2bad7fbe77340f12140ba97e,2026-08-09T15:33:14.923821+00:00
7592141076941586978,固镇县王庄镇：德润童心扬新风 巧手迎新贺新年,20.0,1,external_positive,D,固定 provider + 关闭 reasoning,1,0,Alibaba,deepseek/deepseek-v4-flash,False,message.content,0,0,,,gen-1786289627-m1yrQQWKI1xbOoEUUWdH,stop,1.701984003186226,1,ok,,6465ed2ee19a007fb1749aff1c08047a6e1343a91e4a1f536ad7d265264699a8,96d42db9b3034eaccab2ac106a5eb28d6485cdc83eafdb2f2bd806342409e4ce,5eb1986e20d792cc3e35f8d8ea49d0a423d38de9f59c1042458bd78affd9116d,2026-08-09T15:33:47.810377+00:00
7592141076941586978,固镇县王庄镇：德润童心扬新风 巧手迎新贺新年,20.0,1,external_positive,D,固定 provider + 关闭 reasoning,2,15,Alibaba,deepseek/deepseek-v4-flash,False,message.content,15,15,,,gen-1786289298-KA2hyndywFTvfFwwM6ZD,stop,2.4969475977122784,1,ok,,6465ed2ee19a007fb1749aff1c08047a6e1343a91e4a1f536ad7d265264699a8,96d42db9b3034eaccab2ac106a5eb28d6485cdc83eafdb2f2bd806342409e4ce,5eb1986e20d792cc3e35f8d8ea49d0a423d38de9f59c1042458bd78affd9116d,2026-08-09T15:28:18.985083+00:00
7592141076941586978,固镇县王庄镇：德润童心扬新风 巧手迎新贺新年,20.0,1,external_positive,D,固定 provider + 关闭 reasoning,3,18,Alibaba,deepseek/deepseek-v4-flash,False,message.content,18,18,,,gen-1786289441-vX5gBAjKtmF2tc9F0xsZ,stop,1.772639099508524,1,ok,,6465ed2ee19a007fb1749aff1c08047a6e1343a91e4a1f536ad7d265264699a8,96d42db9b3034eaccab2ac106a5eb28d6485cdc83eafdb2f2bd806342409e4ce,5eb1986e20d792cc3e35f8d8ea49d0a423d38de9f59c1042458bd78affd9116d,2026-08-09T15:30:41.864749+00:00
7592880721757307392,遵义职院学子付玉锋：从校园到乡村 奔赴一场“反哺”之约,45.0,2,external_positive,A,生产基线,1,20,Alibaba,deepseek/deepseek-v4-flash,False,message.content,20,20,,,gen-1786289322-FOpjJJdqaGYV2hYDk6g1,stop,3.7450191006064415,1,ok,,6197ec5a4c9803b8b190ad4f61d6f682f940318bef4b617b7c80b86a87adfab3,e3b0c28d44620ebf5a6ed87bcc69fef9d882f08c65c7f36256576dd0fd817075,73b025704059d147fb13e0faf9d707ac6604f97b6560957b2529646b6d2077b6,2026-08-09T15:28:45.012576+00:00
7592880721757307392,遵义职院学子付玉锋：从校园到乡村 奔赴一场“反哺”之约,45.0,2,external_positive,A,生产基线,2,15,Alibaba,deepseek/deepseek-v4-flash,False,message.content,15,15,,,gen-1786289416-1JA8D6KwIfgN7cmPGCto,stop,4.278344999998808,1,ok,,6197ec5a4c9803b8b190ad4f61d6f682f940318bef4b617b7c80b86a87adfab3,e3b0c28d44620ebf5a6ed87bcc69fef9d882f08c65c7f36256576dd0fd817075,73b025704059d147fb13e0faf9d707ac6604f97b6560957b2529646b6d2077b6,2026-08-09T15:30:20.056245+00:00
7592880721757307392,遵义职院学子付玉锋：从校园到乡村 奔赴一场“反哺”之约,45.0,2,external_positive,A,生产基线,3,15,Alibaba,deepseek/deepseek-v4-flash,False,message.content,15,15,,,gen-1786289610-715jZCryKjTVrnENQC5h,stop,7.3458079025149345,1,ok,,6197ec5a4c9803b8b190ad4f61d6f682f940318bef4b617b7c80b86a87adfab3,e3b0c28d44620ebf5a6ed87bcc69fef9d882f08c65c7f36256576dd0fd817075,73b025704059d147fb13e0faf9d707ac6604f97b6560957b2529646b6d2077b6,2026-08-09T15:33:36.646864+00:00
7592880721757307392,遵义职院学子付玉锋：从校园到乡村 奔赴一场“反哺”之约,45.0,2,external_positive,D,固定 provider + 关闭 reasoning,1,75,Alibaba,deepseek/deepseek-v4-flash,False,message.content,75,75,,,gen-1786289657-0KaxoogjuzjR1ihNNxtF,stop,1.9289934001863003,1,ok,,6197ec5a4c9803b8b190ad4f61d6f682f940318bef4b617b7c80b86a87adfab3,e3b0c28d44620ebf5a6ed87bcc69fef9d882f08c65c7f36256576dd0fd817075,79a12d6037867533d1a2165b17fc24f3797b9ae8cabbc983af8d690a689c85be,2026-08-09T15:34:18.319955+00:00
7592880721757307392,遵义职院学子付玉锋：从校园到乡村 奔赴一场“反哺”之约,45.0,2,external_positive,D,固定 provider + 关闭 reasoning,2,72,Alibaba,deepseek/deepseek-v4-flash,False,message.content,72,72,,,gen-1786289380-KSE75RHMRglacXyxpxeN,stop,1.4741824977099895,1,ok,,6197ec5a4c9803b8b190ad4f61d6f682f940318bef4b617b7c80b86a87adfab3,e3b0c28d44620ebf5a6ed87bcc69fef9d882f08c65c7f36256576dd0fd817075,79a12d6037867533d1a2165b17fc24f3797b9ae8cabbc983af8d690a689c85be,2026-08-09T15:29:40.955637+00:00
7592880721757307392,遵义职院学子付玉锋：从校园到乡村 奔赴一场“反哺”之约,45.0,2,external_positive,D,固定 provider + 关闭 reasoning,3,75,Alibaba,deepseek/deepseek-v4-flash,False,message.content,75,75,,,gen-1786289548-fFx9Qcmaa5p3xa4wPaD9,stop,1.607517298310995,1,ok,,6197ec5a4c9803b8b190ad4f61d6f682f940318bef4b617b7c80b86a87adfab3,e3b0c28d44620ebf5a6ed87bcc69fef9d882f08c65c7f36256576dd0fd817075,79a12d6037867533d1a2165b17fc24f3797b9ae8cabbc983af8d690a689c85be,2026-08-09T15:32:29.330086+00:00
7593269862270403108,人形机器人、社交模拟器等点亮AI场景创新,30.0,1,internal_positive,A,生产基线,1,5,Alibaba,deepseek/deepseek-v4-flash,False,message.content,5,5,,,gen-1786289548-5OSxSTvL36v7USnL2Tk8,stop,5.388075798749924,1,ok,,9c0743251223fca19d32e29bfe872c9a5d60956eda3b91769c953892254c18c3,2389fede69e0d09105f44a37afcf20ebd30816d120cd4ce184dc4080377b0c45,d2fe1da7d31ea4551324f523a0f1dc6fdc142908e0223a66b1f388b98279d329,2026-08-09T15:32:32.778088+00:00
7593269862270403108,人形机器人、社交模拟器等点亮AI场景创新,30.0,1,internal_positive,A,生产基线,2,5,Alibaba,deepseek/deepseek-v4-flash,False,message.content,5,5,,,gen-1786289283-Nnt3xn5oKuVhwhHsn1n7,stop,4.011309199035168,1,ok,,9c0743251223fca19d32e29bfe872c9a5d60956eda3b91769c953892254c18c3,2389fede69e0d09105f44a37afcf20ebd30816d120cd4ce184dc4080377b0c45,d2fe1da7d31ea4551324f523a0f1dc6fdc142908e0223a66b1f388b98279d329,2026-08-09T15:28:06.024764+00:00
7593269862270403108,人形机器人、社交模拟器等点亮AI场景创新,30.0,1,internal_positive,A,生产基线,3,0,Alibaba,deepseek/deepseek-v4-flash,False,message.content,0,0,,,gen-1786289387-aE5QEAuTr6uoN4W4WIs3,stop,3.278057400137186,1,ok,,9c0743251223fca19d32e29bfe872c9a5d60956eda3b91769c953892254c18c3,2389fede69e0d09105f44a37afcf20ebd30816d120cd4ce184dc4080377b0c45,d2fe1da7d31ea4551324f523a0f1dc6fdc142908e0223a66b1f388b98279d329,2026-08-09T15:29:49.148325+00:00
7593269862270403108,人形机器人、社交模拟器等点亮AI场景创新,30.0,1,internal_positive,D,固定 provider + 关闭 reasoning,1,15,Alibaba,deepseek/deepseek-v4-flash,False,message.content,15,15,,,gen-1786289476-EUnGmeTutPjBVyVjW45v,stop,1.8920403979718685,1,ok,,9c0743251223fca19d32e29bfe872c9a5d60956eda3b91769c953892254c18c3,2389fede69e0d09105f44a37afcf20ebd30816d120cd4ce184dc4080377b0c45,b25e986f5834615a73fa20b7b686db28ca412b6b5a5c5ed133c1e0b5ad4cb82c,2026-08-09T15:31:17.683445+00:00
7593269862270403108,人形机器人、社交模拟器等点亮AI场景创新,30.0,1,internal_positive,D,固定 provider + 关闭 reasoning,2,15,Alibaba,deepseek/deepseek-v4-flash,False,message.content,15,15,,,gen-1786289581-6Yp6KhDUVhrCLYGBggLt,stop,2.029830999672413,1,ok,,9c0743251223fca19d32e29bfe872c9a5d60956eda3b91769c953892254c18c3,2389fede69e0d09105f44a37afcf20ebd30816d120cd4ce184dc4080377b0c45,b25e986f5834615a73fa20b7b686db28ca412b6b5a5c5ed133c1e0b5ad4cb82c,2026-08-09T15:33:02.058885+00:00
7593269862270403108,人形机器人、社交模拟器等点亮AI场景创新,30.0,1,internal_positive,D,固定 provider + 关闭 reasoning,3,15,Alibaba,deepseek/deepseek-v4-flash,False,message.content,15,15,,,gen-1786289388-6PF9L0qMBjjP8PXQKKi4,stop,1.4962477013468742,1,ok,,9c0743251223fca19d32e29bfe872c9a5d60956eda3b91769c953892254c18c3,2389fede69e0d09105f44a37afcf20ebd30816d120cd4ce184dc4080377b0c45,b25e986f5834615a73fa20b7b686db28ca412b6b5a5c5ed133c1e0b5ad4cb82c,2026-08-09T15:29:48.422538+00:00
7595907037662396970,罗昭强国家级技能大师工作室落户浙江交通技师学院,75.0,3,external_positive,A,生产基线,1,55,Alibaba,deepseek/deepseek-v4-flash,False,message.content,55,55,,,gen-1786289323-7VBJNH9S37mmdTjLZmwJ,stop,8.043823700398207,1,ok,,3de0ad1424e938781a68ca335d6277d39148f886b813da21bb26ee81892d6cca,5986d236b426a3f8f41c1b0d8997bea6b9426afc84a4a8148c8c2237c8502b58,f02cb5bf9e8af811aa242f311f0dc35e434157237b9572ca187ee87a6d4e422c,2026-08-09T15:28:50.088122+00:00
7595907037662396970,罗昭强国家级技能大师工作室落户浙江交通技师学院,75.0,3,external_positive,A,生产基线,2,35,Alibaba,deepseek/deepseek-v4-flash,False,message.content,35,35,,,gen-1786289311-wRftPk8qQHBunnRXgGuy,stop,8.531263299286366,1,ok,,3de0ad1424e938781a68ca335d6277d39148f886b813da21bb26ee81892d6cca,5986d236b426a3f8f41c1b0d8997bea6b9426afc84a4a8148c8c2237c8502b58,f02cb5bf9e8af811aa242f311f0dc35e434157237b9572ca187ee87a6d4e422c,2026-08-09T15:28:38.533099+00:00
7595907037662396970,罗昭强国家级技能大师工作室落户浙江交通技师学院,75.0,3,external_positive,A,生产基线,3,50,Alibaba,deepseek/deepseek-v4-flash,False,message.content,50,50,,,gen-1786289534-lpma4pkHHIEPcYcauvQX,stop,10.32598939910531,1,ok,,3de0ad1424e938781a68ca335d6277d39148f886b813da21bb26ee81892d6cca,5986d236b426a3f8f41c1b0d8997bea6b9426afc84a4a8148c8c2237c8502b58,f02cb5bf9e8af811aa242f311f0dc35e434157237b9572ca187ee87a6d4e422c,2026-08-09T15:32:23.874376+00:00
7595907037662396970,罗昭强国家级技能大师工作室落户浙江交通技师学院,75.0,3,external_positive,D,固定 provider + 关闭 reasoning,1,25,Alibaba,deepseek/deepseek-v4-flash,False,message.content,25,25,,,gen-1786289362-ThNwopZDjYNn4nNsY6Mp,stop,1.4282384999096394,1,ok,,3de0ad1424e938781a68ca335d6277d39148f886b813da21bb26ee81892d6cca,5986d236b426a3f8f41c1b0d8997bea6b9426afc84a4a8148c8c2237c8502b58,c0a1432482a99ba8082ea85e850d23e80a3ddaa75ebe84fd43240c81e5567446,2026-08-09T15:29:22.579748+00:00
7595907037662396970,罗昭强国家级技能大师工作室落户浙江交通技师学院,75.0,3,external_positive,D,固定 provider + 关闭 reasoning,2,15,Alibaba,deepseek/deepseek-v4-flash,False,message.content,15,15,,,gen-1786289296-87stpBSa3n4Op9EYj1gZ,stop,1.507150299847126,1,ok,,3de0ad1424e938781a68ca335d6277d39148f886b813da21bb26ee81892d6cca,5986d236b426a3f8f41c1b0d8997bea6b9426afc84a4a8148c8c2237c8502b58,c0a1432482a99ba8082ea85e850d23e80a3ddaa75ebe84fd43240c81e5567446,2026-08-09T15:28:17.210320+00:00
7595907037662396970,罗昭强国家级技能大师工作室落户浙江交通技师学院,75.0,3,external_positive,D,固定 provider + 关闭 reasoning,3,25,Alibaba,deepseek/deepseek-v4-flash,False,message.content,25,25,,,gen-1786289290-G3b0ZuVwkHrYWKmgPhmE,stop,1.8212651014328003,1,ok,,3de0ad1424e938781a68ca335d6277d39148f886b813da21bb26ee81892d6cca,5986d236b426a3f8f41c1b0d8997bea6b9426afc84a4a8148c8c2237c8502b58,c0a1432482a99ba8082ea85e850d23e80a3ddaa75ebe84fd43240c81e5567446,2026-08-09T15:28:10.715756+00:00
7595926911126176266,2026埃及“欢乐春节”系列活动拉开序幕,20.0,1,external_positive,A,生产基线,1,15,Alibaba,deepseek/deepseek-v4-flash,False,message.content,15,15,,,gen-1786289433-BbJNagmcrixNMcARYKXW,stop,3.692570198327303,1,ok,,f2c409adc1769ac063d8218e32c654dd9f400b9b9bbc07fccea92f9698b3ba1c,5ee42970e685e28b691b101f7784e614e0b8bd132df506522e5dae339b429c74,eef742c748ed2cffa15cb18b75532aab11d95751eeb8f9d9330aea9251003683,2026-08-09T15:30:35.425692+00:00
7595926911126176266,2026埃及“欢乐春节”系列活动拉开序幕,20.0,1,external_positive,A,生产基线,2,15,Alibaba,deepseek/deepseek-v4-flash,False,message.content,15,15,,,gen-1786289559-MwL7sftjhxQxAG7Ij9Di,stop,6.229289300739765,1,ok,,f2c409adc1769ac063d8218e32c654dd9f400b9b9bbc07fccea92f9698b3ba1c,5ee42970e685e28b691b101f7784e614e0b8bd132df506522e5dae339b429c74,eef742c748ed2cffa15cb18b75532aab11d95751eeb8f9d9330aea9251003683,2026-08-09T15:32:44.975825+00:00
7595926911126176266,2026埃及“欢乐春节”系列活动拉开序幕,20.0,1,external_positive,A,生产基线,3,10,Alibaba,deepseek/deepseek-v4-flash,False,message.content,10,10,,,gen-1786289356-asjpyBtPI7e5hloXEjcQ,stop,5.326717898249626,1,ok,,f2c409adc1769ac063d8218e32c654dd9f400b9b9bbc07fccea92f9698b3ba1c,5ee42970e685e28b691b101f7784e614e0b8bd132df506522e5dae339b429c74,eef742c748ed2cffa15cb18b75532aab11d95751eeb8f9d9330aea9251003683,2026-08-09T15:29:20.771806+00:00
7595926911126176266,2026埃及“欢乐春节”系列活动拉开序幕,20.0,1,external_positive,D,固定 provider + 关闭 reasoning,1,0,Alibaba,deepseek/deepseek-v4-flash,False,message.content,0,0,,,gen-1786289361-SwP98iAwwi5mvYIVPfKv,stop,1.5482890009880066,1,ok,,f2c409adc1769ac063d8218e32c654dd9f400b9b9bbc07fccea92f9698b3ba1c,5ee42970e685e28b691b101f7784e614e0b8bd132df506522e5dae339b429c74,508d9a88963be631525990c5a583213fb5c1b2b2ee0d064fff2653ee0bab50cf,2026-08-09T15:29:21.738515+00:00
7595926911126176266,2026埃及“欢乐春节”系列活动拉开序幕,20.0,1,external_positive,D,固定 provider + 关闭 reasoning,2,0,Alibaba,deepseek/deepseek-v4-flash,False,message.content,0,0,,,gen-1786289394-1mB19Ue2S7wqorUVueN2,stop,1.7544526979327202,1,ok,,f2c409adc1769ac063d8218e32c654dd9f400b9b9bbc07fccea92f9698b3ba1c,5ee42970e685e28b691b101f7784e614e0b8bd132df506522e5dae339b429c74,508d9a88963be631525990c5a583213fb5c1b2b2ee0d064fff2653ee0bab50cf,2026-08-09T15:29:54.708664+00:00
7595926911126176266,2026埃及“欢乐春节”系列活动拉开序幕,20.0,1,external_positive,D,固定 provider + 关闭 reasoning,3,0,Alibaba,deepseek/deepseek-v4-flash,False,message.content,0,0,,,gen-1786289414-F3ZOMI25SdL8Drfgx66L,stop,1.6433228999376297,1,ok,,f2c409adc1769ac063d8218e32c654dd9f400b9b9bbc07fccea92f9698b3ba1c,5ee42970e685e28b691b101f7784e614e0b8bd132df506522e5dae339b429c74,508d9a88963be631525990c5a583213fb5c1b2b2ee0d064fff2653ee0bab50cf,2026-08-09T15:30:14.963643+00:00
7596911804001813007,芜湖市中学生“职业体验日”活动在芜湖高级职业技术学校圆满落幕,80.0,4,external_positive,A,生产基线,1,60,Alibaba,deepseek/deepseek-v4-flash,False,message.content,60,60,,,gen-1786289306-B8Ky30IpSuzRxBfXtEpt,stop,8.748948398977518,1,ok,,3151734636f31934e4016e2b09e110d8e907d738bd272ae1d6b933e3275b4453,8028379a318e1519aa405da6d72ce53d5b3109d39dd4aa92e142accceabf66ff,f71f64e42de07368d57fb7f7311d80efc3ebd017f3aae0ba1c179f837686f497,2026-08-09T15:28:32.958775+00:00
7596911804001813007,芜湖市中学生“职业体验日”活动在芜湖高级职业技术学校圆满落幕,80.0,4,external_positive,A,生产基线,2,55,Alibaba,deepseek/deepseek-v4-flash,False,message.content,55,55,,,gen-1786289334-nfEQQWE6UualOarpTq5e,stop,13.10174959897995,1,ok,,3151734636f31934e4016e2b09e110d8e907d738bd272ae1d6b933e3275b4453,8028379a318e1519aa405da6d72ce53d5b3109d39dd4aa92e142accceabf66ff,f71f64e42de07368d57fb7f7311d80efc3ebd017f3aae0ba1c179f837686f497,2026-08-09T15:29:05.861607+00:00
7596911804001813007,芜湖市中学生“职业体验日”活动在芜湖高级职业技术学校圆满落幕,80.0,4,external_positive,A,生产基线,3,55,SiliconFlow,deepseek/deepseek-v4-flash,False,message.content,55,55,,,gen-1786289499-7J6lFVsDCm6ALykeIWpj,stop,36.31129439920187,1,ok,,3151734636f31934e4016e2b09e110d8e907d738bd272ae1d6b933e3275b4453,8028379a318e1519aa405da6d72ce53d5b3109d39dd4aa92e142accceabf66ff,f71f64e42de07368d57fb7f7311d80efc3ebd017f3aae0ba1c179f837686f497,2026-08-09T15:32:14.808312+00:00
7596911804001813007,芜湖市中学生“职业体验日”活动在芜湖高级职业技术学校圆满落幕,80.0,4,external_positive,D,固定 provider + 关闭 reasoning,1,75,Alibaba,deepseek/deepseek-v4-flash,False,message.content,75,75,,,gen-1786289310-fKTttsz15GNHf2PzGk97,stop,1.7012641988694668,1,ok,,3151734636f31934e4016e2b09e110d8e907d738bd272ae1d6b933e3275b4453,8028379a318e1519aa405da6d72ce53d5b3109d39dd4aa92e142accceabf66ff,4b50a0ae027b9e2f073b0222c685e03bfe2cf4be3f5e23e63a537dccecbc7fad,2026-08-09T15:28:30.838104+00:00
7596911804001813007,芜湖市中学生“职业体验日”活动在芜湖高级职业技术学校圆满落幕,80.0,4,external_positive,D,固定 provider + 关闭 reasoning,2,75,Alibaba,deepseek/deepseek-v4-flash,False,message.content,75,75,,,gen-1786289661-ArkAUhvFfrGKVTNYBE7S,stop,2.127317801117897,1,ok,,3151734636f31934e4016e2b09e110d8e907d738bd272ae1d6b933e3275b4453,8028379a318e1519aa405da6d72ce53d5b3109d39dd4aa92e142accceabf66ff,4b50a0ae027b9e2f073b0222c685e03bfe2cf4be3f5e23e63a537dccecbc7fad,2026-08-09T15:34:22.326819+00:00
7596911804001813007,芜湖市中学生“职业体验日”活动在芜湖高级职业技术学校圆满落幕,80.0,4,external_positive,D,固定 provider + 关闭 reasoning,3,75,Alibaba,deepseek/deepseek-v4-flash,False,message.content,75,75,,,gen-1786289536-qOwakJekb7RznHlryHc2,stop,1.4509836994111538,1,ok,,3151734636f31934e4016e2b09e110d8e907d738bd272ae1d6b933e3275b4453,8028379a318e1519aa405da6d72ce53d5b3109d39dd4aa92e142accceabf66ff,4b50a0ae027b9e2f073b0222c685e03bfe2cf4be3f5e23e63a537dccecbc7fad,2026-08-09T15:32:16.695197+00:00
7599799731375620662,努力寻找药物合成的最优解（弘扬科学家精神）,40.0,2,external_positive,A,生产基线,1,10,Alibaba,deepseek/deepseek-v4-flash,False,message.content,10,10,,,gen-1786289586-j4GHOi3r264h3OYQUEY7,stop,4.183593600988388,1,ok,,3a8a6100672be9aa6baff8c679d57fcf97a1a77b4bd0f68a1b289468e3a904ae,fb837566fc249ab07906b018a5951b7dc33dd1c424f2814795fc9f42c17966c0,15fa1ce7f1cd78748d66f745cc0e67e6e1f2dd165d026648c988d91149518351,2026-08-09T15:33:09.229153+00:00
7599799731375620662,努力寻找药物合成的最优解（弘扬科学家精神）,40.0,2,external_positive,A,生产基线,2,10,Alibaba,deepseek/deepseek-v4-flash,False,message.content,10,10,,,gen-1786289601-9jtr6c4kp1Rt9eL7C1VU,stop,4.362606298178434,1,ok,,3a8a6100672be9aa6baff8c679d57fcf97a1a77b4bd0f68a1b289468e3a904ae,fb837566fc249ab07906b018a5951b7dc33dd1c424f2814795fc9f42c17966c0,15fa1ce7f1cd78748d66f745cc0e67e6e1f2dd165d026648c988d91149518351,2026-08-09T15:33:24.535334+00:00
7599799731375620662,努力寻找药物合成的最优解（弘扬科学家精神）,40.0,2,external_positive,A,生产基线,3,15,Alibaba,deepseek/deepseek-v4-flash,False,message.content,15,15,,,gen-1786289466-qJ9iye4KpJWL2MSs9PTc,stop,4.27251759916544,1,ok,,3a8a6100672be9aa6baff8c679d57fcf97a1a77b4bd0f68a1b289468e3a904ae,fb837566fc249ab07906b018a5951b7dc33dd1c424f2814795fc9f42c17966c0,15fa1ce7f1cd78748d66f745cc0e67e6e1f2dd165d026648c988d91149518351,2026-08-09T15:31:09.185968+00:00
7599799731375620662,努力寻找药物合成的最优解（弘扬科学家精神）,40.0,2,external_positive,D,固定 provider + 关闭 reasoning,1,0,Alibaba,deepseek/deepseek-v4-flash,False,message.content,0,0,,,gen-1786289267-dzMyerUW3VX4ezr01iar,stop,1.8689383007586002,1,ok,,3a8a6100672be9aa6baff8c679d57fcf97a1a77b4bd0f68a1b289468e3a904ae,fb837566fc249ab07906b018a5951b7dc33dd1c424f2814795fc9f42c17966c0,f43f82aae8317c649d643192207de0c051730fbd5b96b09f4e6f1180deefa20b,2026-08-09T15:27:48.512054+00:00
7599799731375620662,努力寻找药物合成的最优解（弘扬科学家精神）,40.0,2,external_positive,D,固定 provider + 关闭 reasoning,2,0,Alibaba,deepseek/deepseek-v4-flash,False,message.content,0,0,,,gen-1786289527-C5rsRH2Y8d0Fd5KujOCO,stop,1.8643263019621372,1,ok,,3a8a6100672be9aa6baff8c679d57fcf97a1a77b4bd0f68a1b289468e3a904ae,fb837566fc249ab07906b018a5951b7dc33dd1c424f2814795fc9f42c17966c0,f43f82aae8317c649d643192207de0c051730fbd5b96b09f4e6f1180deefa20b,2026-08-09T15:32:08.519406+00:00
7599799731375620662,努力寻找药物合成的最优解（弘扬科学家精神）,40.0,2,external_positive,D,固定 provider + 关闭 reasoning,3,0,Alibaba,deepseek/deepseek-v4-flash,False,message.content,0,0,,,gen-1786289633-9BHUVBonyvr0BDZc8tHq,stop,2.0454763993620872,1,ok,,3a8a6100672be9aa6baff8c679d57fcf97a1a77b4bd0f68a1b289468e3a904ae,fb837566fc249ab07906b018a5951b7dc33dd1c424f2814795fc9f42c17966c0,f43f82aae8317c649d643192207de0c051730fbd5b96b09f4e6f1180deefa20b,2026-08-09T15:33:53.688727+00:00
7599950303965757986,黄石市启动2026年农村教师学历提升培训，助力课堂提质与专业成长,85.0,4,external_positive,A,生产基线,1,50,Alibaba,deepseek/deepseek-v4-flash,False,message.content,50,50,,,gen-1786289356-GKxW27N6qUcqhERjG0M5,stop,4.636861000210047,1,ok,,ec5d9c6bb6e57a76eb337e49f13af6bffe014bf0883c0cc957dc0a764fc95227,0934a8852464407a350fc8a6cd8b7e09520f498040d6650d8565b67f840ca3b9,33e638ec494fbed894c6ac1c7c7fc0b45085a302e766156ff1d3bb7ac1815d2a,2026-08-09T15:29:20.188760+00:00
7599950303965757986,黄石市启动2026年农村教师学历提升培训，助力课堂提质与专业成长,85.0,4,external_positive,A,生产基线,2,45,Alibaba,deepseek/deepseek-v4-flash,False,message.content,45,45,,,gen-1786289506-7uv6HW25kDKEy2rEEZl1,stop,14.069865699857473,1,ok,,ec5d9c6bb6e57a76eb337e49f13af6bffe014bf0883c0cc957dc0a764fc95227,0934a8852464407a350fc8a6cd8b7e09520f498040d6650d8565b67f840ca3b9,33e638ec494fbed894c6ac1c7c7fc0b45085a302e766156ff1d3bb7ac1815d2a,2026-08-09T15:31:59.426656+00:00
7599950303965757986,黄石市启动2026年农村教师学历提升培训，助力课堂提质与专业成长,85.0,4,external_positive,A,生产基线,3,45,Alibaba,deepseek/deepseek-v4-flash,False,message.content,45,45,,,gen-1786289533-FOJiBVTgMyrqGfJZ6dV6,stop,8.21654849871993,1,ok,,ec5d9c6bb6e57a76eb337e49f13af6bffe014bf0883c0cc957dc0a764fc95227,0934a8852464407a350fc8a6cd8b7e09520f498040d6650d8565b67f840ca3b9,33e638ec494fbed894c6ac1c7c7fc0b45085a302e766156ff1d3bb7ac1815d2a,2026-08-09T15:32:20.398371+00:00
7599950303965757986,黄石市启动2026年农村教师学历提升培训，助力课堂提质与专业成长,85.0,4,external_positive,D,固定 provider + 关闭 reasoning,1,35,Alibaba,deepseek/deepseek-v4-flash,False,message.content,35,35,,,gen-1786289693-WXdgzf8Zq9Cgf0xRfRa1,stop,1.8880154006183147,1,ok,,ec5d9c6bb6e57a76eb337e49f13af6bffe014bf0883c0cc957dc0a764fc95227,0934a8852464407a350fc8a6cd8b7e09520f498040d6650d8565b67f840ca3b9,1dffe678e9a37d4b30978e8250f76aebb43b5be8dfbcc3ebd4c079e4a374594e,2026-08-09T15:34:53.944974+00:00
7599950303965757986,黄石市启动2026年农村教师学历提升培训，助力课堂提质与专业成长,85.0,4,external_positive,D,固定 provider + 关闭 reasoning,2,35,Alibaba,deepseek/deepseek-v4-flash,False,message.content,35,35,,,gen-1786289297-ekwazpoXGNxC93GnMEkI,stop,2.012779001146555,1,ok,,ec5d9c6bb6e57a76eb337e49f13af6bffe014bf0883c0cc957dc0a764fc95227,0934a8852464407a350fc8a6cd8b7e09520f498040d6650d8565b67f840ca3b9,1dffe678e9a37d4b30978e8250f76aebb43b5be8dfbcc3ebd4c079e4a374594e,2026-08-09T15:28:18.092154+00:00
7599950303965757986,黄石市启动2026年农村教师学历提升培训，助力课堂提质与专业成长,85.0,4,external_positive,D,固定 provider + 关闭 reasoning,3,35,Alibaba,deepseek/deepseek-v4-flash,False,message.content,35,35,,,gen-1786289471-cxSbBx5bnffngIBtDVbr,stop,2.725994300097227,1,ok,,ec5d9c6bb6e57a76eb337e49f13af6bffe014bf0883c0cc957dc0a764fc95227,0934a8852464407a350fc8a6cd8b7e09520f498040d6650d8565b67f840ca3b9,1dffe678e9a37d4b30978e8250f76aebb43b5be8dfbcc3ebd4c079e4a374594e,2026-08-09T15:31:11.913480+00:00
7601147099282932267,“加速包”能提升抢票成功率？许愿就能候补成功？官方公布涉铁路十大谣言,0.0,0,internal_positive,A,生产基线,1,0,Alibaba,deepseek/deepseek-v4-flash,False,message.content,0,0,,,gen-1786289416-GT6xRsda0D0Bs8K65lnh,stop,4.375216398388147,1,ok,,4d4813d405ac48741d8be9fbb2c46532cd582103700871724ca0b1aeadc6fc7a,57e63a31a0526021d5df1c8692de9e29a7f4e90000afa3897e8bc62b6a539630,6f012a078dcbcc2d9d7fd1f50d4232a9a5499ecf13eb44668d590aff91ff3c4b,2026-08-09T15:30:19.340128+00:00
7601147099282932267,“加速包”能提升抢票成功率？许愿就能候补成功？官方公布涉铁路十大谣言,0.0,0,internal_positive,A,生产基线,2,0,Alibaba,deepseek/deepseek-v4-flash,False,message.content,0,0,,,gen-1786289389-QJBG0WQkAQPPQ8f1w6K3,stop,3.263799201697111,1,ok,,4d4813d405ac48741d8be9fbb2c46532cd582103700871724ca0b1aeadc6fc7a,57e63a31a0526021d5df1c8692de9e29a7f4e90000afa3897e8bc62b6a539630,6f012a078dcbcc2d9d7fd1f50d4232a9a5499ecf13eb44668d590aff91ff3c4b,2026-08-09T15:29:51.130764+00:00
7601147099282932267,“加速包”能提升抢票成功率？许愿就能候补成功？官方公布涉铁路十大谣言,0.0,0,internal_positive,A,生产基线,3,0,Alibaba,deepseek/deepseek-v4-flash,False,message.content,0,0,,,gen-1786289685-6bJKdOduH6eUhPxetgO7,stop,3.488359898328781,1,ok,,4d4813d405ac48741d8be9fbb2c46532cd582103700871724ca0b1aeadc6fc7a,57e63a31a0526021d5df1c8692de9e29a7f4e90000afa3897e8bc62b6a539630,6f012a078dcbcc2d9d7fd1f50d4232a9a5499ecf13eb44668d590aff91ff3c4b,2026-08-09T15:34:47.088034+00:00
7601147099282932267,“加速包”能提升抢票成功率？许愿就能候补成功？官方公布涉铁路十大谣言,0.0,0,internal_positive,D,固定 provider + 关闭 reasoning,1,0,Alibaba,deepseek/deepseek-v4-flash,False,message.content,0,0,,,gen-1786289542-tjoeXOsKdqPeOKAPb0L3,stop,1.5758465006947517,1,ok,,4d4813d405ac48741d8be9fbb2c46532cd582103700871724ca0b1aeadc6fc7a,57e63a31a0526021d5df1c8692de9e29a7f4e90000afa3897e8bc62b6a539630,6614782e9bb324c7bf02569f1440cc10b98bc7fd7bff1de2236f307782ac1260,2026-08-09T15:32:22.554097+00:00
7601147099282932267,“加速包”能提升抢票成功率？许愿就能候补成功？官方公布涉铁路十大谣言,0.0,0,internal_positive,D,固定 provider + 关闭 reasoning,2,0,Alibaba,deepseek/deepseek-v4-flash,False,message.content,0,0,,,gen-1786289623-xRWL1eVG35wG57UGeOFg,stop,1.8777213990688324,1,ok,,4d4813d405ac48741d8be9fbb2c46532cd582103700871724ca0b1aeadc6fc7a,57e63a31a0526021d5df1c8692de9e29a7f4e90000afa3897e8bc62b6a539630,6614782e9bb324c7bf02569f1440cc10b98bc7fd7bff1de2236f307782ac1260,2026-08-09T15:33:43.843479+00:00
7601147099282932267,“加速包”能提升抢票成功率？许愿就能候补成功？官方公布涉铁路十大谣言,0.0,0,internal_positive,D,固定 provider + 关闭 reasoning,3,0,Alibaba,deepseek/deepseek-v4-flash,False,message.content,0,0,,,gen-1786289660-YG1SoSEg13ayLzGN9Q1z,stop,1.6391609981656075,1,ok,,4d4813d405ac48741d8be9fbb2c46532cd582103700871724ca0b1aeadc6fc7a,57e63a31a0526021d5df1c8692de9e29a7f4e90000afa3897e8bc62b6a539630,6614782e9bb324c7bf02569f1440cc10b98bc7fd7bff1de2236f307782ac1260,2026-08-09T15:34:21.336898+00:00
7604855773629334016,学者预测今年中俄关系有五大看点值得关注,60.0,3,internal_positive,A,生产基线,1,20,Alibaba,deepseek/deepseek-v4-flash,False,message.content,20,20,,,gen-1786289318-3G4KkjYnb5Rxviv9BSjm,stop,13.445673301815987,1,ok,,3f37a46137d446015e7f898141e18f9ee09d5bc5e87854bfa773e67dcdf84bfb,a1ccc8bdde6a52b6aa6e8b9793c4be5a5262870f944f900381a29f73ed3615f0,32abf09ec4f94466b1f92276616af040c68c9916daf772d4841eb0505fac9cd0,2026-08-09T15:28:50.787055+00:00
7604855773629334016,学者预测今年中俄关系有五大看点值得关注,60.0,3,internal_positive,A,生产基线,2,20,Alibaba,deepseek/deepseek-v4-flash,False,message.content,20,20,,,gen-1786289586-AejDijnmfJ3niyNROHty,stop,16.443004500120878,1,ok,,3f37a46137d446015e7f898141e18f9ee09d5bc5e87854bfa773e67dcdf84bfb,a1ccc8bdde6a52b6aa6e8b9793c4be5a5262870f944f900381a29f73ed3615f0,32abf09ec4f94466b1f92276616af040c68c9916daf772d4841eb0505fac9cd0,2026-08-09T15:33:21.371025+00:00
7604855773629334016,学者预测今年中俄关系有五大看点值得关注,60.0,3,internal_positive,A,生产基线,3,20,Alibaba,deepseek/deepseek-v4-flash,False,message.content,20,20,,,gen-1786289709-nG23hJUMbMK2lA3oRyyz,stop,12.803898997604847,1,ok,,3f37a46137d446015e7f898141e18f9ee09d5bc5e87854bfa773e67dcdf84bfb,a1ccc8bdde6a52b6aa6e8b9793c4be5a5262870f944f900381a29f73ed3615f0,32abf09ec4f94466b1f92276616af040c68c9916daf772d4841eb0505fac9cd0,2026-08-09T15:35:21.186107+00:00
7604855773629334016,学者预测今年中俄关系有五大看点值得关注,60.0,3,internal_positive,D,固定 provider + 关闭 reasoning,1,0,Alibaba,deepseek/deepseek-v4-flash,False,message.content,0,0,,,gen-1786289481-KioMveh0E30djTHwBrvL,stop,2.178847301751375,1,ok,,3f37a46137d446015e7f898141e18f9ee09d5bc5e87854bfa773e67dcdf84bfb,a1ccc8bdde6a52b6aa6e8b9793c4be5a5262870f944f900381a29f73ed3615f0,d83bedc1ca990c20e9e897ec3fa02a1019aef847c1a18c47a4b7152d99bef55a,2026-08-09T15:31:22.307470+00:00
7604855773629334016,学者预测今年中俄关系有五大看点值得关注,60.0,3,internal_positive,D,固定 provider + 关闭 reasoning,2,0,Alibaba,deepseek/deepseek-v4-flash,False,message.content,0,0,,,gen-1786289439-Bv0pp5jP4j0qNqFlBLiq,stop,1.8816553987562656,1,ok,,3f37a46137d446015e7f898141e18f9ee09d5bc5e87854bfa773e67dcdf84bfb,a1ccc8bdde6a52b6aa6e8b9793c4be5a5262870f944f900381a29f73ed3615f0,d83bedc1ca990c20e9e897ec3fa02a1019aef847c1a18c47a4b7152d99bef55a,2026-08-09T15:30:39.882066+00:00
7604855773629334016,学者预测今年中俄关系有五大看点值得关注,60.0,3,internal_positive,D,固定 provider + 关闭 reasoning,3,15,Alibaba,deepseek/deepseek-v4-flash,False,message.content,15,15,,,gen-1786289686-dxRy0McJD7ApwcrpjEUZ,stop,1.733984999358654,1,ok,,3f37a46137d446015e7f898141e18f9ee09d5bc5e87854bfa773e67dcdf84bfb,a1ccc8bdde6a52b6aa6e8b9793c4be5a5262870f944f900381a29f73ed3615f0,d83bedc1ca990c20e9e897ec3fa02a1019aef847c1a18c47a4b7152d99bef55a,2026-08-09T15:34:47.115532+00:00
7605519670547857954,“京字号”年宵花新品种扮靓京城,30.0,1,internal_positive,A,生产基线,1,30,Alibaba,deepseek/deepseek-v4-flash,False,message.content,30,30,,,gen-1786289457-GD2zZTw2NByOYdMHohFT,stop,11.197048798203468,1,ok,,d5d96b220e0e35fccc2c364b32f044e4e463cd2d9cde14a78c9c418d9b91cd04,d6c1f83d8072cd5b8e49a53995d287c619763fecbdaef221fe3b6692a4b1fbdb,e395bb1813894348cc9db9252094c598400bb3dd9f0f5ccf10420c3369995d2e,2026-08-09T15:31:07.434702+00:00
7605519670547857954,“京字号”年宵花新品种扮靓京城,30.0,1,internal_positive,A,生产基线,2,22,Alibaba,deepseek/deepseek-v4-flash,False,message.content,22,22,,,gen-1786289360-NXsoe8x5DMt1RAsNrj4n,stop,14.058719500899315,1,ok,,d5d96b220e0e35fccc2c364b32f044e4e463cd2d9cde14a78c9c418d9b91cd04,d6c1f83d8072cd5b8e49a53995d287c619763fecbdaef221fe3b6692a4b1fbdb,e395bb1813894348cc9db9252094c598400bb3dd9f0f5ccf10420c3369995d2e,2026-08-09T15:29:33.814908+00:00
7605519670547857954,“京字号”年宵花新品种扮靓京城,30.0,1,internal_positive,A,生产基线,3,25,Alibaba,deepseek/deepseek-v4-flash,False,message.content,25,25,,,gen-1786289328-rYipYidWjZHae855UfqF,stop,11.703280698508024,1,ok,,d5d96b220e0e35fccc2c364b32f044e4e463cd2d9cde14a78c9c418d9b91cd04,d6c1f83d8072cd5b8e49a53995d287c619763fecbdaef221fe3b6692a4b1fbdb,e395bb1813894348cc9db9252094c598400bb3dd9f0f5ccf10420c3369995d2e,2026-08-09T15:28:58.000577+00:00
7605519670547857954,“京字号”年宵花新品种扮靓京城,30.0,1,internal_positive,D,固定 provider + 关闭 reasoning,1,75,Alibaba,deepseek/deepseek-v4-flash,False,message.content,75,75,,,gen-1786289418-wqP1Ut82mBysuH9imctj,stop,1.7414393983781338,1,ok,,d5d96b220e0e35fccc2c364b32f044e4e463cd2d9cde14a78c9c418d9b91cd04,d6c1f83d8072cd5b8e49a53995d287c619763fecbdaef221fe3b6692a4b1fbdb,dc88c3349556516354e70e12f19fecf028920703f5a47aa26a6e34c4f811b504,2026-08-09T15:30:19.066953+00:00
7605519670547857954,“京字号”年宵花新品种扮靓京城,30.0,1,internal_positive,D,固定 provider + 关闭 reasoning,2,65,Alibaba,deepseek/deepseek-v4-flash,False,message.content,65,65,,,gen-1786289332-6jUYzIKQl48yVHoVsURT,stop,1.4221119992434978,1,ok,,d5d96b220e0e35fccc2c364b32f044e4e463cd2d9cde14a78c9c418d9b91cd04,d6c1f83d8072cd5b8e49a53995d287c619763fecbdaef221fe3b6692a4b1fbdb,dc88c3349556516354e70e12f19fecf028920703f5a47aa26a6e34c4f811b504,2026-08-09T15:28:52.758429+00:00
7605519670547857954,“京字号”年宵花新品种扮靓京城,30.0,1,internal_positive,D,固定 provider + 关闭 reasoning,3,35,Alibaba,deepseek/deepseek-v4-flash,False,message.content,35,35,,,gen-1786289449-3GVy1Dyy8hQC4SQFeiHV,stop,1.8454581014811993,1,ok,,d5d96b220e0e35fccc2c364b32f044e4e463cd2d9cde14a78c9c418d9b91cd04,d6c1f83d8072cd5b8e49a53995d287c619763fecbdaef221fe3b6692a4b1fbdb,dc88c3349556516354e70e12f19fecf028920703f5a47aa26a6e34c4f811b504,2026-08-09T15:30:50.395200+00:00
7610950061035504179,血压高不只怪盐！控制血压有“金三角”，照着做就有效,20.0,1,external_positive,A,生产基线,1,10,Alibaba,deepseek/deepseek-v4-flash,False,message.content,10,10,,,gen-1786289676-DnTmfOjvJ4FeN14mVBzx,stop,4.57455850020051,1,ok,,1bc5971036f053e4689662abaeed3595dd351e35c24d6285fb1d7c094640f99b,e2ce8364de318008d06c35a7cebe93bf0e3d2779d5c3b154264089d93ad6d21c,893ae41164eb3b64d06fd1486faf5d0884354f89fe596ea4193596c0879c920c,2026-08-09T15:34:39.736319+00:00
7610950061035504179,血压高不只怪盐！控制血压有“金三角”，照着做就有效,20.0,1,external_positive,A,生产基线,2,5,Alibaba,deepseek/deepseek-v4-flash,False,message.content,5,5,,,gen-1786289417-6m6pXAtfy6ffppGJFBX1,stop,4.6295402981340885,1,ok,,1bc5971036f053e4689662abaeed3595dd351e35c24d6285fb1d7c094640f99b,e2ce8364de318008d06c35a7cebe93bf0e3d2779d5c3b154264089d93ad6d21c,893ae41164eb3b64d06fd1486faf5d0884354f89fe596ea4193596c0879c920c,2026-08-09T15:30:20.868004+00:00
7610950061035504179,血压高不只怪盐！控制血压有“金三角”，照着做就有效,20.0,1,external_positive,A,生产基线,3,0,Alibaba,deepseek/deepseek-v4-flash,False,message.content,0,0,,,gen-1786289305-9Dt6EATPZoHpN5ESVDUO,stop,4.516396000981331,1,ok,,1bc5971036f053e4689662abaeed3595dd351e35c24d6285fb1d7c094640f99b,e2ce8364de318008d06c35a7cebe93bf0e3d2779d5c3b154264089d93ad6d21c,893ae41164eb3b64d06fd1486faf5d0884354f89fe596ea4193596c0879c920c,2026-08-09T15:28:29.135472+00:00
7610950061035504179,血压高不只怪盐！控制血压有“金三角”，照着做就有效,20.0,1,external_positive,D,固定 provider + 关闭 reasoning,1,0,Alibaba,deepseek/deepseek-v4-flash,False,message.content,0,0,,,gen-1786289289-CoTU0Z1jXDqo8CYlODzp,stop,2.0137585029006004,1,ok,,1bc5971036f053e4689662abaeed3595dd351e35c24d6285fb1d7c094640f99b,e2ce8364de318008d06c35a7cebe93bf0e3d2779d5c3b154264089d93ad6d21c,6c9a3b6fca88a3b0038302bd4b010193694019f763ee6466eea7a345645c2934,2026-08-09T15:28:10.387808+00:00
7610950061035504179,血压高不只怪盐！控制血压有“金三角”，照着做就有效,20.0,1,external_positive,D,固定 provider + 关闭 reasoning,2,0,Alibaba,deepseek/deepseek-v4-flash,False,message.content,0,0,,,gen-1786289713-cJDEnXWxqOQNqWA8M3tg,stop,1.7314646989107132,1,ok,,1bc5971036f053e4689662abaeed3595dd351e35c24d6285fb1d7c094640f99b,e2ce8364de318008d06c35a7cebe93bf0e3d2779d5c3b154264089d93ad6d21c,6c9a3b6fca88a3b0038302bd4b010193694019f763ee6466eea7a345645c2934,2026-08-09T15:35:13.848842+00:00
7610950061035504179,血压高不只怪盐！控制血压有“金三角”，照着做就有效,20.0,1,external_positive,D,固定 provider + 关闭 reasoning,3,0,Alibaba,deepseek/deepseek-v4-flash,False,message.content,0,0,,,gen-1786289688-IXK9pkOujM67gbAtQKji,stop,1.9045458994805813,1,ok,,1bc5971036f053e4689662abaeed3595dd351e35c24d6285fb1d7c094640f99b,e2ce8364de318008d06c35a7cebe93bf0e3d2779d5c3b154264089d93ad6d21c,6c9a3b6fca88a3b0038302bd4b010193694019f763ee6466eea7a345645c2934,2026-08-09T15:34:48.993904+00:00
7611733650006196782,“汉语桥”俱乐部首尔中心举办座谈会探讨中韩文化交流,20.0,1,external_positive,A,生产基线,1,10,Baidu,deepseek/deepseek-v4-flash,False,message.content,10,10,,,gen-1786289266-JvwM20fmb2qf6lf7zzCq,stop,19.64904709905386,1,ok,,631c534b5adece9ca59359d3d445cbbffcc5bc7632f1f9681315dcc52c8586c7,94d5c4da6e9b4b4d92476a3ba91b3b302b0d6505fb5085ca81e5426ebf0f6148,f6aa7e011427bc596ce4c127b6055798ea73d6331718ddc2c9cb98d9334276d6,2026-08-09T15:28:04.407424+00:00
7611733650006196782,“汉语桥”俱乐部首尔中心举办座谈会探讨中韩文化交流,20.0,1,external_positive,A,生产基线,2,15,Alibaba,deepseek/deepseek-v4-flash,False,message.content,15,15,,,gen-1786289276-Dvuh2nfPhtRUsDv9ciRL,stop,5.464196298271418,1,ok,,631c534b5adece9ca59359d3d445cbbffcc5bc7632f1f9681315dcc52c8586c7,94d5c4da6e9b4b4d92476a3ba91b3b302b0d6505fb5085ca81e5426ebf0f6148,f6aa7e011427bc596ce4c127b6055798ea73d6331718ddc2c9cb98d9334276d6,2026-08-09T15:28:01.121380+00:00
7611733650006196782,“汉语桥”俱乐部首尔中心举办座谈会探讨中韩文化交流,20.0,1,external_positive,A,生产基线,3,20,Alibaba,deepseek/deepseek-v4-flash,False,message.content,20,20,,,gen-1786289596-8N9hvC5JtrgC2Io0IuJs,stop,8.826478999108076,1,ok,,631c534b5adece9ca59359d3d445cbbffcc5bc7632f1f9681315dcc52c8586c7,94d5c4da6e9b4b4d92476a3ba91b3b302b0d6505fb5085ca81e5426ebf0f6148,f6aa7e011427bc596ce4c127b6055798ea73d6331718ddc2c9cb98d9334276d6,2026-08-09T15:33:23.751619+00:00
7611733650006196782,“汉语桥”俱乐部首尔中心举办座谈会探讨中韩文化交流,20.0,1,external_positive,D,固定 provider + 关闭 reasoning,1,34,Alibaba,deepseek/deepseek-v4-flash,False,message.content,34,34,,,gen-1786289659-62RpH1yj4uVBlwxG19lO,stop,1.6305662989616394,1,ok,,631c534b5adece9ca59359d3d445cbbffcc5bc7632f1f9681315dcc52c8586c7,94d5c4da6e9b4b4d92476a3ba91b3b302b0d6505fb5085ca81e5426ebf0f6148,49374dcbe466ffcbecd9c82425f1a99ecf37b4173f17d5c8a92c05a006e01e13,2026-08-09T15:34:19.696380+00:00
7611733650006196782,“汉语桥”俱乐部首尔中心举办座谈会探讨中韩文化交流,20.0,1,external_positive,D,固定 provider + 关闭 reasoning,2,0,Alibaba,deepseek/deepseek-v4-flash,False,message.content,0,0,,,gen-1786289599-9mIYuYoSMBxK9uKGDpxX,stop,3.69295060262084,1,ok,,631c534b5adece9ca59359d3d445cbbffcc5bc7632f1f9681315dcc52c8586c7,94d5c4da6e9b4b4d92476a3ba91b3b302b0d6505fb5085ca81e5426ebf0f6148,49374dcbe466ffcbecd9c82425f1a99ecf37b4173f17d5c8a92c05a006e01e13,2026-08-09T15:33:20.658565+00:00
7611733650006196782,“汉语桥”俱乐部首尔中心举办座谈会探讨中韩文化交流,20.0,1,external_positive,D,固定 provider + 关闭 reasoning,3,0,Alibaba,deepseek/deepseek-v4-flash,False,message.content,0,0,,,gen-1786289321-sBgEeEPsUeSDCOqn02Xq,stop,1.743121899664402,1,ok,,631c534b5adece9ca59359d3d445cbbffcc5bc7632f1f9681315dcc52c8586c7,94d5c4da6e9b4b4d92476a3ba91b3b302b0d6505fb5085ca81e5426ebf0f6148,49374dcbe466ffcbecd9c82425f1a99ecf37b4173f17d5c8a92c05a006e01e13,2026-08-09T15:28:42.042928+00:00
7614650800782017060,“谁拥有年轻人，谁就拥有未来”,85.0,4,external_positive,A,生产基线,1,20,Alibaba,deepseek/deepseek-v4-flash,False,message.content,20,20,,,gen-1786289291-vlXlmFZEE2kX5BQLTwg1,stop,11.103248998522758,1,ok,,e88d4e1c0c57c25bcda5c57e98c06f1ba8d5db14ae59c66a1ba0acb6d62df0b9,da05172571ebcad7bda9160d908e21dc0589b852f37467bbdf86180460962ae4,f19c67bb294aef7d775a17883f6a0fdc588f73b26612c24ff57635f03e6b9997,2026-08-09T15:28:21.492413+00:00
7614650800782017060,“谁拥有年轻人，谁就拥有未来”,85.0,4,external_positive,A,生产基线,2,20,Alibaba,deepseek/deepseek-v4-flash,False,message.content,20,20,,,gen-1786289381-CcaIabAstvdTXIZjVghq,stop,9.280674800276756,1,ok,,e88d4e1c0c57c25bcda5c57e98c06f1ba8d5db14ae59c66a1ba0acb6d62df0b9,da05172571ebcad7bda9160d908e21dc0589b852f37467bbdf86180460962ae4,f19c67bb294aef7d775a17883f6a0fdc588f73b26612c24ff57635f03e6b9997,2026-08-09T15:29:49.483339+00:00
7614650800782017060,“谁拥有年轻人，谁就拥有未来”,85.0,4,external_positive,A,生产基线,3,20,Alibaba,deepseek/deepseek-v4-flash,False,message.content,20,20,,,gen-1786289314-vMyQtV8bVY1RimNzfNQz,stop,9.803412798792124,1,ok,,e88d4e1c0c57c25bcda5c57e98c06f1ba8d5db14ae59c66a1ba0acb6d62df0b9,da05172571ebcad7bda9160d908e21dc0589b852f37467bbdf86180460962ae4,f19c67bb294aef7d775a17883f6a0fdc588f73b26612c24ff57635f03e6b9997,2026-08-09T15:28:43.469501+00:00
7614650800782017060,“谁拥有年轻人，谁就拥有未来”,85.0,4,external_positive,D,固定 provider + 关闭 reasoning,1,72,Alibaba,deepseek/deepseek-v4-flash,False,message.content,72,72,,,gen-1786289487-7zYKJ63XFkU5TJHvpEOQ,stop,2.4765969030559063,1,ok,,e88d4e1c0c57c25bcda5c57e98c06f1ba8d5db14ae59c66a1ba0acb6d62df0b9,da05172571ebcad7bda9160d908e21dc0589b852f37467bbdf86180460962ae4,914af06122283e66818973396325c8fbc7682fe0e542859c4db7bafddf01e6d3,2026-08-09T15:31:27.632587+00:00
7614650800782017060,“谁拥有年轻人，谁就拥有未来”,85.0,4,external_positive,D,固定 provider + 关闭 reasoning,2,75,Alibaba,deepseek/deepseek-v4-flash,False,message.content,75,75,,,gen-1786289659-PLbI3ZZC8N7gXaqqxUtc,stop,1.7662142030894756,1,ok,,e88d4e1c0c57c25bcda5c57e98c06f1ba8d5db14ae59c66a1ba0acb6d62df0b9,da05172571ebcad7bda9160d908e21dc0589b852f37467bbdf86180460962ae4,914af06122283e66818973396325c8fbc7682fe0e542859c4db7bafddf01e6d3,2026-08-09T15:34:20.087468+00:00
7614650800782017060,“谁拥有年轻人，谁就拥有未来”,85.0,4,external_positive,D,固定 provider + 关闭 reasoning,3,0,Alibaba,deepseek/deepseek-v4-flash,False,message.content,0,0,,,gen-1786289634-3SbXOLHZszzOAUSAsF3l,stop,1.7265571020543575,1,ok,,e88d4e1c0c57c25bcda5c57e98c06f1ba8d5db14ae59c66a1ba0acb6d62df0b9,da05172571ebcad7bda9160d908e21dc0589b852f37467bbdf86180460962ae4,914af06122283e66818973396325c8fbc7682fe0e542859c4db7bafddf01e6d3,2026-08-09T15:33:55.416629+00:00
7617690020085875246,西安财经大学召开2026年春季学期本科教学工作会议,60.0,3,external_positive,A,生产基线,1,10,Alibaba,deepseek/deepseek-v4-flash,False,message.content,10,10,,,gen-1786289455-rRYHou8uqY4WTkSJDyS3,stop,8.644675798714161,1,ok,,15c2355342e9f481d3b392cb3e01bae79204720243bb2525a8508dc2ba430daf,c874ba8fc3387f79c079849933528f69095c181efcf48ebe5c73feb51ec5a26e,d77d93e176445a54ece4076b2b2938f3a1d2f3edafb91beb2d0d0782c2f342cc,2026-08-09T15:31:03.328235+00:00
7617690020085875246,西安财经大学召开2026年春季学期本科教学工作会议,60.0,3,external_positive,A,生产基线,2,15,Alibaba,deepseek/deepseek-v4-flash,False,message.content,15,15,,,gen-1786289580-KwpgWKBGXHf1Jm9Vp5n0,stop,5.1819674000144005,1,ok,,15c2355342e9f481d3b392cb3e01bae79204720243bb2525a8508dc2ba430daf,c874ba8fc3387f79c079849933528f69095c181efcf48ebe5c73feb51ec5a26e,d77d93e176445a54ece4076b2b2938f3a1d2f3edafb91beb2d0d0782c2f342cc,2026-08-09T15:33:04.587154+00:00
7617690020085875246,西安财经大学召开2026年春季学期本科教学工作会议,60.0,3,external_positive,A,生产基线,3,20,Alibaba,deepseek/deepseek-v4-flash,False,message.content,20,20,,,gen-1786289401-KApyd46SGRBJ6secg2At,stop,6.048945300281048,1,ok,,15c2355342e9f481d3b392cb3e01bae79204720243bb2525a8508dc2ba430daf,c874ba8fc3387f79c079849933528f69095c181efcf48ebe5c73feb51ec5a26e,d77d93e176445a54ece4076b2b2938f3a1d2f3edafb91beb2d0d0782c2f342cc,2026-08-09T15:30:06.354353+00:00
7617690020085875246,西安财经大学召开2026年春季学期本科教学工作会议,60.0,3,external_positive,D,固定 provider + 关闭 reasoning,1,65,Alibaba,deepseek/deepseek-v4-flash,False,message.content,65,65,,,gen-1786289288-Ee7CQBlIU7Nnk3sQeVpJ,stop,1.6454953029751778,1,ok,,15c2355342e9f481d3b392cb3e01bae79204720243bb2525a8508dc2ba430daf,c874ba8fc3387f79c079849933528f69095c181efcf48ebe5c73feb51ec5a26e,fbe96f784b7bbfa2c2fe8e59672c601a4f84da8ecba6920ee25a1c31df2ece35,2026-08-09T15:28:08.676416+00:00
7617690020085875246,西安财经大学召开2026年春季学期本科教学工作会议,60.0,3,external_positive,D,固定 provider + 关闭 reasoning,2,65,Alibaba,deepseek/deepseek-v4-flash,False,message.content,65,65,,,gen-1786289677-Qxpmuprf13yZzzPqalfV,stop,1.8980452008545399,1,ok,,15c2355342e9f481d3b392cb3e01bae79204720243bb2525a8508dc2ba430daf,c874ba8fc3387f79c079849933528f69095c181efcf48ebe5c73feb51ec5a26e,fbe96f784b7bbfa2c2fe8e59672c601a4f84da8ecba6920ee25a1c31df2ece35,2026-08-09T15:34:37.755615+00:00
7617690020085875246,西安财经大学召开2026年春季学期本科教学工作会议,60.0,3,external_positive,D,固定 provider + 关闭 reasoning,3,65,Alibaba,deepseek/deepseek-v4-flash,False,message.content,65,65,,,gen-1786289534-JCR4UzhxCMPnwMKmFvB1,stop,2.082674901932478,1,ok,,15c2355342e9f481d3b392cb3e01bae79204720243bb2525a8508dc2ba430daf,c874ba8fc3387f79c079849933528f69095c181efcf48ebe5c73feb51ec5a26e,fbe96f784b7bbfa2c2fe8e59672c601a4f84da8ecba6920ee25a1c31df2ece35,2026-08-09T15:32:15.242826+00:00
7622122383905767962,点赞！市教育信息化研究院获省级嘉奖,80.0,4,external_positive,A,生产基线,1,85,Alibaba,deepseek/deepseek-v4-flash,False,message.content,85,85,,,gen-1786289529-B6WtZumCNbFkRcYVNV1N,stop,4.908839799463749,1,ok,,e464e1582075c6ceaf4794c7ef4af0c100d1b335455a9765ada17ed6e392626e,e161632d3588630d03fd8678eda878538585c85fbc23a0184c1a7e0328702da6,8a9173e58fa473f3a9fc9ea0c3ceeadf10c9d6944ea13c3a8111c9b9ec75caf5,2026-08-09T15:32:12.735586+00:00
7622122383905767962,点赞！市教育信息化研究院获省级嘉奖,80.0,4,external_positive,A,生产基线,2,80,Alibaba,deepseek/deepseek-v4-flash,False,message.content,80,80,,,gen-1786289433-98VJkgXxHOpG5XopOzqy,stop,9.4517972022295,1,ok,,e464e1582075c6ceaf4794c7ef4af0c100d1b335455a9765ada17ed6e392626e,e161632d3588630d03fd8678eda878538585c85fbc23a0184c1a7e0328702da6,8a9173e58fa473f3a9fc9ea0c3ceeadf10c9d6944ea13c3a8111c9b9ec75caf5,2026-08-09T15:30:41.325289+00:00
7622122383905767962,点赞！市教育信息化研究院获省级嘉奖,80.0,4,external_positive,A,生产基线,3,78,Alibaba,deepseek/deepseek-v4-flash,False,message.content,78,78,,,gen-1786289298-v0ufHe0zRGIgFviazBld,stop,4.08675580099225,1,ok,,e464e1582075c6ceaf4794c7ef4af0c100d1b335455a9765ada17ed6e392626e,e161632d3588630d03fd8678eda878538585c85fbc23a0184c1a7e0328702da6,8a9173e58fa473f3a9fc9ea0c3ceeadf10c9d6944ea13c3a8111c9b9ec75caf5,2026-08-09T15:28:21.298456+00:00
7622122383905767962,点赞！市教育信息化研究院获省级嘉奖,80.0,4,external_positive,D,固定 provider + 关闭 reasoning,1,75,Alibaba,deepseek/deepseek-v4-flash,False,message.content,75,75,,,gen-1786289683-4JZvME2DhOhTBnwDGH5N,stop,1.9727080017328262,1,ok,,e464e1582075c6ceaf4794c7ef4af0c100d1b335455a9765ada17ed6e392626e,e161632d3588630d03fd8678eda878538585c85fbc23a0184c1a7e0328702da6,820a3a8d9b48c86bd62ad80290e67adc157cf98ebae31a0f25af3c94600fc1e2,2026-08-09T15:34:43.786410+00:00
7622122383905767962,点赞！市教育信息化研究院获省级嘉奖,80.0,4,external_positive,D,固定 provider + 关闭 reasoning,2,75,Alibaba,deepseek/deepseek-v4-flash,False,message.content,75,75,,,gen-1786289657-6X8eoTTksMce4toWgHE7,stop,1.9543379992246628,1,ok,,e464e1582075c6ceaf4794c7ef4af0c100d1b335455a9765ada17ed6e392626e,e161632d3588630d03fd8678eda878538585c85fbc23a0184c1a7e0328702da6,820a3a8d9b48c86bd62ad80290e67adc157cf98ebae31a0f25af3c94600fc1e2,2026-08-09T15:34:18.064418+00:00
7622122383905767962,点赞！市教育信息化研究院获省级嘉奖,80.0,4,external_positive,D,固定 provider + 关闭 reasoning,3,75,Alibaba,deepseek/deepseek-v4-flash,False,message.content,75,75,,,gen-1786289377-Jah68cV2WxWew5QRiMN6,stop,3.3303188011050224,1,ok,,e464e1582075c6ceaf4794c7ef4af0c100d1b335455a9765ada17ed6e392626e,e161632d3588630d03fd8678eda878538585c85fbc23a0184c1a7e0328702da6,820a3a8d9b48c86bd62ad80290e67adc157cf98ebae31a0f25af3c94600fc1e2,2026-08-09T15:29:38.307213+00:00
7624538711211983400,清明将至 缅怀这位“以身许国”的科学家,50.0,2,internal_positive,A,生产基线,1,25,Alibaba,deepseek/deepseek-v4-flash,False,message.content,25,25,,,gen-1786289279-0bQH1N0iC7AlZQesQabj,stop,9.566374000161886,1,ok,,01b6ada728364c8eabbff3ce8e1de9359dd257240876a01162bb3b335ec67007,7d7d571758216775695684fa665b32bf36b208118eb26e4e36fb158332944a26,fbf48618d73eab2a21b4b32172d46b5ab83102673ccf69e1293e4d43c443c151,2026-08-09T15:28:08.372659+00:00
7624538711211983400,清明将至 缅怀这位“以身许国”的科学家,50.0,2,internal_positive,A,生产基线,2,20,Alibaba,deepseek/deepseek-v4-flash,False,message.content,20,20,,,gen-1786289564-O03pn3UF2WsVmlohryUw,stop,7.294463101774454,1,ok,,01b6ada728364c8eabbff3ce8e1de9359dd257240876a01162bb3b335ec67007,7d7d571758216775695684fa665b32bf36b208118eb26e4e36fb158332944a26,fbf48618d73eab2a21b4b32172d46b5ab83102673ccf69e1293e4d43c443c151,2026-08-09T15:32:50.311554+00:00
7624538711211983400,清明将至 缅怀这位“以身许国”的科学家,50.0,2,internal_positive,A,生产基线,3,28,Alibaba,deepseek/deepseek-v4-flash,False,message.content,28,28,,,gen-1786289688-mGfEykS1nK6JUnNMOJ8Y,stop,14.26703029870987,1,ok,,01b6ada728364c8eabbff3ce8e1de9359dd257240876a01162bb3b335ec67007,7d7d571758216775695684fa665b32bf36b208118eb26e4e36fb158332944a26,fbf48618d73eab2a21b4b32172d46b5ab83102673ccf69e1293e4d43c443c151,2026-08-09T15:35:02.031419+00:00
7624538711211983400,清明将至 缅怀这位“以身许国”的科学家,50.0,2,internal_positive,D,固定 provider + 关闭 reasoning,1,15,Alibaba,deepseek/deepseek-v4-flash,False,message.content,15,15,,,gen-1786289401-6V7vcHbYDCynI1N7JWM8,stop,2.0414507016539574,1,ok,,01b6ada728364c8eabbff3ce8e1de9359dd257240876a01162bb3b335ec67007,7d7d571758216775695684fa665b32bf36b208118eb26e4e36fb158332944a26,1a9f89bb28e095ed3dac24dfd4306d8e9dd59a3ca24a376a5cb50899d52a8d31,2026-08-09T15:30:01.792967+00:00
7624538711211983400,清明将至 缅怀这位“以身许国”的科学家,50.0,2,internal_positive,D,固定 provider + 关闭 reasoning,2,15,Alibaba,deepseek/deepseek-v4-flash,False,message.content,15,15,,,gen-1786289372-ILLRm3ZtQMwgpvinRdro,stop,2.1174581982195377,1,ok,,01b6ada728364c8eabbff3ce8e1de9359dd257240876a01162bb3b335ec67007,7d7d571758216775695684fa665b32bf36b208118eb26e4e36fb158332944a26,1a9f89bb28e095ed3dac24dfd4306d8e9dd59a3ca24a376a5cb50899d52a8d31,2026-08-09T15:29:33.036265+00:00
7624538711211983400,清明将至 缅怀这位“以身许国”的科学家,50.0,2,internal_positive,D,固定 provider + 关闭 reasoning,3,15,Alibaba,deepseek/deepseek-v4-flash,False,message.content,15,15,,,gen-1786289292-vojUIP9sYreSKoSQO4zd,stop,2.5708930008113384,1,ok,,01b6ada728364c8eabbff3ce8e1de9359dd257240876a01162bb3b335ec67007,7d7d571758216775695684fa665b32bf36b208118eb26e4e36fb158332944a26,1a9f89bb28e095ed3dac24dfd4306d8e9dd59a3ca24a376a5cb50899d52a8d31,2026-08-09T15:28:12.418371+00:00
7625445771425251876,踏春好  去旅行,48.0,2,internal_positive,A,生产基线,1,0,Alibaba,deepseek/deepseek-v4-flash,False,message.content,0,0,,,gen-1786289426-hHzsSE0YnQ00lmBHqWsf,stop,3.939877100288868,1,ok,,384ec235c030029d5ceae82c7e10e8f573831aab83cd58000d4808395f072598,e3deed995ff6c9ae54507f8122dcb8eda3ffdba3b6348322a3d0e57f9bf1ee45,eb025ea713ff9fe578d68fa9a2f6bd88bf820588ec5241d51d9e6be78db0088f,2026-08-09T15:30:29.372916+00:00
7625445771425251876,踏春好  去旅行,48.0,2,internal_positive,A,生产基线,2,25,Alibaba,deepseek/deepseek-v4-flash,False,message.content,25,25,,,gen-1786289387-fnz4PHEZHAU0QD1T9UCE,stop,8.682337202131748,1,ok,,384ec235c030029d5ceae82c7e10e8f573831aab83cd58000d4808395f072598,e3deed995ff6c9ae54507f8122dcb8eda3ffdba3b6348322a3d0e57f9bf1ee45,eb025ea713ff9fe578d68fa9a2f6bd88bf820588ec5241d51d9e6be78db0088f,2026-08-09T15:29:55.030506+00:00
7625445771425251876,踏春好  去旅行,48.0,2,internal_positive,A,生产基线,3,0,Alibaba,deepseek/deepseek-v4-flash,False,message.content,0,0,,,gen-1786289672-c8uzIlUkDVpLX8GEJHKB,stop,4.744312800467014,1,ok,,384ec235c030029d5ceae82c7e10e8f573831aab83cd58000d4808395f072598,e3deed995ff6c9ae54507f8122dcb8eda3ffdba3b6348322a3d0e57f9bf1ee45,eb025ea713ff9fe578d68fa9a2f6bd88bf820588ec5241d51d9e6be78db0088f,2026-08-09T15:34:35.856223+00:00
7625445771425251876,踏春好  去旅行,48.0,2,internal_positive,D,固定 provider + 关闭 reasoning,1,0,Alibaba,deepseek/deepseek-v4-flash,False,message.content,0,0,,,gen-1786289279-j7XIlpj39QZDFVFjHD0M,stop,1.5520408973097801,1,ok,,384ec235c030029d5ceae82c7e10e8f573831aab83cd58000d4808395f072598,e3deed995ff6c9ae54507f8122dcb8eda3ffdba3b6348322a3d0e57f9bf1ee45,1dfb6a595a481df9787d135a06c79050be242f3f9d20c5d567d419564799ebb6,2026-08-09T15:27:59.488235+00:00
7625445771425251876,踏春好  去旅行,48.0,2,internal_positive,D,固定 provider + 关闭 reasoning,2,0,Alibaba,deepseek/deepseek-v4-flash,False,message.content,0,0,,,gen-1786289670-geUMH46R5feFddMVj3Wy,stop,1.9238664023578167,1,ok,,384ec235c030029d5ceae82c7e10e8f573831aab83cd58000d4808395f072598,e3deed995ff6c9ae54507f8122dcb8eda3ffdba3b6348322a3d0e57f9bf1ee45,1dfb6a595a481df9787d135a06c79050be242f3f9d20c5d567d419564799ebb6,2026-08-09T15:34:31.615703+00:00
7625445771425251876,踏春好  去旅行,48.0,2,internal_positive,D,固定 provider + 关闭 reasoning,3,0,Alibaba,deepseek/deepseek-v4-flash,False,message.content,0,0,,,gen-1786289676-WvhhuinXT0hxUQL3YDTz,stop,1.8440853990614414,1,ok,,384ec235c030029d5ceae82c7e10e8f573831aab83cd58000d4808395f072598,e3deed995ff6c9ae54507f8122dcb8eda3ffdba3b6348322a3d0e57f9bf1ee45,1dfb6a595a481df9787d135a06c79050be242f3f9d20c5d567d419564799ebb6,2026-08-09T15:34:36.753218+00:00
7625904854057222694,市场监管总局暗访“麻醉鱼”、漂白鸡爪，严查违法经营、失职渎职,55.0,2,external_positive,A,生产基线,1,0,Alibaba,deepseek/deepseek-v4-flash,False,message.content,0,0,,,gen-1786289369-VOnxabGDpZKvoWn95159,stop,3.112264096736908,1,ok,,b9906812f532d5dfaabdae72f49450ca476cbdbce8381e693fde584b5f6b9494,69c647040e67ebafa8945ef4e8c08c44d426fba50bb64d7c0e7523082d41fef0,1bf93f56ec589b2460faeb469e9b40646f074fb9f80ca5dfaae211b932cb64fe,2026-08-09T15:29:30.917420+00:00
7625904854057222694,市场监管总局暗访“麻醉鱼”、漂白鸡爪，严查违法经营、失职渎职,55.0,2,external_positive,A,生产基线,2,5,Alibaba,deepseek/deepseek-v4-flash,False,message.content,5,5,,,gen-1786289604-sblYzpvtiWLdVLyBrJmM,stop,3.779702201485634,1,ok,,b9906812f532d5dfaabdae72f49450ca476cbdbce8381e693fde584b5f6b9494,69c647040e67ebafa8945ef4e8c08c44d426fba50bb64d7c0e7523082d41fef0,1bf93f56ec589b2460faeb469e9b40646f074fb9f80ca5dfaae211b932cb64fe,2026-08-09T15:33:27.532691+00:00
7625904854057222694,市场监管总局暗访“麻醉鱼”、漂白鸡爪，严查违法经营、失职渎职,55.0,2,external_positive,A,生产基线,3,10,Alibaba,deepseek/deepseek-v4-flash,False,message.content,10,10,,,gen-1786289607-pEZxXoPe18JqaFFwtti7,stop,4.125096198171377,1,ok,,b9906812f532d5dfaabdae72f49450ca476cbdbce8381e693fde584b5f6b9494,69c647040e67ebafa8945ef4e8c08c44d426fba50bb64d7c0e7523082d41fef0,1bf93f56ec589b2460faeb469e9b40646f074fb9f80ca5dfaae211b932cb64fe,2026-08-09T15:33:30.017112+00:00
7625904854057222694,市场监管总局暗访“麻醉鱼”、漂白鸡爪，严查违法经营、失职渎职,55.0,2,external_positive,D,固定 provider + 关闭 reasoning,1,0,Alibaba,deepseek/deepseek-v4-flash,False,message.content,0,0,,,gen-1786289653-hVcjCZjVaY5p8jbpkndx,stop,1.4501338005065918,1,ok,,b9906812f532d5dfaabdae72f49450ca476cbdbce8381e693fde584b5f6b9494,69c647040e67ebafa8945ef4e8c08c44d426fba50bb64d7c0e7523082d41fef0,4ea997418299b9eed0abf959dc0141b352371642c115b84233124582ce8e9ac2,2026-08-09T15:34:14.239068+00:00
7625904854057222694,市场监管总局暗访“麻醉鱼”、漂白鸡爪，严查违法经营、失职渎职,55.0,2,external_positive,D,固定 provider + 关闭 reasoning,2,0,Alibaba,deepseek/deepseek-v4-flash,False,message.content,0,0,,,gen-1786289711-mHjzwKqt5xDsKCRUnkfL,stop,1.6391698010265827,1,ok,,b9906812f532d5dfaabdae72f49450ca476cbdbce8381e693fde584b5f6b9494,69c647040e67ebafa8945ef4e8c08c44d426fba50bb64d7c0e7523082d41fef0,4ea997418299b9eed0abf959dc0141b352371642c115b84233124582ce8e9ac2,2026-08-09T15:35:12.115997+00:00
7625904854057222694,市场监管总局暗访“麻醉鱼”、漂白鸡爪，严查违法经营、失职渎职,55.0,2,external_positive,D,固定 provider + 关闭 reasoning,3,0,Alibaba,deepseek/deepseek-v4-flash,False,message.content,0,0,,,gen-1786289427-QvAGdtCC4Cuu0NucplF8,stop,1.7779523991048336,1,ok,,b9906812f532d5dfaabdae72f49450ca476cbdbce8381e693fde584b5f6b9494,69c647040e67ebafa8945ef4e8c08c44d426fba50bb64d7c0e7523082d41fef0,4ea997418299b9eed0abf959dc0141b352371642c115b84233124582ce8e9ac2,2026-08-09T15:30:28.247411+00:00
7628162448122331686,2026清华大学校园马拉松举行 3000余名师生校友共同奔跑,50.0,2,internal_positive,A,生产基线,1,40,Alibaba,deepseek/deepseek-v4-flash,False,message.content,40,40,,,gen-1786289494-Gl0XDS5prkQ3MDGBydt7,stop,6.496958699077368,1,ok,,54f5724bb85f2169d3781c6d7d31345d7768960f66509438ac1b17b9bdd0b4ca,3ba6ef92465c11d69068c6362cd739c86caf8a47887a0090ede43d8bd2403c24,702cca9b304484864daebf7b0a8a0a854d99e3eee12e3ede88ea40502cad6f71,2026-08-09T15:31:40.177082+00:00
7628162448122331686,2026清华大学校园马拉松举行 3000余名师生校友共同奔跑,50.0,2,internal_positive,A,生产基线,2,40,Alibaba,deepseek/deepseek-v4-flash,False,message.content,40,40,,,gen-1786289300-wZQHbDcyrjmyS1YIfMQt,stop,16.009391497820616,1,ok,,54f5724bb85f2169d3781c6d7d31345d7768960f66509438ac1b17b9bdd0b4ca,3ba6ef92465c11d69068c6362cd739c86caf8a47887a0090ede43d8bd2403c24,702cca9b304484864daebf7b0a8a0a854d99e3eee12e3ede88ea40502cad6f71,2026-08-09T15:28:34.999660+00:00
7628162448122331686,2026清华大学校园马拉松举行 3000余名师生校友共同奔跑,50.0,2,internal_positive,A,生产基线,3,25,Alibaba,deepseek/deepseek-v4-flash,False,message.content,25,25,,,gen-1786289312-Yf0FsZmhDmjQVaEnxPPq,stop,10.42683219909668,1,ok,,54f5724bb85f2169d3781c6d7d31345d7768960f66509438ac1b17b9bdd0b4ca,3ba6ef92465c11d69068c6362cd739c86caf8a47887a0090ede43d8bd2403c24,702cca9b304484864daebf7b0a8a0a854d99e3eee12e3ede88ea40502cad6f71,2026-08-09T15:28:41.266211+00:00
7628162448122331686,2026清华大学校园马拉松举行 3000余名师生校友共同奔跑,50.0,2,internal_positive,D,固定 provider + 关闭 reasoning,1,15,Alibaba,deepseek/deepseek-v4-flash,False,message.content,15,15,,,gen-1786289562-KFGjQfqwqCuCl9qK7epL,stop,1.78257429972291,1,ok,,54f5724bb85f2169d3781c6d7d31345d7768960f66509438ac1b17b9bdd0b4ca,3ba6ef92465c11d69068c6362cd739c86caf8a47887a0090ede43d8bd2403c24,56fee01ee6544c73867d6fbb5d7ccf8255008d0e88b94e1cabb3a6cc3a366076,2026-08-09T15:32:42.674114+00:00
7628162448122331686,2026清华大学校园马拉松举行 3000余名师生校友共同奔跑,50.0,2,internal_positive,D,固定 provider + 关闭 reasoning,2,15,Alibaba,deepseek/deepseek-v4-flash,False,message.content,15,15,,,gen-1786289646-t3jHabsg0LH1QT4CqHst,stop,1.9133916981518269,1,ok,,54f5724bb85f2169d3781c6d7d31345d7768960f66509438ac1b17b9bdd0b4ca,3ba6ef92465c11d69068c6362cd739c86caf8a47887a0090ede43d8bd2403c24,56fee01ee6544c73867d6fbb5d7ccf8255008d0e88b94e1cabb3a6cc3a366076,2026-08-09T15:34:07.047240+00:00
7628162448122331686,2026清华大学校园马拉松举行 3000余名师生校友共同奔跑,50.0,2,internal_positive,D,固定 provider + 关闭 reasoning,3,15,Alibaba,deepseek/deepseek-v4-flash,False,message.content,15,15,,,gen-1786289392-trqCVsvnlBciqDZExT6f,stop,1.6397277005016804,1,ok,,54f5724bb85f2169d3781c6d7d31345d7768960f66509438ac1b17b9bdd0b4ca,3ba6ef92465c11d69068c6362cd739c86caf8a47887a0090ede43d8bd2403c24,56fee01ee6544c73867d6fbb5d7ccf8255008d0e88b94e1cabb3a6cc3a366076,2026-08-09T15:29:52.712630+00:00
7628216971040948746,李强同阿联酋阿布扎比王储哈立德会谈,85.0,4,internal_positive,A,生产基线,1,5,Alibaba,deepseek/deepseek-v4-flash,False,message.content,5,5,,,gen-1786289542-lLcHq2RlG5TWm9CRIhzE,stop,13.611641801893711,1,ok,,79902360aadeb85d4b8f04b2dbd420adb0d5a77ef4737c166280dc804cde8d18,1c9518499fefecfef5b84edfff9aa451ecf4ea81ef9d2c61d67f1464eb12081c,d6c59f8d6dfdb0436ae091490ccf6253c890fb23cc139f73837042a1d93b34a9,2026-08-09T15:32:35.138118+00:00
7628216971040948746,李强同阿联酋阿布扎比王储哈立德会谈,85.0,4,internal_positive,A,生产基线,2,0,Alibaba,deepseek/deepseek-v4-flash,False,message.content,0,0,,,gen-1786289681-K2H1IQ2wbGm9WkeImHsI,stop,10.289682898670435,1,ok,,79902360aadeb85d4b8f04b2dbd420adb0d5a77ef4737c166280dc804cde8d18,1c9518499fefecfef5b84edfff9aa451ecf4ea81ef9d2c61d67f1464eb12081c,d6c59f8d6dfdb0436ae091490ccf6253c890fb23cc139f73837042a1d93b34a9,2026-08-09T15:34:50.446545+00:00
7628216971040948746,李强同阿联酋阿布扎比王储哈立德会谈,85.0,4,internal_positive,A,生产基线,3,25,Alibaba,deepseek/deepseek-v4-flash,False,message.content,25,25,,,gen-1786289703-5WKCwPQVjAzU5W7NxOwv,stop,12.381624098867178,1,ok,,79902360aadeb85d4b8f04b2dbd420adb0d5a77ef4737c166280dc804cde8d18,1c9518499fefecfef5b84edfff9aa451ecf4ea81ef9d2c61d67f1464eb12081c,d6c59f8d6dfdb0436ae091490ccf6253c890fb23cc139f73837042a1d93b34a9,2026-08-09T15:35:14.414372+00:00
7628216971040948746,李强同阿联酋阿布扎比王储哈立德会谈,85.0,4,internal_positive,D,固定 provider + 关闭 reasoning,1,0,Alibaba,deepseek/deepseek-v4-flash,False,message.content,0,0,,,gen-1786289615-iiGFEKGJMShdJeaB7CJn,stop,1.5782725997269154,1,ok,,79902360aadeb85d4b8f04b2dbd420adb0d5a77ef4737c166280dc804cde8d18,1c9518499fefecfef5b84edfff9aa451ecf4ea81ef9d2c61d67f1464eb12081c,f85c4befc85ec9eb6223e2ced36761802f2516321fb5cee4c399b1be7ee23a47,2026-08-09T15:33:35.865680+00:00
7628216971040948746,李强同阿联酋阿布扎比王储哈立德会谈,85.0,4,internal_positive,D,固定 provider + 关闭 reasoning,2,0,Alibaba,deepseek/deepseek-v4-flash,False,message.content,0,0,,,gen-1786289341-7hBLvF0EMq138TwW2fOu,stop,1.6949530988931656,1,ok,,79902360aadeb85d4b8f04b2dbd420adb0d5a77ef4737c166280dc804cde8d18,1c9518499fefecfef5b84edfff9aa451ecf4ea81ef9d2c61d67f1464eb12081c,f85c4befc85ec9eb6223e2ced36761802f2516321fb5cee4c399b1be7ee23a47,2026-08-09T15:29:01.603829+00:00
7628216971040948746,李强同阿联酋阿布扎比王储哈立德会谈,85.0,4,internal_positive,D,固定 provider + 关闭 reasoning,3,0,Alibaba,deepseek/deepseek-v4-flash,False,message.content,0,0,,,gen-1786289373-bdFEMEa2wi90R3WFhBhF,stop,1.6454485021531582,1,ok,,79902360aadeb85d4b8f04b2dbd420adb0d5a77ef4737c166280dc804cde8d18,1c9518499fefecfef5b84edfff9aa451ecf4ea81ef9d2c61d67f1464eb12081c,f85c4befc85ec9eb6223e2ced36761802f2516321fb5cee4c399b1be7ee23a47,2026-08-09T15:29:33.768121+00:00
7629572387679322630,衡阳市司法局与湖南省衡州监狱联合开展“法律咨询进高墙”系列活动,15.0,0,external_positive,A,生产基线,1,10,Alibaba,deepseek/deepseek-v4-flash,False,message.content,10,10,,,gen-1786289327-HyFyFNKsofXRUMbR8a66,stop,4.658237800002098,1,ok,,c7f5b819587b074ebb2a22079181c3428d6d7ff280763fb5c7a3c14c13d295d8,ab41814aa5e66659643048a92b1b82dcb6b2386e03a1cd149ceab46109d3cd2b,7a8d09aee8f59e8b5fbc18d9d5f9941c8cd371fa3718d6462c19730808e3e750,2026-08-09T15:28:51.334922+00:00
7629572387679322630,衡阳市司法局与湖南省衡州监狱联合开展“法律咨询进高墙”系列活动,15.0,0,external_positive,A,生产基线,2,10,Alibaba,deepseek/deepseek-v4-flash,False,message.content,10,10,,,gen-1786289401-WVQHLCjXn4BrqsPGASGP,stop,5.431510500609875,1,ok,,c7f5b819587b074ebb2a22079181c3428d6d7ff280763fb5c7a3c14c13d295d8,ab41814aa5e66659643048a92b1b82dcb6b2386e03a1cd149ceab46109d3cd2b,7a8d09aee8f59e8b5fbc18d9d5f9941c8cd371fa3718d6462c19730808e3e750,2026-08-09T15:30:05.926622+00:00
7629572387679322630,衡阳市司法局与湖南省衡州监狱联合开展“法律咨询进高墙”系列活动,15.0,0,external_positive,A,生产基线,3,0,Alibaba,deepseek/deepseek-v4-flash,False,message.content,0,0,,,gen-1786289470-lFrl3McVgPz3kOMXJdng,stop,7.14380320161581,1,ok,,c7f5b819587b074ebb2a22079181c3428d6d7ff280763fb5c7a3c14c13d295d8,ab41814aa5e66659643048a92b1b82dcb6b2386e03a1cd149ceab46109d3cd2b,7a8d09aee8f59e8b5fbc18d9d5f9941c8cd371fa3718d6462c19730808e3e750,2026-08-09T15:31:14.579875+00:00
7629572387679322630,衡阳市司法局与湖南省衡州监狱联合开展“法律咨询进高墙”系列活动,15.0,0,external_positive,D,固定 provider + 关闭 reasoning,1,0,Alibaba,deepseek/deepseek-v4-flash,False,message.content,0,0,,,gen-1786289614-zxXxEmBrcJpkbtngFlCy,stop,1.5841932035982609,1,ok,,c7f5b819587b074ebb2a22079181c3428d6d7ff280763fb5c7a3c14c13d295d8,ab41814aa5e66659643048a92b1b82dcb6b2386e03a1cd149ceab46109d3cd2b,255e45468cce9130c7f3321db7752752c63c5c3be5730c42d9ebe8980ab69dd0,2026-08-09T15:33:34.505684+00:00
7629572387679322630,衡阳市司法局与湖南省衡州监狱联合开展“法律咨询进高墙”系列活动,15.0,0,external_positive,D,固定 provider + 关闭 reasoning,2,34,Alibaba,deepseek/deepseek-v4-flash,False,message.content,34,34,,,gen-1786289583-xQxt0Mzd6Cq1duoMZYD1,stop,1.3259106017649174,1,ok,,c7f5b819587b074ebb2a22079181c3428d6d7ff280763fb5c7a3c14c13d295d8,ab41814aa5e66659643048a92b1b82dcb6b2386e03a1cd149ceab46109d3cd2b,255e45468cce9130c7f3321db7752752c63c5c3be5730c42d9ebe8980ab69dd0,2026-08-09T15:33:03.940022+00:00
7629572387679322630,衡阳市司法局与湖南省衡州监狱联合开展“法律咨询进高墙”系列活动,15.0,0,external_positive,D,固定 provider + 关闭 reasoning,3,0,Alibaba,deepseek/deepseek-v4-flash,False,message.content,0,0,,,gen-1786289393-U8F6mpYAs2v6x6T01miO,stop,1.5750932022929192,1,ok,,c7f5b819587b074ebb2a22079181c3428d6d7ff280763fb5c7a3c14c13d295d8,ab41814aa5e66659643048a92b1b82dcb6b2386e03a1cd149ceab46109d3cd2b,255e45468cce9130c7f3321db7752752c63c5c3be5730c42d9ebe8980ab69dd0,2026-08-09T15:29:54.175293+00:00
7629598851149627967,贵州一英语老师低血糖蹒跚走出教室，9名学生悄悄尾随守护，老师倒下一刹那稳稳托住,10.0,0,external_positive,A,生产基线,1,10,Alibaba,deepseek/deepseek-v4-flash,False,message.content,10,10,,,gen-1786289648-GLhKrcfwkH68F84Y4Vec,stop,3.550788599997759,1,ok,,3d62e3bfd94806265350b01636eba0588e67ab33719ae357619e9877d9c21383,2058863561f837c1ce93c9fd77446281751fcdbf221fe1a8caf54abeb0ed4fec,a80ed7c5dc43f1d54b968b881db20db4727636e85eddd7dff23747e3fe65da54,2026-08-09T15:34:10.764058+00:00
7629598851149627967,贵州一英语老师低血糖蹒跚走出教室，9名学生悄悄尾随守护，老师倒下一刹那稳稳托住,10.0,0,external_positive,A,生产基线,2,15,Alibaba,deepseek/deepseek-v4-flash,False,message.content,15,15,,,gen-1786289287-XUxLpZ5GJieif5VIbD4x,stop,3.721533600240946,1,ok,,3d62e3bfd94806265350b01636eba0588e67ab33719ae357619e9877d9c21383,2058863561f837c1ce93c9fd77446281751fcdbf221fe1a8caf54abeb0ed4fec,a80ed7c5dc43f1d54b968b881db20db4727636e85eddd7dff23747e3fe65da54,2026-08-09T15:28:10.168167+00:00
7629598851149627967,贵州一英语老师低血糖蹒跚走出教室，9名学生悄悄尾随守护，老师倒下一刹那稳稳托住,10.0,0,external_positive,A,生产基线,3,10,Alibaba,deepseek/deepseek-v4-flash,False,message.content,10,10,,,gen-1786289647-qKSkGHScMByLhbkdD6nI,stop,3.2063486017286777,1,ok,,3d62e3bfd94806265350b01636eba0588e67ab33719ae357619e9877d9c21383,2058863561f837c1ce93c9fd77446281751fcdbf221fe1a8caf54abeb0ed4fec,a80ed7c5dc43f1d54b968b881db20db4727636e85eddd7dff23747e3fe65da54,2026-08-09T15:34:09.724261+00:00
7629598851149627967,贵州一英语老师低血糖蹒跚走出教室，9名学生悄悄尾随守护，老师倒下一刹那稳稳托住,10.0,0,external_positive,D,固定 provider + 关闭 reasoning,1,0,Alibaba,deepseek/deepseek-v4-flash,False,message.content,0,0,,,gen-1786289473-V2TbOd2ksNIxt4kqvnk1,stop,1.666652798652649,1,ok,,3d62e3bfd94806265350b01636eba0588e67ab33719ae357619e9877d9c21383,2058863561f837c1ce93c9fd77446281751fcdbf221fe1a8caf54abeb0ed4fec,ebdca72c4189fba8bea55def413ed952bb4bb9d75d0e6048baed71e159b90862,2026-08-09T15:31:13.581504+00:00
7629598851149627967,贵州一英语老师低血糖蹒跚走出教室，9名学生悄悄尾随守护，老师倒下一刹那稳稳托住,10.0,0,external_positive,D,固定 provider + 关闭 reasoning,2,0,Alibaba,deepseek/deepseek-v4-flash,False,message.content,0,0,,,gen-1786289464-VxIkoBB0AjgAj0A8aGh2,stop,2.098129902034998,1,ok,,3d62e3bfd94806265350b01636eba0588e67ab33719ae357619e9877d9c21383,2058863561f837c1ce93c9fd77446281751fcdbf221fe1a8caf54abeb0ed4fec,ebdca72c4189fba8bea55def413ed952bb4bb9d75d0e6048baed71e159b90862,2026-08-09T15:31:05.430769+00:00
7629598851149627967,贵州一英语老师低血糖蹒跚走出教室，9名学生悄悄尾随守护，老师倒下一刹那稳稳托住,10.0,0,external_positive,D,固定 provider + 关闭 reasoning,3,0,Alibaba,deepseek/deepseek-v4-flash,False,message.content,0,0,,,gen-1786289354-hd37MRFmqCVvpBlOiyB2,stop,1.8907871022820473,1,ok,,3d62e3bfd94806265350b01636eba0588e67ab33719ae357619e9877d9c21383,2058863561f837c1ce93c9fd77446281751fcdbf221fe1a8caf54abeb0ed4fec,ebdca72c4189fba8bea55def413ed952bb4bb9d75d0e6048baed71e159b90862,2026-08-09T15:29:14.853227+00:00
7631475061202911786,简历投了一大堆，为何没消息？北京免费的职业指导别错过,75.0,3,internal_positive,A,生产基线,1,5,Alibaba,deepseek/deepseek-v4-flash,False,message.content,5,5,,,gen-1786289449-LlEHajDsInkyi4vdxrv4,stop,14.947596002370119,1,ok,,b3e66ebb849ee6eb796d60857d58260b610a54f54a954c9817adb3a1e0d74e09,089afda9d16d7b19fba1a24edda4cd83c9aec630b3188934d21593597747d20f,f5bcab4b6115c2184963a084ef585873fc6b6f99696f04758c10f02332cfd7b0,2026-08-09T15:31:03.330887+00:00
7631475061202911786,简历投了一大堆，为何没消息？北京免费的职业指导别错过,75.0,3,internal_positive,A,生产基线,2,5,Alibaba,deepseek/deepseek-v4-flash,False,message.content,5,5,,,gen-1786289343-1XtKbrTRpAPWJ3dfgfRS,stop,12.809260301291943,1,ok,,b3e66ebb849ee6eb796d60857d58260b610a54f54a954c9817adb3a1e0d74e09,089afda9d16d7b19fba1a24edda4cd83c9aec630b3188934d21593597747d20f,f5bcab4b6115c2184963a084ef585873fc6b6f99696f04758c10f02332cfd7b0,2026-08-09T15:29:14.414457+00:00
7631475061202911786,简历投了一大堆，为何没消息？北京免费的职业指导别错过,75.0,3,internal_positive,A,生产基线,3,25,Alibaba,deepseek/deepseek-v4-flash,False,message.content,25,25,,,gen-1786289401-npb4mM8eEOk30QUBQHJh,stop,11.948205400258303,1,ok,,b3e66ebb849ee6eb796d60857d58260b610a54f54a954c9817adb3a1e0d74e09,089afda9d16d7b19fba1a24edda4cd83c9aec630b3188934d21593597747d20f,f5bcab4b6115c2184963a084ef585873fc6b6f99696f04758c10f02332cfd7b0,2026-08-09T15:30:11.566595+00:00
7631475061202911786,简历投了一大堆，为何没消息？北京免费的职业指导别错过,75.0,3,internal_positive,D,固定 provider + 关闭 reasoning,1,15,Alibaba,deepseek/deepseek-v4-flash,False,message.content,15,15,,,gen-1786289300-AB8zgiP3UXqfKnYu0865,stop,1.583642601966858,1,ok,,b3e66ebb849ee6eb796d60857d58260b610a54f54a954c9817adb3a1e0d74e09,089afda9d16d7b19fba1a24edda4cd83c9aec630b3188934d21593597747d20f,d92d5935c7319c731abea0af92e9d6ae0c52fb746f61c93582fbfb5cfd8f38f4,2026-08-09T15:28:20.570159+00:00
7631475061202911786,简历投了一大堆，为何没消息？北京免费的职业指导别错过,75.0,3,internal_positive,D,固定 provider + 关闭 reasoning,2,15,Alibaba,deepseek/deepseek-v4-flash,False,message.content,15,15,,,gen-1786289381-aE4RfDZy04gMpeOogDIJ,stop,1.6663171984255314,1,ok,,b3e66ebb849ee6eb796d60857d58260b610a54f54a954c9817adb3a1e0d74e09,089afda9d16d7b19fba1a24edda4cd83c9aec630b3188934d21593597747d20f,d92d5935c7319c731abea0af92e9d6ae0c52fb746f61c93582fbfb5cfd8f38f4,2026-08-09T15:29:42.110114+00:00
7631475061202911786,简历投了一大堆，为何没消息？北京免费的职业指导别错过,75.0,3,internal_positive,D,固定 provider + 关闭 reasoning,3,15,Alibaba,deepseek/deepseek-v4-flash,False,message.content,15,15,,,gen-1786289386-Fli700PCJGfYG0oWvhmE,stop,1.625924400985241,1,ok,,b3e66ebb849ee6eb796d60857d58260b610a54f54a954c9817adb3a1e0d74e09,089afda9d16d7b19fba1a24edda4cd83c9aec630b3188934d21593597747d20f,d92d5935c7319c731abea0af92e9d6ae0c52fb746f61c93582fbfb5cfd8f38f4,2026-08-09T15:29:46.908535+00:00
7631724657380557363,300余家国企招聘岗位上线,85.0,4,internal_positive,D,固定 provider + 关闭 reasoning,1,75,Alibaba,deepseek/deepseek-v4-flash,False,message.content,75,75,,,gen-1786289692-yGyW649IiQALdNLxntGX,stop,1.7037357985973358,1,ok,,9830d80828073c6c024fab394bf06f23aa622bf586e6cfc551e96eb590e7d49f,e58bacb73b161e4ae66f260e478f71872d2abe1cfb03b96d237e11d53d710f83,c68aa4cb0e6d3ed8814d39ea698eb7c0afeb84b1a6d7ada4e8a7c63ccd720f3d,2026-08-09T15:34:52.751691+00:00
7631724657380557363,300余家国企招聘岗位上线,85.0,4,internal_positive,D,固定 provider + 关闭 reasoning,2,15,Alibaba,deepseek/deepseek-v4-flash,False,message.content,15,15,,,gen-1786289282-4gcJkdmhGiH0zwXU0uWE,stop,1.5997391007840633,1,ok,,9830d80828073c6c024fab394bf06f23aa622bf586e6cfc551e96eb590e7d49f,e58bacb73b161e4ae66f260e478f71872d2abe1cfb03b96d237e11d53d710f83,c68aa4cb0e6d3ed8814d39ea698eb7c0afeb84b1a6d7ada4e8a7c63ccd720f3d,2026-08-09T15:28:02.722596+00:00
7631724657380557363,300余家国企招聘岗位上线,85.0,4,internal_positive,D,固定 provider + 关闭 reasoning,3,75,Alibaba,deepseek/deepseek-v4-flash,False,message.content,75,75,,,gen-1786289390-CL9IkEkTzUCfZoQbxmlN,stop,1.796595897525549,1,ok,,9830d80828073c6c024fab394bf06f23aa622bf586e6cfc551e96eb590e7d49f,e58bacb73b161e4ae66f260e478f71872d2abe1cfb03b96d237e11d53d710f83,c68aa4cb0e6d3ed8814d39ea698eb7c0afeb84b1a6d7ada4e8a7c63ccd720f3d,2026-08-09T15:29:51.281368+00:00
7631724657380557363,300余家国企招聘岗位上线,85.0,4,internal_positive,D,固定 provider + 关闭 reasoning,4,15,Alibaba,deepseek/deepseek-v4-flash,False,message.content,15,15,,,gen-1786289588-Qfi99dckuT9m1gvryRwN,stop,1.9150968007743359,1,ok,,9830d80828073c6c024fab394bf06f23aa622bf586e6cfc551e96eb590e7d49f,e58bacb73b161e4ae66f260e478f71872d2abe1cfb03b96d237e11d53d710f83,c68aa4cb0e6d3ed8814d39ea698eb7c0afeb84b1a6d7ada4e8a7c63ccd720f3d,2026-08-09T15:33:08.647695+00:00
7631724657380557363,300余家国企招聘岗位上线,85.0,4,internal_positive,D,固定 provider + 关闭 reasoning,5,15,Alibaba,deepseek/deepseek-v4-flash,False,message.content,15,15,,,gen-1786289629-L2YBcliStUiDxjzf5ZDx,stop,2.72557570040226,1,ok,,9830d80828073c6c024fab394bf06f23aa622bf586e6cfc551e96eb590e7d49f,e58bacb73b161e4ae66f260e478f71872d2abe1cfb03b96d237e11d53d710f83,c68aa4cb0e6d3ed8814d39ea698eb7c0afeb84b1a6d7ada4e8a7c63ccd720f3d,2026-08-09T15:33:49.863982+00:00
7631847316194656802,北京支持AI智能体基础设施建设 单个项目最高奖励3000万元,85.0,4,internal_positive,A,生产基线,1,5,Alibaba,deepseek/deepseek-v4-flash,False,message.content,5,5,,,gen-1786289550-c0hy95nG4pZfWnpjnmA0,stop,9.413811899721622,1,ok,,eb69f15124c223bd8029bd7263eb15af96666ebf242c5b60f1e95d338df9af00,5465666b60a7cb0ebe0836b9c393d5120edb4572aea4a8e28fa4f74e36a1cc63,e5841851cb9c65a8110c4fe65496e59a9c98b490a9e8b8bbcc7e97731c77ffba,2026-08-09T15:32:38.745229+00:00
7631847316194656802,北京支持AI智能体基础设施建设 单个项目最高奖励3000万元,85.0,4,internal_positive,A,生产基线,2,5,Alibaba,deepseek/deepseek-v4-flash,False,message.content,5,5,,,gen-1786289282-3IFvX6K0xdLKgzZ5tzeq,stop,5.958272200077772,1,ok,,eb69f15124c223bd8029bd7263eb15af96666ebf242c5b60f1e95d338df9af00,5465666b60a7cb0ebe0836b9c393d5120edb4572aea4a8e28fa4f74e36a1cc63,e5841851cb9c65a8110c4fe65496e59a9c98b490a9e8b8bbcc7e97731c77ffba,2026-08-09T15:28:06.919973+00:00
7631847316194656802,北京支持AI智能体基础设施建设 单个项目最高奖励3000万元,85.0,4,internal_positive,A,生产基线,3,10,Alibaba,deepseek/deepseek-v4-flash,False,message.content,10,10,,,gen-1786289420-L9EzvfuhXc1RvMOP8MF2,stop,7.126144498586655,1,ok,,eb69f15124c223bd8029bd7263eb15af96666ebf242c5b60f1e95d338df9af00,5465666b60a7cb0ebe0836b9c393d5120edb4572aea4a8e28fa4f74e36a1cc63,e5841851cb9c65a8110c4fe65496e59a9c98b490a9e8b8bbcc7e97731c77ffba,2026-08-09T15:30:26.467634+00:00
7631847316194656802,北京支持AI智能体基础设施建设 单个项目最高奖励3000万元,85.0,4,internal_positive,D,固定 provider + 关闭 reasoning,1,15,Alibaba,deepseek/deepseek-v4-flash,False,message.content,15,15,,,gen-1786289564-uF16rUIaquANkSK2vLgr,stop,1.602955900132656,1,ok,,eb69f15124c223bd8029bd7263eb15af96666ebf242c5b60f1e95d338df9af00,5465666b60a7cb0ebe0836b9c393d5120edb4572aea4a8e28fa4f74e36a1cc63,c6377594803568c73433db0134d7a32d42522a0bfc5fa30b19eecc75b6886c27,2026-08-09T15:32:44.289615+00:00
7631847316194656802,北京支持AI智能体基础设施建设 单个项目最高奖励3000万元,85.0,4,internal_positive,D,固定 provider + 关闭 reasoning,2,15,Alibaba,deepseek/deepseek-v4-flash,False,message.content,15,15,,,gen-1786289686-MSzL6NPQDGxf43WEXXPc,stop,1.6481363996863365,1,ok,,eb69f15124c223bd8029bd7263eb15af96666ebf242c5b60f1e95d338df9af00,5465666b60a7cb0ebe0836b9c393d5120edb4572aea4a8e28fa4f74e36a1cc63,c6377594803568c73433db0134d7a32d42522a0bfc5fa30b19eecc75b6886c27,2026-08-09T15:34:47.187691+00:00
7631847316194656802,北京支持AI智能体基础设施建设 单个项目最高奖励3000万元,85.0,4,internal_positive,D,固定 provider + 关闭 reasoning,3,15,Alibaba,deepseek/deepseek-v4-flash,False,message.content,15,15,,,gen-1786289367-sj8ny3rCoUCO2yPr0CKm,stop,1.7340697012841702,1,ok,,eb69f15124c223bd8029bd7263eb15af96666ebf242c5b60f1e95d338df9af00,5465666b60a7cb0ebe0836b9c393d5120edb4572aea4a8e28fa4f74e36a1cc63,c6377594803568c73433db0134d7a32d42522a0bfc5fa30b19eecc75b6886c27,2026-08-09T15:29:27.919517+00:00
7632134103197811254,山西省蒲剧艺术院：蒲韵传京畿 梨园绽芳华,35.0,1,internal_positive,A,生产基线,1,30,Alibaba,deepseek/deepseek-v4-flash,False,message.content,30,30,,,gen-1786289429-a6lSsfcCmO13lMCcb8WV,stop,16.76515479758382,1,ok,,2099364ad3deabac01a4b86961bfa1363deadc1e570f91089f466a100f7fc916,91221ee4d86eac3e8121997d5d13c2a9598ad0572f58f5a40ab3d5a095b6dcac,e582b93d5b418e7e2db251853a0b1722085e3b0a8e32fdca88a4607bc9cbd771,2026-08-09T15:30:45.013995+00:00
7632134103197811254,山西省蒲剧艺术院：蒲韵传京畿 梨园绽芳华,35.0,1,internal_positive,A,生产基线,2,25,Parasail,deepseek/deepseek-v4-flash,False,message.content,25,25,,,gen-1786289628-HOVKL41A4rTpv0lU3TuZ,stop,58.55071420222521,1,ok,,2099364ad3deabac01a4b86961bfa1363deadc1e570f91089f466a100f7fc916,91221ee4d86eac3e8121997d5d13c2a9598ad0572f58f5a40ab3d5a095b6dcac,e582b93d5b418e7e2db251853a0b1722085e3b0a8e32fdca88a4607bc9cbd771,2026-08-09T15:34:45.380180+00:00
7632134103197811254,山西省蒲剧艺术院：蒲韵传京畿 梨园绽芳华,35.0,1,internal_positive,A,生产基线,3,38,Baidu,deepseek/deepseek-v4-flash,False,message.content,38,38,,,gen-1786289679-g03ZYBRlUJ7m32ASTB3A,stop,31.65390219911933,1,ok,,2099364ad3deabac01a4b86961bfa1363deadc1e570f91089f466a100f7fc916,91221ee4d86eac3e8121997d5d13c2a9598ad0572f58f5a40ab3d5a095b6dcac,e582b93d5b418e7e2db251853a0b1722085e3b0a8e32fdca88a4607bc9cbd771,2026-08-09T15:35:09.410857+00:00
7632134103197811254,山西省蒲剧艺术院：蒲韵传京畿 梨园绽芳华,35.0,1,internal_positive,D,固定 provider + 关闭 reasoning,1,19,Alibaba,deepseek/deepseek-v4-flash,False,message.content,19,19,,,gen-1786289298-f0DnmnBQhsM2pslOwuGY,stop,1.6365776993334293,1,ok,,2099364ad3deabac01a4b86961bfa1363deadc1e570f91089f466a100f7fc916,91221ee4d86eac3e8121997d5d13c2a9598ad0572f58f5a40ab3d5a095b6dcac,9ed85ab701f041730e58efe1594c2529b98c921b93ee976721c61ccd052cd4c0,2026-08-09T15:28:18.540244+00:00
7632134103197811254,山西省蒲剧艺术院：蒲韵传京畿 梨园绽芳华,35.0,1,internal_positive,D,固定 provider + 关闭 reasoning,2,15,Alibaba,deepseek/deepseek-v4-flash,False,message.content,15,15,,,gen-1786289392-0e3QscX0EyW6d8Dmqaio,stop,1.820718102157116,1,ok,,2099364ad3deabac01a4b86961bfa1363deadc1e570f91089f466a100f7fc916,91221ee4d86eac3e8121997d5d13c2a9598ad0572f58f5a40ab3d5a095b6dcac,9ed85ab701f041730e58efe1594c2529b98c921b93ee976721c61ccd052cd4c0,2026-08-09T15:29:52.952870+00:00
7632134103197811254,山西省蒲剧艺术院：蒲韵传京畿 梨园绽芳华,35.0,1,internal_positive,D,固定 provider + 关闭 reasoning,3,15,Alibaba,deepseek/deepseek-v4-flash,False,message.content,15,15,,,gen-1786289421-xpwiJ1UQaDmHrNuZJxzh,stop,1.5977379009127617,1,ok,,2099364ad3deabac01a4b86961bfa1363deadc1e570f91089f466a100f7fc916,91221ee4d86eac3e8121997d5d13c2a9598ad0572f58f5a40ab3d5a095b6dcac,9ed85ab701f041730e58efe1594c2529b98c921b93ee976721c61ccd052cd4c0,2026-08-09T15:30:21.655397+00:00
7632896630741107241,中央民族歌舞团开放日广邀观众，12场“民族艺术进校园”同步启动,75.0,3,internal_positive,A,生产基线,1,42,Alibaba,deepseek/deepseek-v4-flash,False,message.content,42,42,,,gen-1786289702-Gy9rlLUi8zwYiTtWycDz,stop,13.183883998543024,1,ok,,30ea59721e02472524431b29ba05a9f839ba9aecfaffd1af4974b64bc4ddd34a,c7a42afc41c258cdce145dcb8d241f4bcf824bed8f6fd6627c145d3d523b9a48,3fa3538c83bba789797b4edd3e0491e37b323586f36f0ca6925b46cae7958084,2026-08-09T15:35:14.579874+00:00
7632896630741107241,中央民族歌舞团开放日广邀观众，12场“民族艺术进校园”同步启动,75.0,3,internal_positive,A,生产基线,2,55,Parasail,deepseek/deepseek-v4-flash,False,message.content,55,55,,,gen-1786289606-pM3mB92Wfq356cZvendL,stop,13.185577802360058,1,ok,,30ea59721e02472524431b29ba05a9f839ba9aecfaffd1af4974b64bc4ddd34a,c7a42afc41c258cdce145dcb8d241f4bcf824bed8f6fd6627c145d3d523b9a48,3fa3538c83bba789797b4edd3e0491e37b323586f36f0ca6925b46cae7958084,2026-08-09T15:33:38.336855+00:00
7632896630741107241,中央民族歌舞团开放日广邀观众，12场“民族艺术进校园”同步启动,75.0,3,internal_positive,A,生产基线,3,44,Alibaba,deepseek/deepseek-v4-flash,False,message.content,44,44,,,gen-1786289573-RYatrYfH59YqmWiMNJkn,stop,9.790372602641582,1,ok,,30ea59721e02472524431b29ba05a9f839ba9aecfaffd1af4974b64bc4ddd34a,c7a42afc41c258cdce145dcb8d241f4bcf824bed8f6fd6627c145d3d523b9a48,3fa3538c83bba789797b4edd3e0491e37b323586f36f0ca6925b46cae7958084,2026-08-09T15:33:01.705603+00:00
7632896630741107241,中央民族歌舞团开放日广邀观众，12场“民族艺术进校园”同步启动,75.0,3,internal_positive,D,固定 provider + 关闭 reasoning,1,65,Alibaba,deepseek/deepseek-v4-flash,False,message.content,65,65,,,gen-1786289299-97qtKjBnl7ZiZTo015hj,stop,1.5264937989413738,1,ok,,30ea59721e02472524431b29ba05a9f839ba9aecfaffd1af4974b64bc4ddd34a,c7a42afc41c258cdce145dcb8d241f4bcf824bed8f6fd6627c145d3d523b9a48,f08747a5ea6e27fcb7aa2618a8e8539586021b0f83dc2d0e7ec576b9b460fae9,2026-08-09T15:28:20.068093+00:00
7632896630741107241,中央民族歌舞团开放日广邀观众，12场“民族艺术进校园”同步启动,75.0,3,internal_positive,D,固定 provider + 关闭 reasoning,2,75,Alibaba,deepseek/deepseek-v4-flash,False,message.content,75,75,,,gen-1786289363-WzeTVOthhuKcX79czvD1,stop,1.8301509991288185,1,ok,,30ea59721e02472524431b29ba05a9f839ba9aecfaffd1af4974b64bc4ddd34a,c7a42afc41c258cdce145dcb8d241f4bcf824bed8f6fd6627c145d3d523b9a48,f08747a5ea6e27fcb7aa2618a8e8539586021b0f83dc2d0e7ec576b9b460fae9,2026-08-09T15:29:24.411323+00:00
7632896630741107241,中央民族歌舞团开放日广邀观众，12场“民族艺术进校园”同步启动,75.0,3,internal_positive,D,固定 provider + 关闭 reasoning,3,65,Alibaba,deepseek/deepseek-v4-flash,False,message.content,65,65,,,gen-1786289577-YXOEMYOT5nXD2FIA6IeC,stop,1.5647429004311562,1,ok,,30ea59721e02472524431b29ba05a9f839ba9aecfaffd1af4974b64bc4ddd34a,c7a42afc41c258cdce145dcb8d241f4bcf824bed8f6fd6627c145d3d523b9a48,f08747a5ea6e27fcb7aa2618a8e8539586021b0f83dc2d0e7ec576b9b460fae9,2026-08-09T15:32:57.398001+00:00
7633609902765703680,推动未来产业发展不断取得新突破（专题深思）,85.0,4,external_positive,A,生产基线,1,10,Alibaba,deepseek/deepseek-v4-flash,False,message.content,10,10,,,gen-1786289673-MfXikbtHFe3HX3zQOcpn,stop,8.194494299590588,1,ok,,d9ca3f4b1a26a5f4ccb27734ab99eca8e234a48661ae90ce5c02df594b57658c,25f2cab03dfa86ef1ce7009a278a1f6345e3e9428fd9a337a8023f7ea07437e2,8b149267b93a15f47c666c7e9d9a462fb10948bc617c7c746b6fffdace56aa27,2026-08-09T15:34:40.929374+00:00
7633609902765703680,推动未来产业发展不断取得新突破（专题深思）,85.0,4,external_positive,A,生产基线,2,10,Alibaba,deepseek/deepseek-v4-flash,False,message.content,10,10,,,gen-1786289645-T9ZATRcZHZTKZeCVOA5p,stop,9.587594397366047,1,ok,,d9ca3f4b1a26a5f4ccb27734ab99eca8e234a48661ae90ce5c02df594b57658c,25f2cab03dfa86ef1ce7009a278a1f6345e3e9428fd9a337a8023f7ea07437e2,8b149267b93a15f47c666c7e9d9a462fb10948bc617c7c746b6fffdace56aa27,2026-08-09T15:34:13.609416+00:00
7633609902765703680,推动未来产业发展不断取得新突破（专题深思）,85.0,4,external_positive,A,生产基线,3,15,Alibaba,deepseek/deepseek-v4-flash,False,message.content,15,15,,,gen-1786289586-EYuM8ODqQYSOv9q8N7Mi,stop,4.549651198089123,1,ok,,d9ca3f4b1a26a5f4ccb27734ab99eca8e234a48661ae90ce5c02df594b57658c,25f2cab03dfa86ef1ce7009a278a1f6345e3e9428fd9a337a8023f7ea07437e2,8b149267b93a15f47c666c7e9d9a462fb10948bc617c7c746b6fffdace56aa27,2026-08-09T15:33:10.323811+00:00
7633609902765703680,推动未来产业发展不断取得新突破（专题深思）,85.0,4,external_positive,D,固定 provider + 关闭 reasoning,1,0,Alibaba,deepseek/deepseek-v4-flash,False,message.content,0,0,,,gen-1786289264-GD26rgiVvCFuSuFmtsV0,stop,2.707864198833704,1,ok,,d9ca3f4b1a26a5f4ccb27734ab99eca8e234a48661ae90ce5c02df594b57658c,25f2cab03dfa86ef1ce7009a278a1f6345e3e9428fd9a337a8023f7ea07437e2,942c42fbd6a822818fdb5002708e62b039643561bdd1a6f4ad35e8aafa13a00b,2026-08-09T15:27:44.749501+00:00
7633609902765703680,推动未来产业发展不断取得新突破（专题深思）,85.0,4,external_positive,D,固定 provider + 关闭 reasoning,2,0,Alibaba,deepseek/deepseek-v4-flash,False,message.content,0,0,,,gen-1786289613-NEKH2aelHLZumGw8yU2g,stop,1.3425152003765106,1,ok,,d9ca3f4b1a26a5f4ccb27734ab99eca8e234a48661ae90ce5c02df594b57658c,25f2cab03dfa86ef1ce7009a278a1f6345e3e9428fd9a337a8023f7ea07437e2,942c42fbd6a822818fdb5002708e62b039643561bdd1a6f4ad35e8aafa13a00b,2026-08-09T15:33:33.895934+00:00
7633609902765703680,推动未来产业发展不断取得新突破（专题深思）,85.0,4,external_positive,D,固定 provider + 关闭 reasoning,3,0,Alibaba,deepseek/deepseek-v4-flash,False,message.content,0,0,,,gen-1786289370-TBEyowYJByjUIrsKdROW,stop,2.6791222020983696,1,ok,,d9ca3f4b1a26a5f4ccb27734ab99eca8e234a48661ae90ce5c02df594b57658c,25f2cab03dfa86ef1ce7009a278a1f6345e3e9428fd9a337a8023f7ea07437e2,942c42fbd6a822818fdb5002708e62b039643561bdd1a6f4ad35e8aafa13a00b,2026-08-09T15:29:31.763779+00:00
7633645837364625929,新疆启动棉花农机装备领域两大项目,40.0,2,external_positive,A,生产基线,1,10,Alibaba,deepseek/deepseek-v4-flash,False,message.content,10,10,,,gen-1786289528-TWKOEqTzbvsctCnTXQgK,stop,3.2680558003485203,1,ok,,5b3c0556c97851bcb8307a65d9e041ad35ff5a86eba9f1afcc90b19deb4f952e,62c6023e623dfd91c4dbcf673db32a6ecc4dd980c2ad53ad940c5035866f9dd9,7384bc35e5ddcfddf8295ec6e5f9c5ad72a46659bb734805a2c61e5818a36369,2026-08-09T15:32:10.088561+00:00
7633645837364625929,新疆启动棉花农机装备领域两大项目,40.0,2,external_positive,A,生产基线,2,0,Alibaba,deepseek/deepseek-v4-flash,False,message.content,0,0,,,gen-1786289416-FwpUxdu9vhfqnnAK8bMO,stop,4.715616501867771,1,ok,,5b3c0556c97851bcb8307a65d9e041ad35ff5a86eba9f1afcc90b19deb4f952e,62c6023e623dfd91c4dbcf673db32a6ecc4dd980c2ad53ad940c5035866f9dd9,7384bc35e5ddcfddf8295ec6e5f9c5ad72a46659bb734805a2c61e5818a36369,2026-08-09T15:30:19.623298+00:00
7633645837364625929,新疆启动棉花农机装备领域两大项目,40.0,2,external_positive,A,生产基线,3,0,Alibaba,deepseek/deepseek-v4-flash,False,message.content,0,0,,,gen-1786289446-Cpe4FfIDlXRtiiOICXP9,stop,3.53817930072546,1,ok,,5b3c0556c97851bcb8307a65d9e041ad35ff5a86eba9f1afcc90b19deb4f952e,62c6023e623dfd91c4dbcf673db32a6ecc4dd980c2ad53ad940c5035866f9dd9,7384bc35e5ddcfddf8295ec6e5f9c5ad72a46659bb734805a2c61e5818a36369,2026-08-09T15:30:48.494149+00:00
7633645837364625929,新疆启动棉花农机装备领域两大项目,40.0,2,external_positive,D,固定 provider + 关闭 reasoning,1,0,Alibaba,deepseek/deepseek-v4-flash,False,message.content,0,0,,,gen-1786289632-88dnGy4u4Cn4W5PzZz7n,stop,2.192419797182083,1,ok,,5b3c0556c97851bcb8307a65d9e041ad35ff5a86eba9f1afcc90b19deb4f952e,62c6023e623dfd91c4dbcf673db32a6ecc4dd980c2ad53ad940c5035866f9dd9,4be31172a6ed54b4db9c236384ce556ccabda120be78ffc3bf1ae557c5a83419,2026-08-09T15:33:53.241580+00:00
7633645837364625929,新疆启动棉花农机装备领域两大项目,40.0,2,external_positive,D,固定 provider + 关闭 reasoning,2,0,Alibaba,deepseek/deepseek-v4-flash,False,message.content,0,0,,,gen-1786289444-HHmwxGSAzSka8BH8BxMH,stop,1.5820333994925022,1,ok,,5b3c0556c97851bcb8307a65d9e041ad35ff5a86eba9f1afcc90b19deb4f952e,62c6023e623dfd91c4dbcf673db32a6ecc4dd980c2ad53ad940c5035866f9dd9,4be31172a6ed54b4db9c236384ce556ccabda120be78ffc3bf1ae557c5a83419,2026-08-09T15:30:45.139632+00:00
7633645837364625929,新疆启动棉花农机装备领域两大项目,40.0,2,external_positive,D,固定 provider + 关闭 reasoning,3,0,Alibaba,deepseek/deepseek-v4-flash,False,message.content,0,0,,,gen-1786289554-H5x3QF8rWr9M36GIQIVf,stop,1.722680501639843,1,ok,,5b3c0556c97851bcb8307a65d9e041ad35ff5a86eba9f1afcc90b19deb4f952e,62c6023e623dfd91c4dbcf673db32a6ecc4dd980c2ad53ad940c5035866f9dd9,4be31172a6ed54b4db9c236384ce556ccabda120be78ffc3bf1ae557c5a83419,2026-08-09T15:32:34.820667+00:00
7634356249621987867,不写论文也能获学位：又一批高校首位工程博士亮相,90.0,4,internal_positive,A,生产基线,1,55,Alibaba,deepseek/deepseek-v4-flash,False,message.content,55,55,,,gen-1786289662-8TgfS5mRhbHAko6aCnrB,stop,14.308847602456808,1,ok,,fc2c7e2432d6125d14df2a234cf5976eee8d4f1dbbc3fa3f1b2f0857c9a3d9f3,fcc9f76c925a0d5b19494010892fe4dc7cb9813545cb4f7f24a8ee41648127f3,ebc81f22a2ec9285b0a1d696b3604d451b7adef8e06491f17c65d8bc99b793f1,2026-08-09T15:34:35.160413+00:00
7634356249621987867,不写论文也能获学位：又一批高校首位工程博士亮相,90.0,4,internal_positive,A,生产基线,2,27,Alibaba,deepseek/deepseek-v4-flash,False,message.content,27,27,,,gen-1786289553-cNFqdocgYfR5q3xkHo4U,stop,9.905771601945162,1,ok,,fc2c7e2432d6125d14df2a234cf5976eee8d4f1dbbc3fa3f1b2f0857c9a3d9f3,fcc9f76c925a0d5b19494010892fe4dc7cb9813545cb4f7f24a8ee41648127f3,ebc81f22a2ec9285b0a1d696b3604d451b7adef8e06491f17c65d8bc99b793f1,2026-08-09T15:32:42.685259+00:00
7634356249621987867,不写论文也能获学位：又一批高校首位工程博士亮相,90.0,4,internal_positive,A,生产基线,3,65,GMICloud,deepseek/deepseek-v4-flash,False,message.content,65,65,,,gen-1786289631-Ju1iLfLCaBCcK5kqpCyc,stop,32.5439729988575,1,ok,,fc2c7e2432d6125d14df2a234cf5976eee8d4f1dbbc3fa3f1b2f0857c9a3d9f3,fcc9f76c925a0d5b19494010892fe4dc7cb9813545cb4f7f24a8ee41648127f3,ebc81f22a2ec9285b0a1d696b3604d451b7adef8e06491f17c65d8bc99b793f1,2026-08-09T15:34:22.761058+00:00
7634356249621987867,不写论文也能获学位：又一批高校首位工程博士亮相,90.0,4,internal_positive,D,固定 provider + 关闭 reasoning,1,85,Alibaba,deepseek/deepseek-v4-flash,False,message.content,85,85,,,gen-1786289531-unNfjy3l23BCem9810le,stop,1.6249138973653316,1,ok,,fc2c7e2432d6125d14df2a234cf5976eee8d4f1dbbc3fa3f1b2f0857c9a3d9f3,fcc9f76c925a0d5b19494010892fe4dc7cb9813545cb4f7f24a8ee41648127f3,836b54507178b2600f8546882081dabc9e14be1a363994b5fd98c2c95a6aa480,2026-08-09T15:32:12.179687+00:00
7634356249621987867,不写论文也能获学位：又一批高校首位工程博士亮相,90.0,4,internal_positive,D,固定 provider + 关闭 reasoning,2,85,Alibaba,deepseek/deepseek-v4-flash,False,message.content,85,85,,,gen-1786289372-jKuTm1bofsiJVkXpMJYA,stop,1.3041789010167122,1,ok,,fc2c7e2432d6125d14df2a234cf5976eee8d4f1dbbc3fa3f1b2f0857c9a3d9f3,fcc9f76c925a0d5b19494010892fe4dc7cb9813545cb4f7f24a8ee41648127f3,836b54507178b2600f8546882081dabc9e14be1a363994b5fd98c2c95a6aa480,2026-08-09T15:29:33.069388+00:00
7634356249621987867,不写论文也能获学位：又一批高校首位工程博士亮相,90.0,4,internal_positive,D,固定 provider + 关闭 reasoning,3,85,Alibaba,deepseek/deepseek-v4-flash,False,message.content,85,85,,,gen-1786289349-NN0hKdG49O6jkNAEE6ty,stop,1.9624966010451317,1,ok,,fc2c7e2432d6125d14df2a234cf5976eee8d4f1dbbc3fa3f1b2f0857c9a3d9f3,fcc9f76c925a0d5b19494010892fe4dc7cb9813545cb4f7f24a8ee41648127f3,836b54507178b2600f8546882081dabc9e14be1a363994b5fd98c2c95a6aa480,2026-08-09T15:29:09.824052+00:00
7636001703149486619,视频丨把课堂搬进火箭工厂！这个假期近距离追“星”大国重器,85.0,4,external_positive,A,生产基线,1,15,Alibaba,deepseek/deepseek-v4-flash,False,message.content,15,15,,,gen-1786289437-XcWb5oOae6SYhkwbPvqS,stop,11.65915710106492,1,ok,,9a1d104e2ba675ace875381a38fbf530d9b0d2ce3886aa548c5e6312f8d0f687,619406bacf51a0ca1ecf34743c70fe0272a02b679fc14cbda50ad00e65d61519,bf8bfa78946fd26ec7c5ad1e70972a1079bf2b38a3f6af83f37fbd3e583b3d16,2026-08-09T15:30:48.381857+00:00
7636001703149486619,视频丨把课堂搬进火箭工厂！这个假期近距离追“星”大国重器,85.0,4,external_positive,A,生产基线,2,47,Alibaba,deepseek/deepseek-v4-flash,False,message.content,47,47,,,gen-1786289364-W0tm5ZTxvDwaINumEVba,stop,9.328953798860312,1,ok,,9a1d104e2ba675ace875381a38fbf530d9b0d2ce3886aa548c5e6312f8d0f687,619406bacf51a0ca1ecf34743c70fe0272a02b679fc14cbda50ad00e65d61519,bf8bfa78946fd26ec7c5ad1e70972a1079bf2b38a3f6af83f37fbd3e583b3d16,2026-08-09T15:29:32.508455+00:00
7636001703149486619,视频丨把课堂搬进火箭工厂！这个假期近距离追“星”大国重器,85.0,4,external_positive,A,生产基线,3,25,Cloudflare,deepseek/deepseek-v4-flash,False,message.content,25,25,,,gen-1786289701-e3QNOW2KrMFo4zks0v18,stop,43.053119499236345,1,ok,,9a1d104e2ba675ace875381a38fbf530d9b0d2ce3886aa548c5e6312f8d0f687,619406bacf51a0ca1ecf34743c70fe0272a02b679fc14cbda50ad00e65d61519,bf8bfa78946fd26ec7c5ad1e70972a1079bf2b38a3f6af83f37fbd3e583b3d16,2026-08-09T15:35:43.597329+00:00
7636001703149486619,视频丨把课堂搬进火箭工厂！这个假期近距离追“星”大国重器,85.0,4,external_positive,D,固定 provider + 关闭 reasoning,1,34,Alibaba,deepseek/deepseek-v4-flash,False,message.content,34,34,,,gen-1786289655-uHfKzKPSqKgiWA0fEpH7,stop,1.868215400725603,1,ok,,9a1d104e2ba675ace875381a38fbf530d9b0d2ce3886aa548c5e6312f8d0f687,619406bacf51a0ca1ecf34743c70fe0272a02b679fc14cbda50ad00e65d61519,a1048934129dac1e687e8daea4981e5c603c37fa47ad759b7c17b65981c9db7a,2026-08-09T15:34:16.108714+00:00
7636001703149486619,视频丨把课堂搬进火箭工厂！这个假期近距离追“星”大国重器,85.0,4,external_positive,D,固定 provider + 关闭 reasoning,2,34,Alibaba,deepseek/deepseek-v4-flash,False,message.content,34,34,,,gen-1786289710-Ry255XSaikgRLjEhgPzL,stop,2.053048398345709,1,ok,,9a1d104e2ba675ace875381a38fbf530d9b0d2ce3886aa548c5e6312f8d0f687,619406bacf51a0ca1ecf34743c70fe0272a02b679fc14cbda50ad00e65d61519,a1048934129dac1e687e8daea4981e5c603c37fa47ad759b7c17b65981c9db7a,2026-08-09T15:35:10.475507+00:00
7636001703149486619,视频丨把课堂搬进火箭工厂！这个假期近距离追“星”大国重器,85.0,4,external_positive,D,固定 provider + 关闭 reasoning,3,65,Alibaba,deepseek/deepseek-v4-flash,False,message.content,65,65,,,gen-1786289578-6tHye9IXIv0rDgUsCrfn,stop,1.6365597993135452,1,ok,,9a1d104e2ba675ace875381a38fbf530d9b0d2ce3886aa548c5e6312f8d0f687,619406bacf51a0ca1ecf34743c70fe0272a02b679fc14cbda50ad00e65d61519,a1048934129dac1e687e8daea4981e5c603c37fa47ad759b7c17b65981c9db7a,2026-08-09T15:32:59.403841+00:00
7637304582984434186,读北京｜不看“帽子”和论文，“玉米地”里出奇迹,85.0,4,internal_positive,A,生产基线,1,10,Alibaba,deepseek/deepseek-v4-flash,False,message.content,10,10,,,gen-1786289574-73rypTQlN0Xgld017Eu6,stop,11.474344901740551,1,ok,,6e3fe776b7b70be5a7dac9b4c73d97c528ffe91f45d49ee6b6362ca8de365a1f,93b0413b1c8f1fc4c5e75d6f220b9abb6876ca6382c0e7a1a22019ea37129ba2,a4cb4901311353fef0544fb01cd6263a3b2a4d9a86dd66ade2187f9b1df51ad7,2026-08-09T15:33:05.041688+00:00
7637304582984434186,读北京｜不看“帽子”和论文，“玉米地”里出奇迹,85.0,4,internal_positive,A,生产基线,2,10,Baidu,deepseek/deepseek-v4-flash,False,message.content,10,10,,,gen-1786289459-Isn7AoW1AKVmIaG8DG4s,stop,45.491713900119066,1,ok,,6e3fe776b7b70be5a7dac9b4c73d97c528ffe91f45d49ee6b6362ca8de365a1f,93b0413b1c8f1fc4c5e75d6f220b9abb6876ca6382c0e7a1a22019ea37129ba2,a4cb4901311353fef0544fb01cd6263a3b2a4d9a86dd66ade2187f9b1df51ad7,2026-08-09T15:31:43.319529+00:00
7637304582984434186,读北京｜不看“帽子”和论文，“玉米地”里出奇迹,85.0,4,internal_positive,A,生产基线,3,0,Alibaba,deepseek/deepseek-v4-flash,False,message.content,0,0,,,gen-1786289702-Q1TaT9MJMApk4ygefjdu,stop,15.35273540019989,1,ok,,6e3fe776b7b70be5a7dac9b4c73d97c528ffe91f45d49ee6b6362ca8de365a1f,93b0413b1c8f1fc4c5e75d6f220b9abb6876ca6382c0e7a1a22019ea37129ba2,a4cb4901311353fef0544fb01cd6263a3b2a4d9a86dd66ade2187f9b1df51ad7,2026-08-09T15:35:16.613437+00:00
7637304582984434186,读北京｜不看“帽子”和论文，“玉米地”里出奇迹,85.0,4,internal_positive,D,固定 provider + 关闭 reasoning,1,75,Alibaba,deepseek/deepseek-v4-flash,False,message.content,75,75,,,gen-1786289403-BIcmsfGuKhMd3EkML8Dc,stop,3.1280535012483597,1,ok,,6e3fe776b7b70be5a7dac9b4c73d97c528ffe91f45d49ee6b6362ca8de365a1f,93b0413b1c8f1fc4c5e75d6f220b9abb6876ca6382c0e7a1a22019ea37129ba2,3474ca204d38da416b653e916dcab5a8cc118308e2d9af056b151856520fb8e0,2026-08-09T15:30:04.146264+00:00
7637304582984434186,读北京｜不看“帽子”和论文，“玉米地”里出奇迹,85.0,4,internal_positive,D,固定 provider + 关闭 reasoning,2,75,Alibaba,deepseek/deepseek-v4-flash,False,message.content,75,75,,,gen-1786289433-YBchDJzayVW5KfGSlfdJ,stop,1.5142716988921165,1,ok,,6e3fe776b7b70be5a7dac9b4c73d97c528ffe91f45d49ee6b6362ca8de365a1f,93b0413b1c8f1fc4c5e75d6f220b9abb6876ca6382c0e7a1a22019ea37129ba2,3474ca204d38da416b653e916dcab5a8cc118308e2d9af056b151856520fb8e0,2026-08-09T15:30:34.096034+00:00
7637304582984434186,读北京｜不看“帽子”和论文，“玉米地”里出奇迹,85.0,4,internal_positive,D,固定 provider + 关闭 reasoning,3,75,Alibaba,deepseek/deepseek-v4-flash,False,message.content,75,75,,,gen-1786289619-O0aznniELudYjJXhIn5b,stop,1.4403665997087955,1,ok,,6e3fe776b7b70be5a7dac9b4c73d97c528ffe91f45d49ee6b6362ca8de365a1f,93b0413b1c8f1fc4c5e75d6f220b9abb6876ca6382c0e7a1a22019ea37129ba2,3474ca204d38da416b653e916dcab5a8cc118308e2d9af056b151856520fb8e0,2026-08-09T15:33:39.778559+00:00
7639322014850843179,西外一句“累就对了”，是高校管理该有的样子 | 新京报快评,85.0,4,external_positive,A,生产基线,1,85,Alibaba,deepseek/deepseek-v4-flash,False,message.content,85,85,,,gen-1786289712-dVeBf0IY0GnRILjFas9l,stop,4.1756462007761,1,ok,,cf5690a19faa0bfadd922f71970d73faaa550eed5995b003d9617938687ef3ea,2f4eeee902c0b087c5fd40e0de06f4b512e3dfa9ec853b33e3c77948d80d5da3,95f6174247e8a108b4ee3e39a29f87cc79e1fbe612ac9367302d4bd8b35914eb,2026-08-09T15:35:15.146971+00:00
7639322014850843179,西外一句“累就对了”，是高校管理该有的样子 | 新京报快评,85.0,4,external_positive,A,生产基线,2,80,Alibaba,deepseek/deepseek-v4-flash,False,message.content,80,80,,,gen-1786289408-mwvDJMW55tQBDXFfrJiy,stop,7.344681199640036,1,ok,,cf5690a19faa0bfadd922f71970d73faaa550eed5995b003d9617938687ef3ea,2f4eeee902c0b087c5fd40e0de06f4b512e3dfa9ec853b33e3c77948d80d5da3,95f6174247e8a108b4ee3e39a29f87cc79e1fbe612ac9367302d4bd8b35914eb,2026-08-09T15:30:13.999031+00:00
7639322014850843179,西外一句“累就对了”，是高校管理该有的样子 | 新京报快评,85.0,4,external_positive,A,生产基线,3,80,Alibaba,deepseek/deepseek-v4-flash,False,message.content,80,80,,,gen-1786289374-qHEVOxw3b5YOL5zaxbpL,stop,10.647937100380659,1,ok,,cf5690a19faa0bfadd922f71970d73faaa550eed5995b003d9617938687ef3ea,2f4eeee902c0b087c5fd40e0de06f4b512e3dfa9ec853b33e3c77948d80d5da3,95f6174247e8a108b4ee3e39a29f87cc79e1fbe612ac9367302d4bd8b35914eb,2026-08-09T15:29:43.685566+00:00
7639322014850843179,西外一句“累就对了”，是高校管理该有的样子 | 新京报快评,85.0,4,external_positive,D,固定 provider + 关闭 reasoning,1,75,Alibaba,deepseek/deepseek-v4-flash,False,message.content,75,75,,,gen-1786289543-PUZWJZDOpq2HIA8cEkZ8,stop,1.7232583984732628,1,ok,,cf5690a19faa0bfadd922f71970d73faaa550eed5995b003d9617938687ef3ea,2f4eeee902c0b087c5fd40e0de06f4b512e3dfa9ec853b33e3c77948d80d5da3,fda4015deb1e0c254c4f1bf115e1841d00a8e70a7b16ca1e213d77386b3b6e86,2026-08-09T15:32:24.278772+00:00
7639322014850843179,西外一句“累就对了”，是高校管理该有的样子 | 新京报快评,85.0,4,external_positive,D,固定 provider + 关闭 reasoning,2,75,Alibaba,deepseek/deepseek-v4-flash,False,message.content,75,75,,,gen-1786289420-pfY0f89EFOMvQ8T2ygeh,stop,2.2947308011353016,1,ok,,cf5690a19faa0bfadd922f71970d73faaa550eed5995b003d9617938687ef3ea,2f4eeee902c0b087c5fd40e0de06f4b512e3dfa9ec853b33e3c77948d80d5da3,fda4015deb1e0c254c4f1bf115e1841d00a8e70a7b16ca1e213d77386b3b6e86,2026-08-09T15:30:21.798800+00:00
7639322014850843179,西外一句“累就对了”，是高校管理该有的样子 | 新京报快评,85.0,4,external_positive,D,固定 provider + 关闭 reasoning,3,75,Alibaba,deepseek/deepseek-v4-flash,False,message.content,75,75,,,gen-1786289375-lbIwbERr1cdQYSYPQfU0,stop,1.8199869021773338,1,ok,,cf5690a19faa0bfadd922f71970d73faaa550eed5995b003d9617938687ef3ea,2f4eeee902c0b087c5fd40e0de06f4b512e3dfa9ec853b33e3c77948d80d5da3,fda4015deb1e0c254c4f1bf115e1841d00a8e70a7b16ca1e213d77386b3b6e86,2026-08-09T15:29:35.636247+00:00
7639918565910479396,新型催化剂可高效回收废旧聚酯塑料,45.0,2,external_positive,A,生产基线,1,15,Alibaba,deepseek/deepseek-v4-flash,False,message.content,15,15,,,gen-1786289566-2NtKfzjuXAUL7WapM8Pf,stop,7.594334002584219,1,ok,,dcf1b4f323c19952e71d5e20787e34223f111491ccd7e3e8e6c5e80d61400cb3,334f147b8215bdd1418a8b65d37d9e24fbb53a4205971d5f22086b657a340b3a,823d772a88562972a49ed91d26b0895c4c345de34b54bd6f98924fa2ee0fa325,2026-08-09T15:32:52.571474+00:00
7639918565910479396,新型催化剂可高效回收废旧聚酯塑料,45.0,2,external_positive,A,生产基线,2,0,Alibaba,deepseek/deepseek-v4-flash,False,message.content,0,0,,,gen-1786289545-5l918imPA99R80NJIOMu,stop,4.721174698323011,1,ok,,dcf1b4f323c19952e71d5e20787e34223f111491ccd7e3e8e6c5e80d61400cb3,334f147b8215bdd1418a8b65d37d9e24fbb53a4205971d5f22086b657a340b3a,823d772a88562972a49ed91d26b0895c4c345de34b54bd6f98924fa2ee0fa325,2026-08-09T15:32:29.001307+00:00
7639918565910479396,新型催化剂可高效回收废旧聚酯塑料,45.0,2,external_positive,A,生产基线,3,5,Alibaba,deepseek/deepseek-v4-flash,False,message.content,5,5,,,gen-1786289481-yTbMQ4oA1ZLdCEJmjlq7,stop,4.152773998677731,1,ok,,dcf1b4f323c19952e71d5e20787e34223f111491ccd7e3e8e6c5e80d61400cb3,334f147b8215bdd1418a8b65d37d9e24fbb53a4205971d5f22086b657a340b3a,823d772a88562972a49ed91d26b0895c4c345de34b54bd6f98924fa2ee0fa325,2026-08-09T15:31:23.880997+00:00
7639918565910479396,新型催化剂可高效回收废旧聚酯塑料,45.0,2,external_positive,D,固定 provider + 关闭 reasoning,1,0,Alibaba,deepseek/deepseek-v4-flash,False,message.content,0,0,,,gen-1786289391-MptJlpdkfnjyDwtPPItA,stop,1.82022849842906,1,ok,,dcf1b4f323c19952e71d5e20787e34223f111491ccd7e3e8e6c5e80d61400cb3,334f147b8215bdd1418a8b65d37d9e24fbb53a4205971d5f22086b657a340b3a,0e0ae44dac3cfc3b215335390d6af62822a136dd7404145b6cd908d7f5376993,2026-08-09T15:29:52.117681+00:00
7639918565910479396,新型催化剂可高效回收废旧聚酯塑料,45.0,2,external_positive,D,固定 provider + 关闭 reasoning,2,0,Alibaba,deepseek/deepseek-v4-flash,False,message.content,0,0,,,gen-1786289285-XcxE2XOzGZ2wWR0gBBAc,stop,2.036328300833702,1,ok,,dcf1b4f323c19952e71d5e20787e34223f111491ccd7e3e8e6c5e80d61400cb3,334f147b8215bdd1418a8b65d37d9e24fbb53a4205971d5f22086b657a340b3a,0e0ae44dac3cfc3b215335390d6af62822a136dd7404145b6cd908d7f5376993,2026-08-09T15:28:06.445216+00:00
7639918565910479396,新型催化剂可高效回收废旧聚酯塑料,45.0,2,external_positive,D,固定 provider + 关闭 reasoning,3,0,Alibaba,deepseek/deepseek-v4-flash,False,message.content,0,0,,,gen-1786289495-uXidI5eCecyrkPRty6rV,stop,1.7156211026012897,1,ok,,dcf1b4f323c19952e71d5e20787e34223f111491ccd7e3e8e6c5e80d61400cb3,334f147b8215bdd1418a8b65d37d9e24fbb53a4205971d5f22086b657a340b3a,0e0ae44dac3cfc3b215335390d6af62822a136dd7404145b6cd908d7f5376993,2026-08-09T15:31:35.801338+00:00
7640281408660881935,以自强为翼 与时代同行,50.0,2,internal_positive,A,生产基线,1,0,Alibaba,deepseek/deepseek-v4-flash,False,message.content,0,0,,,gen-1786289393-wMrxv8E7tBxc7PtrCWSy,stop,4.165634199976921,1,ok,,9a2ac8ce56c371c0f39172dc2af2cc107581501dcd02996b40b19a3cda9291fa,78f35236df95c1f3637080011f2df0cfc1d09d2b93c3298d4c6314e17f654fc1,9bfae4d8f7ab4ff1bb4620e5f56019c64124c0aaa20700b7f751708070f8cf57,2026-08-09T15:29:56.284707+00:00
7640281408660881935,以自强为翼 与时代同行,50.0,2,internal_positive,A,生产基线,2,20,Alibaba,deepseek/deepseek-v4-flash,False,message.content,20,20,,,gen-1786289373-0rAFK9NCfPCe6eXQyNid,stop,12.143626902252436,1,ok,,9a2ac8ce56c371c0f39172dc2af2cc107581501dcd02996b40b19a3cda9291fa,78f35236df95c1f3637080011f2df0cfc1d09d2b93c3298d4c6314e17f654fc1,9bfae4d8f7ab4ff1bb4620e5f56019c64124c0aaa20700b7f751708070f8cf57,2026-08-09T15:29:44.653450+00:00
7640281408660881935,以自强为翼 与时代同行,50.0,2,internal_positive,A,生产基线,3,5,Alibaba,deepseek/deepseek-v4-flash,False,message.content,5,5,,,gen-1786289365-CCvs4mWbHxgZ7euJuiwz,stop,8.979828301817179,1,ok,,9a2ac8ce56c371c0f39172dc2af2cc107581501dcd02996b40b19a3cda9291fa,78f35236df95c1f3637080011f2df0cfc1d09d2b93c3298d4c6314e17f654fc1,9bfae4d8f7ab4ff1bb4620e5f56019c64124c0aaa20700b7f751708070f8cf57,2026-08-09T15:29:33.276561+00:00
7640281408660881935,以自强为翼 与时代同行,50.0,2,internal_positive,D,固定 provider + 关闭 reasoning,1,15,Alibaba,deepseek/deepseek-v4-flash,False,message.content,15,15,,,gen-1786289421-if5fJA60wHcuD5sKRG9o,stop,3.3207834996283054,1,ok,,9a2ac8ce56c371c0f39172dc2af2cc107581501dcd02996b40b19a3cda9291fa,78f35236df95c1f3637080011f2df0cfc1d09d2b93c3298d4c6314e17f654fc1,f676d2e40ea9a7784ecff4a14965ae7b5923750bd7b2ed941c3a504edd548e8f,2026-08-09T15:30:22.389145+00:00
7640281408660881935,以自强为翼 与时代同行,50.0,2,internal_positive,D,固定 provider + 关闭 reasoning,2,15,Alibaba,deepseek/deepseek-v4-flash,False,message.content,15,15,,,gen-1786289680-GpQZG4u0m9LQrHwo6waF,stop,1.4995267987251282,1,ok,,9a2ac8ce56c371c0f39172dc2af2cc107581501dcd02996b40b19a3cda9291fa,78f35236df95c1f3637080011f2df0cfc1d09d2b93c3298d4c6314e17f654fc1,f676d2e40ea9a7784ecff4a14965ae7b5923750bd7b2ed941c3a504edd548e8f,2026-08-09T15:34:41.237166+00:00
7640281408660881935,以自强为翼 与时代同行,50.0,2,internal_positive,D,固定 provider + 关闭 reasoning,3,15,Alibaba,deepseek/deepseek-v4-flash,False,message.content,15,15,,,gen-1786289323-fWgbapCI0MguIPAngjJe,stop,1.705537799745798,1,ok,,9a2ac8ce56c371c0f39172dc2af2cc107581501dcd02996b40b19a3cda9291fa,78f35236df95c1f3637080011f2df0cfc1d09d2b93c3298d4c6314e17f654fc1,f676d2e40ea9a7784ecff4a14965ae7b5923750bd7b2ed941c3a504edd548e8f,2026-08-09T15:28:43.780590+00:00
7641612059599389236,杰曼诺夫：数学是全球共同事业，APEC会议落户深圳非常恰当,75.0,3,external_positive,A,生产基线,1,20,Alibaba,deepseek/deepseek-v4-flash,False,message.content,20,20,,,gen-1786289293-5TId2zOgVW58bELODFEW,stop,6.346780698746443,1,ok,,14b7863b1280bb2d5fe4101d6ae9948a194a240a8d76b2b2ccb1322edffc0edf,77cf45fdf59aa442719f0d2ebd35e504c8522dc75b5e6bf5fdcc5792eb900ba8,53b11daff3cf88688ce758e30034222958f768f031549d0f16140405cd62b7ef,2026-08-09T15:28:17.322416+00:00
7641612059599389236,杰曼诺夫：数学是全球共同事业，APEC会议落户深圳非常恰当,75.0,3,external_positive,A,生产基线,2,15,Alibaba,deepseek/deepseek-v4-flash,False,message.content,15,15,,,gen-1786289337-jiOgQ1Z77cBROkb86xNb,stop,7.419508997350931,1,ok,,14b7863b1280bb2d5fe4101d6ae9948a194a240a8d76b2b2ccb1322edffc0edf,77cf45fdf59aa442719f0d2ebd35e504c8522dc75b5e6bf5fdcc5792eb900ba8,53b11daff3cf88688ce758e30034222958f768f031549d0f16140405cd62b7ef,2026-08-09T15:29:03.637120+00:00
7641612059599389236,杰曼诺夫：数学是全球共同事业，APEC会议落户深圳非常恰当,75.0,3,external_positive,A,生产基线,3,30,Alibaba,deepseek/deepseek-v4-flash,False,message.content,30,30,,,gen-1786289411-VoFpHonrKt5JRx55LWTW,stop,10.867036402225494,1,ok,,14b7863b1280bb2d5fe4101d6ae9948a194a240a8d76b2b2ccb1322edffc0edf,77cf45fdf59aa442719f0d2ebd35e504c8522dc75b5e6bf5fdcc5792eb900ba8,53b11daff3cf88688ce758e30034222958f768f031549d0f16140405cd62b7ef,2026-08-09T15:30:21.327318+00:00
7641612059599389236,杰曼诺夫：数学是全球共同事业，APEC会议落户深圳非常恰当,75.0,3,external_positive,D,固定 provider + 关闭 reasoning,1,15,Alibaba,deepseek/deepseek-v4-flash,False,message.content,15,15,,,gen-1786289442-4l0hpdgUPNonKx0qb0U6,stop,1.5986550003290176,1,ok,,14b7863b1280bb2d5fe4101d6ae9948a194a240a8d76b2b2ccb1322edffc0edf,77cf45fdf59aa442719f0d2ebd35e504c8522dc75b5e6bf5fdcc5792eb900ba8,13b82df652e4ecc7fcdf51933b29c0f4eb6d83f0f6541824bd32ec2604e0a830,2026-08-09T15:30:42.461665+00:00
7641612059599389236,杰曼诺夫：数学是全球共同事业，APEC会议落户深圳非常恰当,75.0,3,external_positive,D,固定 provider + 关闭 reasoning,2,15,Alibaba,deepseek/deepseek-v4-flash,False,message.content,15,15,,,gen-1786289687-epLchMB9IatJtXk9RtW0,stop,1.62190829962492,1,ok,,14b7863b1280bb2d5fe4101d6ae9948a194a240a8d76b2b2ccb1322edffc0edf,77cf45fdf59aa442719f0d2ebd35e504c8522dc75b5e6bf5fdcc5792eb900ba8,13b82df652e4ecc7fcdf51933b29c0f4eb6d83f0f6541824bd32ec2604e0a830,2026-08-09T15:34:48.100551+00:00
7641612059599389236,杰曼诺夫：数学是全球共同事业，APEC会议落户深圳非常恰当,75.0,3,external_positive,D,固定 provider + 关闭 reasoning,3,15,Alibaba,deepseek/deepseek-v4-flash,False,message.content,15,15,,,gen-1786289352-pgfkScYQ8FbtPR5QrUce,stop,1.5613235980272293,1,ok,,14b7863b1280bb2d5fe4101d6ae9948a194a240a8d76b2b2ccb1322edffc0edf,77cf45fdf59aa442719f0d2ebd35e504c8522dc75b5e6bf5fdcc5792eb900ba8,13b82df652e4ecc7fcdf51933b29c0f4eb6d83f0f6541824bd32ec2604e0a830,2026-08-09T15:29:12.961056+00:00
7642171421166289454,2026年包头市高中阶段学校招生工作方案发布,65.0,3,external_positive,A,生产基线,1,85,Alibaba,deepseek/deepseek-v4-flash,False,message.content,85,85,,,gen-1786289302-i9UVKq78dPaYm7kcZWDi,stop,3.1203598007559776,1,ok,,37f8223a71ecf078cd018f521565730cf6b591c970143241809af039b2dfb491,96407e52aa4910a2a31cc35ce6be79bef1e52209c537f334bdebfe5d60c96131,a4ecfaec31044906c9faa64a23a6e02feb60b5bc6eab72e869745205ef905b3a,2026-08-09T15:28:24.614161+00:00
7642171421166289454,2026年包头市高中阶段学校招生工作方案发布,65.0,3,external_positive,A,生产基线,2,75,Alibaba,deepseek/deepseek-v4-flash,False,message.content,75,75,,,gen-1786289615-wEbiYycwLtjMFs5cQyNf,stop,4.254593499004841,1,ok,,37f8223a71ecf078cd018f521565730cf6b591c970143241809af039b2dfb491,96407e52aa4910a2a31cc35ce6be79bef1e52209c537f334bdebfe5d60c96131,a4ecfaec31044906c9faa64a23a6e02feb60b5bc6eab72e869745205ef905b3a,2026-08-09T15:33:38.761594+00:00
7642171421166289454,2026年包头市高中阶段学校招生工作方案发布,65.0,3,external_positive,A,生产基线,3,72,Alibaba,deepseek/deepseek-v4-flash,False,message.content,72,72,,,gen-1786289603-jRkxd4qTGYlORjeRRWyN,stop,12.913660500198603,1,ok,,37f8223a71ecf078cd018f521565730cf6b591c970143241809af039b2dfb491,96407e52aa4910a2a31cc35ce6be79bef1e52209c537f334bdebfe5d60c96131,a4ecfaec31044906c9faa64a23a6e02feb60b5bc6eab72e869745205ef905b3a,2026-08-09T15:33:34.286033+00:00
7642171421166289454,2026年包头市高中阶段学校招生工作方案发布,65.0,3,external_positive,D,固定 provider + 关闭 reasoning,1,75,Alibaba,deepseek/deepseek-v4-flash,False,message.content,75,75,,,gen-1786289698-dtqIYu9sirQ8MZA28a1F,stop,1.5593541003763676,1,ok,,37f8223a71ecf078cd018f521565730cf6b591c970143241809af039b2dfb491,96407e52aa4910a2a31cc35ce6be79bef1e52209c537f334bdebfe5d60c96131,572a903167aad01ecf8946bfd06f9e4cd0526a68d716a68d4df05e49885df32a,2026-08-09T15:34:58.734254+00:00
7642171421166289454,2026年包头市高中阶段学校招生工作方案发布,65.0,3,external_positive,D,固定 provider + 关闭 reasoning,2,75,Alibaba,deepseek/deepseek-v4-flash,False,message.content,75,75,,,gen-1786289448-suQ3ye8l6X0H8Op0LuEo,stop,1.5513566993176937,1,ok,,37f8223a71ecf078cd018f521565730cf6b591c970143241809af039b2dfb491,96407e52aa4910a2a31cc35ce6be79bef1e52209c537f334bdebfe5d60c96131,572a903167aad01ecf8946bfd06f9e4cd0526a68d716a68d4df05e49885df32a,2026-08-09T15:30:48.548451+00:00
7642171421166289454,2026年包头市高中阶段学校招生工作方案发布,65.0,3,external_positive,D,固定 provider + 关闭 reasoning,3,75,Alibaba,deepseek/deepseek-v4-flash,False,message.content,75,75,,,gen-1786289510-Tp2simXObJIXQsvRlTYL,stop,6.651240799576044,1,ok,,37f8223a71ecf078cd018f521565730cf6b591c970143241809af039b2dfb491,96407e52aa4910a2a31cc35ce6be79bef1e52209c537f334bdebfe5d60c96131,572a903167aad01ecf8946bfd06f9e4cd0526a68d716a68d4df05e49885df32a,2026-08-09T15:31:55.508937+00:00
7647328549414421002,全面贯彻党的教育方针 深入推进基础教育高质量发展,45.0,2,external_positive,A,生产基线,1,90,Alibaba,deepseek/deepseek-v4-flash,False,message.content,90,90,,,gen-1786289352-Zvd99JePvvLLsppEYKZl,stop,3.8041976988315582,1,ok,,558840474303854b321b665acf851e989c217deb01b40a0b8350359d7cb4bf3b,e9daaaffe05a4da05edb68ff3f25a031b6cc91ff9a4cd67b904b91214fd89a0b,73a68cc35494242b7182137973557b0914394cdcdb94e2763b11dbe838e4c2be,2026-08-09T15:29:15.284885+00:00
7647328549414421002,全面贯彻党的教育方针 深入推进基础教育高质量发展,45.0,2,external_positive,A,生产基线,2,85,Alibaba,deepseek/deepseek-v4-flash,False,message.content,85,85,,,gen-1786289605-197Gs3oIWREHLTaUnRCP,stop,3.866177000105381,1,ok,,558840474303854b321b665acf851e989c217deb01b40a0b8350359d7cb4bf3b,e9daaaffe05a4da05edb68ff3f25a031b6cc91ff9a4cd67b904b91214fd89a0b,73a68cc35494242b7182137973557b0914394cdcdb94e2763b11dbe838e4c2be,2026-08-09T15:33:28.318106+00:00
7647328549414421002,全面贯彻党的教育方针 深入推进基础教育高质量发展,45.0,2,external_positive,A,生产基线,3,85,Alibaba,deepseek/deepseek-v4-flash,False,message.content,85,85,,,gen-1786289535-tdCfNbx9fqSxrsOWCzws,stop,7.504818297922611,1,ok,,558840474303854b321b665acf851e989c217deb01b40a0b8350359d7cb4bf3b,e9daaaffe05a4da05edb68ff3f25a031b6cc91ff9a4cd67b904b91214fd89a0b,73a68cc35494242b7182137973557b0914394cdcdb94e2763b11dbe838e4c2be,2026-08-09T15:32:22.314520+00:00
7647328549414421002,全面贯彻党的教育方针 深入推进基础教育高质量发展,45.0,2,external_positive,D,固定 provider + 关闭 reasoning,1,85,Alibaba,deepseek/deepseek-v4-flash,False,message.content,85,85,,,gen-1786289625-cf5BFaFbA3l9PX2fDkx4,stop,1.8671685010194778,1,ok,,558840474303854b321b665acf851e989c217deb01b40a0b8350359d7cb4bf3b,e9daaaffe05a4da05edb68ff3f25a031b6cc91ff9a4cd67b904b91214fd89a0b,03eb71c12b543c18c77687f9a9feccc69ff5873b8f9c2d1832b627080eeeab84,2026-08-09T15:33:46.107065+00:00
7647328549414421002,全面贯彻党的教育方针 深入推进基础教育高质量发展,45.0,2,external_positive,D,固定 provider + 关闭 reasoning,2,75,Alibaba,deepseek/deepseek-v4-flash,False,message.content,75,75,,,gen-1786289522-n3h3B4QrMvMV8yDQCm2F,stop,1.5301959998905659,1,ok,,558840474303854b321b665acf851e989c217deb01b40a0b8350359d7cb4bf3b,e9daaaffe05a4da05edb68ff3f25a031b6cc91ff9a4cd67b904b91214fd89a0b,03eb71c12b543c18c77687f9a9feccc69ff5873b8f9c2d1832b627080eeeab84,2026-08-09T15:32:02.801199+00:00
7647328549414421002,全面贯彻党的教育方针 深入推进基础教育高质量发展,45.0,2,external_positive,D,固定 provider + 关闭 reasoning,3,85,Alibaba,deepseek/deepseek-v4-flash,False,message.content,85,85,,,gen-1786289422-JDZSu80WzyVxbTagFgf8,stop,1.5299905017018318,1,ok,,558840474303854b321b665acf851e989c217deb01b40a0b8350359d7cb4bf3b,e9daaaffe05a4da05edb68ff3f25a031b6cc91ff9a4cd67b904b91214fd89a0b,03eb71c12b543c18c77687f9a9feccc69ff5873b8f9c2d1832b627080eeeab84,2026-08-09T15:30:22.399333+00:00
7648848244943962659,外媒关注：AI时代，中国迎来2026年全国高考,25.0,1,internal_positive,A,生产基线,1,27,Alibaba,deepseek/deepseek-v4-flash,False,message.content,27,27,,,gen-1786289489-SgjexU8UK0TK0nvcCjmp,stop,5.462023101747036,1,ok,,830de6e48f2ac9ad5d636111e7b2560a57c3f99a8a410990965a8ed4a4f14e8f,0c5036977795f2d3212ef8834510ffe21efccf82396269720f201c3b6281d27b,465809a4cafedcdbeee4a9b25ac68dff056fd7c69a5df6147b7bcc1586223ef2,2026-08-09T15:31:33.095986+00:00
7648848244943962659,外媒关注：AI时代，中国迎来2026年全国高考,25.0,1,internal_positive,A,生产基线,2,27,Alibaba,deepseek/deepseek-v4-flash,False,message.content,27,27,,,gen-1786289634-97LQbfqiT05eWo9b0uec,stop,9.979441702365875,1,ok,,830de6e48f2ac9ad5d636111e7b2560a57c3f99a8a410990965a8ed4a4f14e8f,0c5036977795f2d3212ef8834510ffe21efccf82396269720f201c3b6281d27b,465809a4cafedcdbeee4a9b25ac68dff056fd7c69a5df6147b7bcc1586223ef2,2026-08-09T15:34:03.423506+00:00
7648848244943962659,外媒关注：AI时代，中国迎来2026年全国高考,25.0,1,internal_positive,A,生产基线,3,30,Alibaba,deepseek/deepseek-v4-flash,False,message.content,30,30,,,gen-1786289369-fiavJlBCKqK3W6E9k27i,stop,4.200337298214436,1,ok,,830de6e48f2ac9ad5d636111e7b2560a57c3f99a8a410990965a8ed4a4f14e8f,0c5036977795f2d3212ef8834510ffe21efccf82396269720f201c3b6281d27b,465809a4cafedcdbeee4a9b25ac68dff056fd7c69a5df6147b7bcc1586223ef2,2026-08-09T15:29:32.121253+00:00
7648848244943962659,外媒关注：AI时代，中国迎来2026年全国高考,25.0,1,internal_positive,D,固定 provider + 关闭 reasoning,1,15,Alibaba,deepseek/deepseek-v4-flash,False,message.content,15,15,,,gen-1786289479-uNK7ypEk59Vpw2dyITL5,stop,1.6664468012750149,1,ok,,830de6e48f2ac9ad5d636111e7b2560a57c3f99a8a410990965a8ed4a4f14e8f,0c5036977795f2d3212ef8834510ffe21efccf82396269720f201c3b6281d27b,27bd8bbf13fd34dd7ae2ae8aae60cee6ecb87bfba285b04f08b76ba3e045b333,2026-08-09T15:31:19.351241+00:00
7648848244943962659,外媒关注：AI时代，中国迎来2026年全国高考,25.0,1,internal_positive,D,固定 provider + 关闭 reasoning,2,65,Alibaba,deepseek/deepseek-v4-flash,False,message.content,65,65,,,gen-1786289446-aMSIPAU0zhYM2sAPlWSI,stop,1.9803301990032196,1,ok,,830de6e48f2ac9ad5d636111e7b2560a57c3f99a8a410990965a8ed4a4f14e8f,0c5036977795f2d3212ef8834510ffe21efccf82396269720f201c3b6281d27b,27bd8bbf13fd34dd7ae2ae8aae60cee6ecb87bfba285b04f08b76ba3e045b333,2026-08-09T15:30:46.995758+00:00
7648848244943962659,外媒关注：AI时代，中国迎来2026年全国高考,25.0,1,internal_positive,D,固定 provider + 关闭 reasoning,3,15,Alibaba,deepseek/deepseek-v4-flash,False,message.content,15,15,,,gen-1786289335-Fj2qaliw2kM7YpGnzrGo,stop,1.9525660015642643,1,ok,,830de6e48f2ac9ad5d636111e7b2560a57c3f99a8a410990965a8ed4a4f14e8f,0c5036977795f2d3212ef8834510ffe21efccf82396269720f201c3b6281d27b,27bd8bbf13fd34dd7ae2ae8aae60cee6ecb87bfba285b04f08b76ba3e045b333,2026-08-09T15:28:55.768980+00:00
7651202577623597611,确诊肺癌晚期坚持读研，她的毕业发言打动网友……,0.0,0,external_positive,A,生产基线,1,10,CoreWeave,deepseek/deepseek-v4-flash,False,message.content,10,10,,,gen-1786289264-GsWTWtJqY7DkPA7g4vVB,stop,5.2080301977694035,1,ok,,beaa7250ca96637f02322b2ae2df46ed796eccb0536a8a1bbeb5f994ac9d57c9,81e7e45c995db62d889b4cbb8e43f8d4e07f10d211d8e5caa7e7710e14df4670,2889e69d9dc39ece4bdbbb51f55df769ade8151f7af5c27596e4897f11a1ae02,2026-08-09T15:27:47.252440+00:00
7651202577623597611,确诊肺癌晚期坚持读研，她的毕业发言打动网友……,0.0,0,external_positive,A,生产基线,2,10,Alibaba,deepseek/deepseek-v4-flash,False,message.content,10,10,,,gen-1786289695-hOgWL5k5yhS6BP5DrN7B,stop,4.687715198844671,1,ok,,beaa7250ca96637f02322b2ae2df46ed796eccb0536a8a1bbeb5f994ac9d57c9,81e7e45c995db62d889b4cbb8e43f8d4e07f10d211d8e5caa7e7710e14df4670,2889e69d9dc39ece4bdbbb51f55df769ade8151f7af5c27596e4897f11a1ae02,2026-08-09T15:34:58.634025+00:00
7651202577623597611,确诊肺癌晚期坚持读研，她的毕业发言打动网友……,0.0,0,external_positive,A,生产基线,3,15,Alibaba,deepseek/deepseek-v4-flash,False,message.content,15,15,,,gen-1786289291-aFYNEEyB6HgoV2IS3psx,stop,3.415328301489353,1,ok,,beaa7250ca96637f02322b2ae2df46ed796eccb0536a8a1bbeb5f994ac9d57c9,81e7e45c995db62d889b4cbb8e43f8d4e07f10d211d8e5caa7e7710e14df4670,2889e69d9dc39ece4bdbbb51f55df769ade8151f7af5c27596e4897f11a1ae02,2026-08-09T15:28:14.132352+00:00
7651202577623597611,确诊肺癌晚期坚持读研，她的毕业发言打动网友……,0.0,0,external_positive,D,固定 provider + 关闭 reasoning,1,0,Alibaba,deepseek/deepseek-v4-flash,False,message.content,0,0,,,gen-1786289410-aXrue7Pojptpc9ta7GAo,stop,3.7619878984987736,1,ok,,beaa7250ca96637f02322b2ae2df46ed796eccb0536a8a1bbeb5f994ac9d57c9,81e7e45c995db62d889b4cbb8e43f8d4e07f10d211d8e5caa7e7710e14df4670,f65d3cd0444a0b7d0ef78dfe57af91ac3d666d8fd56d46a2338158e7cae09cf9,2026-08-09T15:30:10.458944+00:00
7651202577623597611,确诊肺癌晚期坚持读研，她的毕业发言打动网友……,0.0,0,external_positive,D,固定 provider + 关闭 reasoning,2,0,Alibaba,deepseek/deepseek-v4-flash,False,message.content,0,0,,,gen-1786289677-eDwvarwqJNIM39qTHPYi,stop,1.7384135983884335,1,ok,,beaa7250ca96637f02322b2ae2df46ed796eccb0536a8a1bbeb5f994ac9d57c9,81e7e45c995db62d889b4cbb8e43f8d4e07f10d211d8e5caa7e7710e14df4670,f65d3cd0444a0b7d0ef78dfe57af91ac3d666d8fd56d46a2338158e7cae09cf9,2026-08-09T15:34:38.493721+00:00
7651202577623597611,确诊肺癌晚期坚持读研，她的毕业发言打动网友……,0.0,0,external_positive,D,固定 provider + 关闭 reasoning,3,0,Alibaba,deepseek/deepseek-v4-flash,False,message.content,0,0,,,gen-1786289585-uOh80FiVAzJ7fPZn5RrE,stop,1.831459902226925,1,ok,,beaa7250ca96637f02322b2ae2df46ed796eccb0536a8a1bbeb5f994ac9d57c9,81e7e45c995db62d889b4cbb8e43f8d4e07f10d211d8e5caa7e7710e14df4670,f65d3cd0444a0b7d0ef78dfe57af91ac3d666d8fd56d46a2338158e7cae09cf9,2026-08-09T15:33:05.772817+00:00
7654343116148818458,世界青年以创意经济共绘未来,35.0,1,external_positive,A,生产基线,1,15,Alibaba,deepseek/deepseek-v4-flash,False,message.content,15,15,,,gen-1786289365-M5LDMqCXjoB72QVmJHyE,stop,9.718281101435423,1,ok,,599ee1a79a317dfe7dd9690ec48fc533745dfcbba7535dd9af32c1084259f3d2,e3505dcbd718fc25d7acf3043dd2070b368e4c31a347728141951821ef020f9a,d0361bd5f927a013ab778bd9702f9d6d617d3d275c105fe6fb35238f5d3c5257,2026-08-09T15:29:34.018798+00:00
7654343116148818458,世界青年以创意经济共绘未来,35.0,1,external_positive,A,生产基线,2,15,Alibaba,deepseek/deepseek-v4-flash,False,message.content,15,15,,,gen-1786289657-o6khfk6ONZUCqHjuGk4Y,stop,13.764472901821136,1,ok,,599ee1a79a317dfe7dd9690ec48fc533745dfcbba7535dd9af32c1084259f3d2,e3505dcbd718fc25d7acf3043dd2070b368e4c31a347728141951821ef020f9a,d0361bd5f927a013ab778bd9702f9d6d617d3d275c105fe6fb35238f5d3c5257,2026-08-09T15:34:29.690411+00:00
7654343116148818458,世界青年以创意经济共绘未来,35.0,1,external_positive,A,生产基线,3,15,Alibaba,deepseek/deepseek-v4-flash,False,message.content,15,15,,,gen-1786289423-l4DjRB1pzaIxkzTv1MMs,stop,13.313967298716307,1,ok,,599ee1a79a317dfe7dd9690ec48fc533745dfcbba7535dd9af32c1084259f3d2,e3505dcbd718fc25d7acf3043dd2070b368e4c31a347728141951821ef020f9a,d0361bd5f927a013ab778bd9702f9d6d617d3d275c105fe6fb35238f5d3c5257,2026-08-09T15:30:35.704533+00:00
7654343116148818458,世界青年以创意经济共绘未来,35.0,1,external_positive,D,固定 provider + 关闭 reasoning,1,75,Alibaba,deepseek/deepseek-v4-flash,False,message.content,75,75,,,gen-1786289305-v83EoJyJuW3UV3gB3X9y,stop,1.5703191012144089,1,ok,,599ee1a79a317dfe7dd9690ec48fc533745dfcbba7535dd9af32c1084259f3d2,e3505dcbd718fc25d7acf3043dd2070b368e4c31a347728141951821ef020f9a,c62ddf8b19d79f9afc3af01cfe35d75b6fb0d2a031352dcbfae0afca12a9c767,2026-08-09T15:28:26.185864+00:00
7654343116148818458,世界青年以创意经济共绘未来,35.0,1,external_positive,D,固定 provider + 关闭 reasoning,2,65,Alibaba,deepseek/deepseek-v4-flash,False,message.content,65,65,,,gen-1786289341-Tsk93h80hIEVm2QD10YC,stop,1.8599166981875896,1,ok,,599ee1a79a317dfe7dd9690ec48fc533745dfcbba7535dd9af32c1084259f3d2,e3505dcbd718fc25d7acf3043dd2070b368e4c31a347728141951821ef020f9a,c62ddf8b19d79f9afc3af01cfe35d75b6fb0d2a031352dcbfae0afca12a9c767,2026-08-09T15:29:02.450062+00:00
7654343116148818458,世界青年以创意经济共绘未来,35.0,1,external_positive,D,固定 provider + 关闭 reasoning,3,75,Alibaba,deepseek/deepseek-v4-flash,False,message.content,75,75,,,gen-1786289436-WLXqkRU5FhvUJ3GdM2OU,stop,1.2941641993820667,1,ok,,599ee1a79a317dfe7dd9690ec48fc533745dfcbba7535dd9af32c1084259f3d2,e3505dcbd718fc25d7acf3043dd2070b368e4c31a347728141951821ef020f9a,c62ddf8b19d79f9afc3af01cfe35d75b6fb0d2a031352dcbfae0afca12a9c767,2026-08-09T15:30:36.721357+00:00
7654836356425826868,清底筑基 暖心赋能,5.0,0,internal_positive,A,生产基线,1,0,Parasail,deepseek/deepseek-v4-flash,False,message.content,0,0,,,gen-1786289619-olyVB7o416K9I1kIm6Pn,stop,6.571394599974155,1,ok,,8e69885145db8155d89d7ef41b321292ec4d0c5000705d00ca933b8ee37f1e58,b3c726d20c0642f6334588b95a27f1ff8b4ab4e8b64c9d4b4b9402c003d69b28,c4e1d29c9ab97ccaa24e76cf409ab10c1297b15bddc36774edcf933e2c91caed,2026-08-09T15:33:44.595893+00:00
7654836356425826868,清底筑基 暖心赋能,5.0,0,internal_positive,A,生产基线,2,5,Parasail,deepseek/deepseek-v4-flash,False,message.content,5,5,,,gen-1786289499-SUaDGOE4yxW9IaSEl25L,stop,47.95849809795618,1,ok,,8e69885145db8155d89d7ef41b321292ec4d0c5000705d00ca933b8ee37f1e58,b3c726d20c0642f6334588b95a27f1ff8b4ab4e8b64c9d4b4b9402c003d69b28,c4e1d29c9ab97ccaa24e76cf409ab10c1297b15bddc36774edcf933e2c91caed,2026-08-09T15:32:26.489186+00:00
7654836356425826868,清底筑基 暖心赋能,5.0,0,internal_positive,A,生产基线,3,0,Alibaba,deepseek/deepseek-v4-flash,False,message.content,0,0,,,gen-1786289556-l2IPN8AFo2oelpREWmwg,stop,6.068102702498436,1,ok,,8e69885145db8155d89d7ef41b321292ec4d0c5000705d00ca933b8ee37f1e58,b3c726d20c0642f6334588b95a27f1ff8b4ab4e8b64c9d4b4b9402c003d69b28,c4e1d29c9ab97ccaa24e76cf409ab10c1297b15bddc36774edcf933e2c91caed,2026-08-09T15:32:40.890152+00:00
7654836356425826868,清底筑基 暖心赋能,5.0,0,internal_positive,D,固定 provider + 关闭 reasoning,1,15,Alibaba,deepseek/deepseek-v4-flash,False,message.content,15,15,,,gen-1786289355-KIf2BQuhepAbl568Owze,stop,1.5365305989980698,1,ok,,8e69885145db8155d89d7ef41b321292ec4d0c5000705d00ca933b8ee37f1e58,b3c726d20c0642f6334588b95a27f1ff8b4ab4e8b64c9d4b4b9402c003d69b28,e9ed6b6eab8e2ed00df9f451f91cf884603870e5ec476c9facf4c6f202e03ee7,2026-08-09T15:29:15.952463+00:00
7654836356425826868,清底筑基 暖心赋能,5.0,0,internal_positive,D,固定 provider + 关闭 reasoning,2,0,Alibaba,deepseek/deepseek-v4-flash,False,message.content,0,0,,,gen-1786289358-xii01MMpNDj2o4HbGIF7,stop,2.722095400094986,1,ok,,8e69885145db8155d89d7ef41b321292ec4d0c5000705d00ca933b8ee37f1e58,b3c726d20c0642f6334588b95a27f1ff8b4ab4e8b64c9d4b4b9402c003d69b28,e9ed6b6eab8e2ed00df9f451f91cf884603870e5ec476c9facf4c6f202e03ee7,2026-08-09T15:29:19.147705+00:00
7654836356425826868,清底筑基 暖心赋能,5.0,0,internal_positive,D,固定 provider + 关闭 reasoning,3,15,Alibaba,deepseek/deepseek-v4-flash,False,message.content,15,15,,,gen-1786289339-h7sbkItQDyAf1xLymP3O,stop,1.3275142014026642,1,ok,,8e69885145db8155d89d7ef41b321292ec4d0c5000705d00ca933b8ee37f1e58,b3c726d20c0642f6334588b95a27f1ff8b4ab4e8b64c9d4b4b9402c003d69b28,e9ed6b6eab8e2ed00df9f451f91cf884603870e5ec476c9facf4c6f202e03ee7,2026-08-09T15:28:59.329426+00:00
7657774130418237952,文化新地标！华中师范大学开沅人文馆开馆,0.0,0,external_positive,A,生产基线,1,10,Alibaba,deepseek/deepseek-v4-flash,False,message.content,10,10,,,gen-1786289541-QAbKGkRk6CVlahGCmKTY,stop,7.878395799547434,1,ok,,9ed3a19f1de71cb55eccfee4ee4f83942d68ebeb8e68e06519e05733c81e8a52,71458a4bd47c0999f8689cf0893463489152cd4857db39ce193f2e4ea8aec5fe,cac2f1c2a0d3516bcccbf1d080efd9889c22ae3806f23a7db52d0f5b61db5d1c,2026-08-09T15:32:28.278122+00:00
7657774130418237952,文化新地标！华中师范大学开沅人文馆开馆,0.0,0,external_positive,A,生产基线,2,10,Alibaba,deepseek/deepseek-v4-flash,False,message.content,10,10,,,gen-1786289667-GX6hyewz93fFOXbTnm0a,stop,6.0467099994421005,1,ok,,9ed3a19f1de71cb55eccfee4ee4f83942d68ebeb8e68e06519e05733c81e8a52,71458a4bd47c0999f8689cf0893463489152cd4857db39ce193f2e4ea8aec5fe,cac2f1c2a0d3516bcccbf1d080efd9889c22ae3806f23a7db52d0f5b61db5d1c,2026-08-09T15:34:32.732804+00:00
7657774130418237952,文化新地标！华中师范大学开沅人文馆开馆,0.0,0,external_positive,A,生产基线,3,20,Alibaba,deepseek/deepseek-v4-flash,False,message.content,20,20,,,gen-1786289452-9sWPqMRb0CkcPUluRVEv,stop,6.904860697686672,1,ok,,9ed3a19f1de71cb55eccfee4ee4f83942d68ebeb8e68e06519e05733c81e8a52,71458a4bd47c0999f8689cf0893463489152cd4857db39ce193f2e4ea8aec5fe,cac2f1c2a0d3516bcccbf1d080efd9889c22ae3806f23a7db52d0f5b61db5d1c,2026-08-09T15:30:57.934816+00:00
7657774130418237952,文化新地标！华中师范大学开沅人文馆开馆,0.0,0,external_positive,D,固定 provider + 关闭 reasoning,1,0,Alibaba,deepseek/deepseek-v4-flash,False,message.content,0,0,,,gen-1786289336-0oDnt6xgX4nSk9tF7Ga0,stop,1.5047749988734722,1,ok,,9ed3a19f1de71cb55eccfee4ee4f83942d68ebeb8e68e06519e05733c81e8a52,71458a4bd47c0999f8689cf0893463489152cd4857db39ce193f2e4ea8aec5fe,c4186efefa5d9d5c764eccc7635843420087aa257c81a78f15367014ec8e31b0,2026-08-09T15:28:56.954632+00:00
7657774130418237952,文化新地标！华中师范大学开沅人文馆开馆,0.0,0,external_positive,D,固定 provider + 关闭 reasoning,2,34,Alibaba,deepseek/deepseek-v4-flash,False,message.content,34,34,,,gen-1786289688-GoMshZRHevWLpxsUhHhi,stop,1.862755499780178,1,ok,,9ed3a19f1de71cb55eccfee4ee4f83942d68ebeb8e68e06519e05733c81e8a52,71458a4bd47c0999f8689cf0893463489152cd4857db39ce193f2e4ea8aec5fe,c4186efefa5d9d5c764eccc7635843420087aa257c81a78f15367014ec8e31b0,2026-08-09T15:34:48.979613+00:00
7657774130418237952,文化新地标！华中师范大学开沅人文馆开馆,0.0,0,external_positive,D,固定 provider + 关闭 reasoning,3,34,Alibaba,deepseek/deepseek-v4-flash,False,message.content,34,34,,,gen-1786289645-oAGDjOsmrKtUPtM3FE9b,stop,3.09164460003376,1,ok,,9ed3a19f1de71cb55eccfee4ee4f83942d68ebeb8e68e06519e05733c81e8a52,71458a4bd47c0999f8689cf0893463489152cd4857db39ce193f2e4ea8aec5fe,c4186efefa5d9d5c764eccc7635843420087aa257c81a78f15367014ec8e31b0,2026-08-09T15:34:06.516538+00:00
7658936010105815567,打造中国国际青少年数字体育赛事新范式！WIRC智能机器人大赛启动,35.0,1,internal_positive,A,生产基线,1,40,Alibaba,deepseek/deepseek-v4-flash,False,message.content,40,40,,,gen-1786289587-N65RSvwRaKIcVzDthUA9,stop,13.499366402626038,1,ok,,9dbcc0f52c24ef8d57c0145bdb72b37ab8e2b1184d1ce731dbdee876ca3632b1,7f85563afcb233516b0221a20ab469a7febec3ba0ebdb91d7f0c66e2c364861a,7363fc7aad621211b6ec6d352ed74fec89f0f55341d09ab1a391e87da3a61fde,2026-08-09T15:33:19.774483+00:00
7658936010105815567,打造中国国际青少年数字体育赛事新范式！WIRC智能机器人大赛启动,35.0,1,internal_positive,A,生产基线,2,40,Baidu,deepseek/deepseek-v4-flash,False,message.content,40,40,,,gen-1786289583-erryoD7i5DhDJWSOXHOu,stop,29.208711002022028,1,ok,,9dbcc0f52c24ef8d57c0145bdb72b37ab8e2b1184d1ce731dbdee876ca3632b1,7f85563afcb233516b0221a20ab469a7febec3ba0ebdb91d7f0c66e2c364861a,7363fc7aad621211b6ec6d352ed74fec89f0f55341d09ab1a391e87da3a61fde,2026-08-09T15:33:31.268882+00:00
7658936010105815567,打造中国国际青少年数字体育赛事新范式！WIRC智能机器人大赛启动,35.0,1,internal_positive,A,生产基线,3,35,Alibaba,deepseek/deepseek-v4-flash,False,message.content,35,35,,,gen-1786289427-IsVrhKfAIEEVFW0Q7lMP,stop,14.653202001005411,1,ok,,9dbcc0f52c24ef8d57c0145bdb72b37ab8e2b1184d1ce731dbdee876ca3632b1,7f85563afcb233516b0221a20ab469a7febec3ba0ebdb91d7f0c66e2c364861a,7363fc7aad621211b6ec6d352ed74fec89f0f55341d09ab1a391e87da3a61fde,2026-08-09T15:30:41.077777+00:00
7658936010105815567,打造中国国际青少年数字体育赛事新范式！WIRC智能机器人大赛启动,35.0,1,internal_positive,D,固定 provider + 关闭 reasoning,1,75,Alibaba,deepseek/deepseek-v4-flash,False,message.content,75,75,,,gen-1786289442-80k7j3XHxGvs5PeSUoir,stop,1.6006919033825397,1,ok,,9dbcc0f52c24ef8d57c0145bdb72b37ab8e2b1184d1ce731dbdee876ca3632b1,7f85563afcb233516b0221a20ab469a7febec3ba0ebdb91d7f0c66e2c364861a,aefd8ec3a60c5d241007b3323d98ccd8fc76379a189170ca497cf136d48235f2,2026-08-09T15:30:42.927310+00:00
7658936010105815567,打造中国国际青少年数字体育赛事新范式！WIRC智能机器人大赛启动,35.0,1,internal_positive,D,固定 provider + 关闭 reasoning,2,75,Alibaba,deepseek/deepseek-v4-flash,False,message.content,75,75,,,gen-1786289424-Ok4p1Juud2K1dJfLQiiw,stop,1.5730486996471882,1,ok,,9dbcc0f52c24ef8d57c0145bdb72b37ab8e2b1184d1ce731dbdee876ca3632b1,7f85563afcb233516b0221a20ab469a7febec3ba0ebdb91d7f0c66e2c364861a,aefd8ec3a60c5d241007b3323d98ccd8fc76379a189170ca497cf136d48235f2,2026-08-09T15:30:25.003988+00:00
7658936010105815567,打造中国国际青少年数字体育赛事新范式！WIRC智能机器人大赛启动,35.0,1,internal_positive,D,固定 provider + 关闭 reasoning,3,15,Alibaba,deepseek/deepseek-v4-flash,False,message.content,15,15,,,gen-1786289280-bOcColr5vXjpfrorXkaH,stop,1.4706522971391678,1,ok,,9dbcc0f52c24ef8d57c0145bdb72b37ab8e2b1184d1ce731dbdee876ca3632b1,7f85563afcb233516b0221a20ab469a7febec3ba0ebdb91d7f0c66e2c364861a,aefd8ec3a60c5d241007b3323d98ccd8fc76379a189170ca497cf136d48235f2,2026-08-09T15:28:00.960305+00:00
7659340936928887336,大理巍山国家级流动科普试点工作圆满收官,55.0,2,external_positive,D,固定 provider + 关闭 reasoning,1,34,Alibaba,deepseek/deepseek-v4-flash,False,message.content,34,34,,,gen-1786289275-wDXGzV9nDv41opG7ifVl,stop,3.0562794990837574,1,ok,,55cfcb4a549d15b5f7d2b52fe35fb7561055ab09e24db3e98c14efc3eff3f74b,19ca780dc612b03fe81b19a6c6914364f031b9a346642dc4ddc54cfa40408269,103fc7e1b04fad052639c02f66190453fce64fd8763d3d8bbd8ac804c76f53e5,2026-08-09T15:27:55.655827+00:00
7659340936928887336,大理巍山国家级流动科普试点工作圆满收官,55.0,2,external_positive,D,固定 provider + 关闭 reasoning,2,0,Alibaba,deepseek/deepseek-v4-flash,False,message.content,0,0,,,gen-1786289407-75X0RTNHtgoepdEjMRGY,stop,1.750000897794962,1,ok,,55cfcb4a549d15b5f7d2b52fe35fb7561055ab09e24db3e98c14efc3eff3f74b,19ca780dc612b03fe81b19a6c6914364f031b9a346642dc4ddc54cfa40408269,103fc7e1b04fad052639c02f66190453fce64fd8763d3d8bbd8ac804c76f53e5,2026-08-09T15:30:07.755325+00:00
7659340936928887336,大理巍山国家级流动科普试点工作圆满收官,55.0,2,external_positive,D,固定 provider + 关闭 reasoning,3,0,Alibaba,deepseek/deepseek-v4-flash,False,message.content,0,0,,,gen-1786289508-OLZJhizSLjzVaO7hMexe,stop,4.357137497514486,1,ok,,55cfcb4a549d15b5f7d2b52fe35fb7561055ab09e24db3e98c14efc3eff3f74b,19ca780dc612b03fe81b19a6c6914364f031b9a346642dc4ddc54cfa40408269,103fc7e1b04fad052639c02f66190453fce64fd8763d3d8bbd8ac804c76f53e5,2026-08-09T15:31:52.029297+00:00
7659340936928887336,大理巍山国家级流动科普试点工作圆满收官,55.0,2,external_positive,D,固定 provider + 关闭 reasoning,4,34,Alibaba,deepseek/deepseek-v4-flash,False,message.content,34,34,,,gen-1786289407-LTsigMwdVn2NwQOXwYpy,stop,2.6483217999339104,1,ok,,55cfcb4a549d15b5f7d2b52fe35fb7561055ab09e24db3e98c14efc3eff3f74b,19ca780dc612b03fe81b19a6c6914364f031b9a346642dc4ddc54cfa40408269,103fc7e1b04fad052639c02f66190453fce64fd8763d3d8bbd8ac804c76f53e5,2026-08-09T15:30:08.576307+00:00
7659340936928887336,大理巍山国家级流动科普试点工作圆满收官,55.0,2,external_positive,D,固定 provider + 关闭 reasoning,5,34,Alibaba,deepseek/deepseek-v4-flash,False,message.content,34,34,,,gen-1786289667-sqtYO8L4UbFsPf7Dr5p2,stop,1.4586741998791695,1,ok,,55cfcb4a549d15b5f7d2b52fe35fb7561055ab09e24db3e98c14efc3eff3f74b,19ca780dc612b03fe81b19a6c6914364f031b9a346642dc4ddc54cfa40408269,103fc7e1b04fad052639c02f66190453fce64fd8763d3d8bbd8ac804c76f53e5,2026-08-09T15:34:27.542269+00:00
7661936229721686547,2026台州·北京宣传推广周启幕 “阅读＋文旅”融合展现山海魅力,0.0,0,internal_positive,A,生产基线,1,10,Alibaba,deepseek/deepseek-v4-flash,False,message.content,10,10,,,gen-1786289269-b2a24gg8NaL8gCRKxmb9,stop,17.262717600911856,1,ok,,6214f441b0105fbefcfd910172c099f9fc33d5674086868e1a9faf58f382bad1,01648bd4c6f10adac2340d1ef59dcff4e73c80631c1da6508882f82aa8e6e06b,fe7de1fe494c1ed11f55f5d3c6d649df4c8b3a5ca194053e5057a65e8322b1ae,2026-08-09T15:28:04.516742+00:00
7661936229721686547,2026台州·北京宣传推广周启幕 “阅读＋文旅”融合展现山海魅力,0.0,0,internal_positive,A,生产基线,2,5,Parasail,deepseek/deepseek-v4-flash,False,message.content,5,5,,,gen-1786289464-5g0gtvaUDChUJ2jdKyNg,stop,27.80697689950466,1,ok,,6214f441b0105fbefcfd910172c099f9fc33d5674086868e1a9faf58f382bad1,01648bd4c6f10adac2340d1ef59dcff4e73c80631c1da6508882f82aa8e6e06b,fe7de1fe494c1ed11f55f5d3c6d649df4c8b3a5ca194053e5057a65e8322b1ae,2026-08-09T15:31:30.456622+00:00
7661936229721686547,2026台州·北京宣传推广周启幕 “阅读＋文旅”融合展现山海魅力,0.0,0,internal_positive,A,生产基线,3,5,Baidu,deepseek/deepseek-v4-flash,False,message.content,5,5,,,gen-1786289624-7Oa1gHduHcQDTYs4qjpu,stop,7.203051399439573,1,ok,,6214f441b0105fbefcfd910172c099f9fc33d5674086868e1a9faf58f382bad1,01648bd4c6f10adac2340d1ef59dcff4e73c80631c1da6508882f82aa8e6e06b,fe7de1fe494c1ed11f55f5d3c6d649df4c8b3a5ca194053e5057a65e8322b1ae,2026-08-09T15:33:51.047844+00:00
7661936229721686547,2026台州·北京宣传推广周启幕 “阅读＋文旅”融合展现山海魅力,0.0,0,internal_positive,D,固定 provider + 关闭 reasoning,1,0,Alibaba,deepseek/deepseek-v4-flash,False,message.content,0,0,,,gen-1786289462-6pdCYy7gAtX8xR16dUeH,stop,1.5786833986639977,1,ok,,6214f441b0105fbefcfd910172c099f9fc33d5674086868e1a9faf58f382bad1,01648bd4c6f10adac2340d1ef59dcff4e73c80631c1da6508882f82aa8e6e06b,0fc7eb3dc7f1f5f0755fc499f6ac5c20ed158da989ce7a2850e824e671b6f0bd,2026-08-09T15:31:02.648314+00:00
7661936229721686547,2026台州·北京宣传推广周启幕 “阅读＋文旅”融合展现山海魅力,0.0,0,internal_positive,D,固定 provider + 关闭 reasoning,2,0,Alibaba,deepseek/deepseek-v4-flash,False,message.content,0,0,,,gen-1786289663-QMkYVYbvvuTVoYGdJI0W,stop,1.9862744994461536,1,ok,,6214f441b0105fbefcfd910172c099f9fc33d5674086868e1a9faf58f382bad1,01648bd4c6f10adac2340d1ef59dcff4e73c80631c1da6508882f82aa8e6e06b,0fc7eb3dc7f1f5f0755fc499f6ac5c20ed158da989ce7a2850e824e671b6f0bd,2026-08-09T15:34:24.314477+00:00
7661936229721686547,2026台州·北京宣传推广周启幕 “阅读＋文旅”融合展现山海魅力,0.0,0,internal_positive,D,固定 provider + 关闭 reasoning,3,0,Alibaba,deepseek/deepseek-v4-flash,False,message.content,0,0,,,gen-1786289575-BvweOVUiqyJlmPrTaIV6,stop,1.5931923985481262,1,ok,,6214f441b0105fbefcfd910172c099f9fc33d5674086868e1a9faf58f382bad1,01648bd4c6f10adac2340d1ef59dcff4e73c80631c1da6508882f82aa8e6e06b,0fc7eb3dc7f1f5f0755fc499f6ac5c20ed158da989ce7a2850e824e671b6f0bd,2026-08-09T15:32:56.148294+00:00
7664113108658487860,舞剧《李清照》登陆国家大剧院，研学团队重温宋代风华,0.0,0,internal_positive,A,生产基线,1,5,Alibaba,deepseek/deepseek-v4-flash,False,message.content,5,5,,,gen-1786289408-0KOrYUelzlxEWNOW0kGF,stop,7.949717700481415,1,ok,,809fafbb4441f15bcd7c0a5934b9632348ff8a3a632e43915d62ee87b2399b40,7454375a6f40e4d22fabeaa6c821cffe9d1dba54031bc8b75970f0461b8b3dae,526fc3b384acc8031c07af8e6c3ca577578d22ff25c5e9c1b63898f90ad87650,2026-08-09T15:30:14.305457+00:00
7664113108658487860,舞剧《李清照》登陆国家大剧院，研学团队重温宋代风华,0.0,0,internal_positive,A,生产基线,2,5,Alibaba,deepseek/deepseek-v4-flash,False,message.content,5,5,,,gen-1786289446-dJybaH6x13YpWVTIcf9l,stop,6.591934900730848,1,ok,,809fafbb4441f15bcd7c0a5934b9632348ff8a3a632e43915d62ee87b2399b40,7454375a6f40e4d22fabeaa6c821cffe9d1dba54031bc8b75970f0461b8b3dae,526fc3b384acc8031c07af8e6c3ca577578d22ff25c5e9c1b63898f90ad87650,2026-08-09T15:30:51.733621+00:00
7664113108658487860,舞剧《李清照》登陆国家大剧院，研学团队重温宋代风华,0.0,0,internal_positive,A,生产基线,3,20,Alibaba,deepseek/deepseek-v4-flash,False,message.content,20,20,,,gen-1786289550-08uZVPETXHKmpmTQM6bv,stop,15.119010102003813,1,ok,,809fafbb4441f15bcd7c0a5934b9632348ff8a3a632e43915d62ee87b2399b40,7454375a6f40e4d22fabeaa6c821cffe9d1dba54031bc8b75970f0461b8b3dae,526fc3b384acc8031c07af8e6c3ca577578d22ff25c5e9c1b63898f90ad87650,2026-08-09T15:32:44.121767+00:00
7664113108658487860,舞剧《李清照》登陆国家大剧院，研学团队重温宋代风华,0.0,0,internal_positive,D,固定 provider + 关闭 reasoning,1,15,Alibaba,deepseek/deepseek-v4-flash,False,message.content,15,15,,,gen-1786289401-OEZ5auIXhuwkiCDPnJO4,stop,1.8481373973190784,1,ok,,809fafbb4441f15bcd7c0a5934b9632348ff8a3a632e43915d62ee87b2399b40,7454375a6f40e4d22fabeaa6c821cffe9d1dba54031bc8b75970f0461b8b3dae,a21cd3a1b2fd1cce071e95efadc5604a5b0e2c3175bd3d93ecc1b344aaf66727,2026-08-09T15:30:01.885470+00:00
7664113108658487860,舞剧《李清照》登陆国家大剧院，研学团队重温宋代风华,0.0,0,internal_positive,D,固定 provider + 关闭 reasoning,2,15,Alibaba,deepseek/deepseek-v4-flash,False,message.content,15,15,,,gen-1786289535-GSD6o85rHjxwShyVgKxe,stop,1.5663845017552376,1,ok,,809fafbb4441f15bcd7c0a5934b9632348ff8a3a632e43915d62ee87b2399b40,7454375a6f40e4d22fabeaa6c821cffe9d1dba54031bc8b75970f0461b8b3dae,a21cd3a1b2fd1cce071e95efadc5604a5b0e2c3175bd3d93ecc1b344aaf66727,2026-08-09T15:32:15.977718+00:00
7664113108658487860,舞剧《李清照》登陆国家大剧院，研学团队重温宋代风华,0.0,0,internal_positive,D,固定 provider + 关闭 reasoning,3,15,Alibaba,deepseek/deepseek-v4-flash,False,message.content,15,15,,,gen-1786289385-gKHhB7KtrPT1RIiqFgMp,stop,1.5700270980596542,1,ok,,809fafbb4441f15bcd7c0a5934b9632348ff8a3a632e43915d62ee87b2399b40,7454375a6f40e4d22fabeaa6c821cffe9d1dba54031bc8b75970f0461b8b3dae,a21cd3a1b2fd1cce071e95efadc5604a5b0e2c3175bd3d93ecc1b344aaf66727,2026-08-09T15:29:45.471116+00:00
7665280166154781238,体育强国建设“十五五”规划发布，设定五项主要指标,65.0,3,internal_positive,A,生产基线,1,62,Parasail,deepseek/deepseek-v4-flash,False,message.content,62,62,,,gen-1786289549-tW8tNEAmPaPLRf3Zj9iL,stop,56.17095199972391,1,ok,,2a22d9a212630d9f55546f50743f943ce8e937853382d7bb6a2e1461ef5b2ccf,9a80ce221ef3ded844c2dd102479f5706edf16b743d2a365b16c1bd3cad5d330,70423588b1c28fd23c19467cd5e44d43712b884b651f93b12f88d71ec91660c3,2026-08-09T15:33:24.450538+00:00
7665280166154781238,体育强国建设“十五五”规划发布，设定五项主要指标,65.0,3,internal_positive,A,生产基线,2,10,Alibaba,deepseek/deepseek-v4-flash,False,message.content,10,10,,,gen-1786289661-O1WUmow0qJrOsyrfU6Ov,stop,12.318397898226976,1,ok,,2a22d9a212630d9f55546f50743f943ce8e937853382d7bb6a2e1461ef5b2ccf,9a80ce221ef3ded844c2dd102479f5706edf16b743d2a365b16c1bd3cad5d330,70423588b1c28fd23c19467cd5e44d43712b884b651f93b12f88d71ec91660c3,2026-08-09T15:34:32.407603+00:00
7665280166154781238,体育强国建设“十五五”规划发布，设定五项主要指标,65.0,3,internal_positive,A,生产基线,3,88,SiliconFlow,deepseek/deepseek-v4-flash,False,message.content,88,88,,,gen-1786289331-SBdBe0pzUmaXD9qsOEFz,stop,33.088670901954174,1,ok,,2a22d9a212630d9f55546f50743f943ce8e937853382d7bb6a2e1461ef5b2ccf,9a80ce221ef3ded844c2dd102479f5706edf16b743d2a365b16c1bd3cad5d330,70423588b1c28fd23c19467cd5e44d43712b884b651f93b12f88d71ec91660c3,2026-08-09T15:29:23.178175+00:00
7665280166154781238,体育强国建设“十五五”规划发布，设定五项主要指标,65.0,3,internal_positive,D,固定 provider + 关闭 reasoning,1,85,Alibaba,deepseek/deepseek-v4-flash,False,message.content,85,85,,,gen-1786289521-PC8UcadgRkCtCxtwG0I7,stop,1.5249013006687164,1,ok,,2a22d9a212630d9f55546f50743f943ce8e937853382d7bb6a2e1461ef5b2ccf,9a80ce221ef3ded844c2dd102479f5706edf16b743d2a365b16c1bd3cad5d330,8c90e993a986f1ea862a10b28b4166164b30b8a11ef31c8e2e741fe7787f76de,2026-08-09T15:32:02.058103+00:00
7665280166154781238,体育强国建设“十五五”规划发布，设定五项主要指标,65.0,3,internal_positive,D,固定 provider + 关闭 reasoning,2,75,Alibaba,deepseek/deepseek-v4-flash,False,message.content,75,75,,,gen-1786289307-GpXqKfSPJVIMwYKc2nLD,stop,1.477913498878479,1,ok,,2a22d9a212630d9f55546f50743f943ce8e937853382d7bb6a2e1461ef5b2ccf,9a80ce221ef3ded844c2dd102479f5706edf16b743d2a365b16c1bd3cad5d330,8c90e993a986f1ea862a10b28b4166164b30b8a11ef31c8e2e741fe7787f76de,2026-08-09T15:28:27.665200+00:00
7665280166154781238,体育强国建设“十五五”规划发布，设定五项主要指标,65.0,3,internal_positive,D,固定 provider + 关闭 reasoning,3,75,Alibaba,deepseek/deepseek-v4-flash,False,message.content,75,75,,,gen-1786289266-YRNLpCClo0R4T7UcW2FI,stop,1.9230213016271591,1,ok,,2a22d9a212630d9f55546f50743f943ce8e937853382d7bb6a2e1461ef5b2ccf,9a80ce221ef3ded844c2dd102479f5706edf16b743d2a365b16c1bd3cad5d330,8c90e993a986f1ea862a10b28b4166164b30b8a11ef31c8e2e741fe7787f76de,2026-08-09T15:27:46.641750+00:00
7665523769863160347,西夏区青少年法治教育实践基地：让法治种子在少年心中扎根,45.0,2,external_positive,A,生产基线,1,75,Alibaba,deepseek/deepseek-v4-flash,False,message.content,75,75,,,gen-1786289340-6pcH6UESyx07Bb0ZIUpI,stop,12.148760799318552,1,ok,,55ad17f46c644a0fd6f7cf4f9ff0f5ccbff14acb713746a4ead752f776338f68,d471df2c54af153b2c5728967d67af3ad7711c2487d7c3f9130f70d7753ebfef,bcddba5fdc5807021bbe66efa1c7fa65a16116335b0165581b616816d1f0b9fe,2026-08-09T15:29:11.479437+00:00
7665523769863160347,西夏区青少年法治教育实践基地：让法治种子在少年心中扎根,45.0,2,external_positive,A,生产基线,2,55,Baidu,deepseek/deepseek-v4-flash,False,message.content,55,55,,,gen-1786289310-na6X7L6oGBfqZUYd88Ug,stop,24.5160307995975,1,ok,,55ad17f46c644a0fd6f7cf4f9ff0f5ccbff14acb713746a4ead752f776338f68,d471df2c54af153b2c5728967d67af3ad7711c2487d7c3f9130f70d7753ebfef,bcddba5fdc5807021bbe66efa1c7fa65a16116335b0165581b616816d1f0b9fe,2026-08-09T15:28:53.803997+00:00
7665523769863160347,西夏区青少年法治教育实践基地：让法治种子在少年心中扎根,45.0,2,external_positive,A,生产基线,3,65,Alibaba,deepseek/deepseek-v4-flash,False,message.content,65,65,,,gen-1786289634-q9GTTIB0j3FwHl1u7sAn,stop,12.314481399953365,1,ok,,55ad17f46c644a0fd6f7cf4f9ff0f5ccbff14acb713746a4ead752f776338f68,d471df2c54af153b2c5728967d67af3ad7711c2487d7c3f9130f70d7753ebfef,bcddba5fdc5807021bbe66efa1c7fa65a16116335b0165581b616816d1f0b9fe,2026-08-09T15:34:05.557371+00:00
7665523769863160347,西夏区青少年法治教育实践基地：让法治种子在少年心中扎根,45.0,2,external_positive,D,固定 provider + 关闭 reasoning,1,75,Alibaba,deepseek/deepseek-v4-flash,False,message.content,75,75,,,gen-1786289379-QaoDDScsCUKthdhM6k7X,stop,1.892519798129797,1,ok,,55ad17f46c644a0fd6f7cf4f9ff0f5ccbff14acb713746a4ead752f776338f68,d471df2c54af153b2c5728967d67af3ad7711c2487d7c3f9130f70d7753ebfef,a8e987249cf8b13f91935db21db5f5047c2df8cdd0a1813d7bc673829388ff3d,2026-08-09T15:29:40.201052+00:00
7665523769863160347,西夏区青少年法治教育实践基地：让法治种子在少年心中扎根,45.0,2,external_positive,D,固定 provider + 关闭 reasoning,2,75,Alibaba,deepseek/deepseek-v4-flash,False,message.content,75,75,,,gen-1786289321-sifb5o60qVegYPkEzM20,stop,1.69641500338912,1,ok,,55ad17f46c644a0fd6f7cf4f9ff0f5ccbff14acb713746a4ead752f776338f68,d471df2c54af153b2c5728967d67af3ad7711c2487d7c3f9130f70d7753ebfef,a8e987249cf8b13f91935db21db5f5047c2df8cdd0a1813d7bc673829388ff3d,2026-08-09T15:28:42.073693+00:00
7665523769863160347,西夏区青少年法治教育实践基地：让法治种子在少年心中扎根,45.0,2,external_positive,D,固定 provider + 关闭 reasoning,3,75,Alibaba,deepseek/deepseek-v4-flash,False,message.content,75,75,,,gen-1786289403-cQYVHMmu3eXbyyEtwBxE,stop,1.5868498012423515,1,ok,,55ad17f46c644a0fd6f7cf4f9ff0f5ccbff14acb713746a4ead752f776338f68,d471df2c54af153b2c5728967d67af3ad7711c2487d7c3f9130f70d7753ebfef,a8e987249cf8b13f91935db21db5f5047c2df8cdd0a1813d7bc673829388ff3d,2026-08-09T15:30:03.473652+00:00
7670053228096061971,暑期活动丨重温2026暑期安全训练营的精彩瞬间，致谢同行伙伴,40.0,2,internal_positive,A,生产基线,1,42,Alibaba,deepseek/deepseek-v4-flash,False,message.content,42,42,,,gen-1786289484-ZN8MXBwNIeCgsF5lT14g,stop,14.931902199983597,1,ok,,be074a8b125f6014777203efcaac4517d0c83c8b635de679eab5a19b83b7847e,47787d954b433cf5bede0eecbb9025e98e5fa41e01f179e5fc3d05d82ddb090c,57f21c35dcbee3a00b4f44dc464126e5dedad50f4ee8046bc365ca01085513e7,2026-08-09T15:31:38.495653+00:00
7670053228096061971,暑期活动丨重温2026暑期安全训练营的精彩瞬间，致谢同行伙伴,40.0,2,internal_positive,A,生产基线,2,40,Parasail,deepseek/deepseek-v4-flash,False,message.content,40,40,,,gen-1786289618-8JnyFVsQI88Hgjblu5Y7,stop,11.65633450075984,1,ok,,be074a8b125f6014777203efcaac4517d0c83c8b635de679eab5a19b83b7847e,47787d954b433cf5bede0eecbb9025e98e5fa41e01f179e5fc3d05d82ddb090c,57f21c35dcbee3a00b4f44dc464126e5dedad50f4ee8046bc365ca01085513e7,2026-08-09T15:33:49.277045+00:00
7670053228096061971,暑期活动丨重温2026暑期安全训练营的精彩瞬间，致谢同行伙伴,40.0,2,internal_positive,A,生产基线,3,42,Alibaba,deepseek/deepseek-v4-flash,False,message.content,42,42,,,gen-1786289565-ygga6PSemw9sqISsIk3Q,stop,13.857216097414494,1,ok,,be074a8b125f6014777203efcaac4517d0c83c8b635de679eab5a19b83b7847e,47787d954b433cf5bede0eecbb9025e98e5fa41e01f179e5fc3d05d82ddb090c,57f21c35dcbee3a00b4f44dc464126e5dedad50f4ee8046bc365ca01085513e7,2026-08-09T15:32:57.980330+00:00
7670053228096061971,暑期活动丨重温2026暑期安全训练营的精彩瞬间，致谢同行伙伴,40.0,2,internal_positive,D,固定 provider + 关闭 reasoning,1,15,Alibaba,deepseek/deepseek-v4-flash,False,message.content,15,15,,,gen-1786289652-hIvvllmodapCqu3ek9SH,stop,3.061974100768566,1,ok,,be074a8b125f6014777203efcaac4517d0c83c8b635de679eab5a19b83b7847e,47787d954b433cf5bede0eecbb9025e98e5fa41e01f179e5fc3d05d82ddb090c,22a95d5195b4637d06971ad3a2718c9691f8103e31c4bb4aa1029cd97535ac79,2026-08-09T15:34:12.787611+00:00
7670053228096061971,暑期活动丨重温2026暑期安全训练营的精彩瞬间，致谢同行伙伴,40.0,2,internal_positive,D,固定 provider + 关闭 reasoning,2,45,Alibaba,deepseek/deepseek-v4-flash,False,message.content,45,45,,,gen-1786289464-kWOROuS036aySnVgtVTC,stop,1.828065201640129,1,ok,,be074a8b125f6014777203efcaac4517d0c83c8b635de679eab5a19b83b7847e,47787d954b433cf5bede0eecbb9025e98e5fa41e01f179e5fc3d05d82ddb090c,22a95d5195b4637d06971ad3a2718c9691f8103e31c4bb4aa1029cd97535ac79,2026-08-09T15:31:05.157813+00:00
7670053228096061971,暑期活动丨重温2026暑期安全训练营的精彩瞬间，致谢同行伙伴,40.0,2,internal_positive,D,固定 provider + 关闭 reasoning,3,45,Alibaba,deepseek/deepseek-v4-flash,False,message.content,45,45,,,gen-1786289405-P7UBYCw79Tq2i0i3g9Jk,stop,1.7762374989688396,1,ok,,be074a8b125f6014777203efcaac4517d0c83c8b635de679eab5a19b83b7847e,47787d954b433cf5bede0eecbb9025e98e5fa41e01f179e5fc3d05d82ddb090c,22a95d5195b4637d06971ad3a2718c9691f8103e31c4bb4aa1029cd97535ac79,2026-08-09T15:30:05.923965+00:00
7671187122530812457,北京一所小学门口的“一根棍儿”，怎么就火了？,50.0,2,internal_positive,A,生产基线,1,30,Alibaba,deepseek/deepseek-v4-flash,False,message.content,30,30,,,gen-1786289646-TETToaErfF3FEeyEA16s,stop,11.386822499334812,1,ok,,876f92b8cc498d7e23721fc4ca85c34d18598f2b44c07ceedc5c15d07bb80c4b,7fafbf48455e8f846b7bf9e195a4a745ab29e6e7a7cc4df1182e90b5dedceaa2,75a164b977a79cd7657b35616d6e87a84c633b0e5b093db4f2a2a8c703bd0e4b,2026-08-09T15:34:16.389655+00:00
7671187122530812457,北京一所小学门口的“一根棍儿”，怎么就火了？,50.0,2,internal_positive,A,生产基线,2,25,CoreWeave,deepseek/deepseek-v4-flash,False,message.content,25,25,,,gen-1786289264-gLDxYYaFM92VXnJFQ3CL,stop,13.010136999189854,1,ok,,876f92b8cc498d7e23721fc4ca85c34d18598f2b44c07ceedc5c15d07bb80c4b,7fafbf48455e8f846b7bf9e195a4a745ab29e6e7a7cc4df1182e90b5dedceaa2,75a164b977a79cd7657b35616d6e87a84c633b0e5b093db4f2a2a8c703bd0e4b,2026-08-09T15:27:55.053331+00:00
7671187122530812457,北京一所小学门口的“一根棍儿”，怎么就火了？,50.0,2,internal_positive,A,生产基线,3,25,Parasail,deepseek/deepseek-v4-flash,False,message.content,25,25,,,gen-1786289314-Jlfpx6Infpp6MZkTuJLN,stop,26.859491601586342,1,ok,,876f92b8cc498d7e23721fc4ca85c34d18598f2b44c07ceedc5c15d07bb80c4b,7fafbf48455e8f846b7bf9e195a4a745ab29e6e7a7cc4df1182e90b5dedceaa2,75a164b977a79cd7657b35616d6e87a84c633b0e5b093db4f2a2a8c703bd0e4b,2026-08-09T15:28:59.912333+00:00
7671187122530812457,北京一所小学门口的“一根棍儿”，怎么就火了？,50.0,2,internal_positive,D,固定 provider + 关闭 reasoning,1,20,Alibaba,deepseek/deepseek-v4-flash,False,message.content,20,20,,,gen-1786289285-uXlTTMvl8NQbuT6yqPib,stop,1.8682138994336128,1,ok,,876f92b8cc498d7e23721fc4ca85c34d18598f2b44c07ceedc5c15d07bb80c4b,7fafbf48455e8f846b7bf9e195a4a745ab29e6e7a7cc4df1182e90b5dedceaa2,f673cdd300b9b06e941e497961d9e5a5e910ded14c18262951c42fbc865843dd,2026-08-09T15:28:06.386362+00:00
7671187122530812457,北京一所小学门口的“一根棍儿”，怎么就火了？,50.0,2,internal_positive,D,固定 provider + 关闭 reasoning,2,15,Alibaba,deepseek/deepseek-v4-flash,False,message.content,15,15,,,gen-1786289396-VvyEtSiZnAhNlTGDH7Z8,stop,1.4407940991222858,1,ok,,876f92b8cc498d7e23721fc4ca85c34d18598f2b44c07ceedc5c15d07bb80c4b,7fafbf48455e8f846b7bf9e195a4a745ab29e6e7a7cc4df1182e90b5dedceaa2,f673cdd300b9b06e941e497961d9e5a5e910ded14c18262951c42fbc865843dd,2026-08-09T15:29:56.168119+00:00
7671187122530812457,北京一所小学门口的“一根棍儿”，怎么就火了？,50.0,2,internal_positive,D,固定 provider + 关闭 reasoning,3,75,Alibaba,deepseek/deepseek-v4-flash,False,message.content,75,75,,,gen-1786289626-RvsTlohsDO3Ly0rfeoQ1,stop,2.53990950062871,1,ok,,876f92b8cc498d7e23721fc4ca85c34d18598f2b44c07ceedc5c15d07bb80c4b,7fafbf48455e8f846b7bf9e195a4a745ab29e6e7a7cc4df1182e90b5dedceaa2,f673cdd300b9b06e941e497961d9e5a5e910ded14c18262951c42fbc865843dd,2026-08-09T15:33:47.137091+00:00
bjd:s6a733642e4b0e45f3fd5aa33,市政府召开常务会议，研究“十五五”时期北京推进国际科技创新中心建设等事项,0.0,0,internal_positive,D,固定 provider + 关闭 reasoning,1,85,Alibaba,deepseek/deepseek-v4-flash,False,message.content,85,85,,,gen-1786289605-vnkveboOMRhlhmccGh61,stop,1.3539847992360592,1,ok,,ad11bb8af6a88e62a32bb8e689ddb22c7114b0dbee813acd1582552ce1f53ca4,f4126db53ba110a47c69917d6bbbd764d2191f9c785e2485c09b18d06610360e,3a3d26f5a8c0e238bdc51fa906116d5813b1a4dcc0c9965e2f4997259955b6db,2026-08-09T15:33:25.890653+00:00
bjd:s6a733642e4b0e45f3fd5aa33,市政府召开常务会议，研究“十五五”时期北京推进国际科技创新中心建设等事项,0.0,0,internal_positive,D,固定 provider + 关闭 reasoning,2,85,Alibaba,deepseek/deepseek-v4-flash,False,message.content,85,85,,,gen-1786289619-bReury7WamImo8IORaHm,stop,1.5381404012441635,1,ok,,ad11bb8af6a88e62a32bb8e689ddb22c7114b0dbee813acd1582552ce1f53ca4,f4126db53ba110a47c69917d6bbbd764d2191f9c785e2485c09b18d06610360e,3a3d26f5a8c0e238bdc51fa906116d5813b1a4dcc0c9965e2f4997259955b6db,2026-08-09T15:33:40.301225+00:00
bjd:s6a733642e4b0e45f3fd5aa33,市政府召开常务会议，研究“十五五”时期北京推进国际科技创新中心建设等事项,0.0,0,internal_positive,D,固定 provider + 关闭 reasoning,3,95,Alibaba,deepseek/deepseek-v4-flash,False,message.content,95,95,,,gen-1786289266-us5Qeee6UJ1nD3hoMaiD,stop,1.770176399499178,1,ok,,ad11bb8af6a88e62a32bb8e689ddb22c7114b0dbee813acd1582552ce1f53ca4,f4126db53ba110a47c69917d6bbbd764d2191f9c785e2485c09b18d06610360e,3a3d26f5a8c0e238bdc51fa906116d5813b1a4dcc0c9965e2f4997259955b6db,2026-08-09T15:27:46.521669+00:00
bjd:s6a733642e4b0e45f3fd5aa33,市政府召开常务会议，研究“十五五”时期北京推进国际科技创新中心建设等事项,0.0,0,internal_positive,D,固定 provider + 关闭 reasoning,4,85,Alibaba,deepseek/deepseek-v4-flash,False,message.content,85,85,,,gen-1786289630-LvTCJWv2E9j3cp76IdkC,stop,1.8971367999911308,1,ok,,ad11bb8af6a88e62a32bb8e689ddb22c7114b0dbee813acd1582552ce1f53ca4,f4126db53ba110a47c69917d6bbbd764d2191f9c785e2485c09b18d06610360e,3a3d26f5a8c0e238bdc51fa906116d5813b1a4dcc0c9965e2f4997259955b6db,2026-08-09T15:33:51.175553+00:00
bjd:s6a733642e4b0e45f3fd5aa33,市政府召开常务会议，研究“十五五”时期北京推进国际科技创新中心建设等事项,0.0,0,internal_positive,D,固定 provider + 关闭 reasoning,5,95,Alibaba,deepseek/deepseek-v4-flash,False,message.content,95,95,,,gen-1786289644-ZuIjOt7yCx70Jk1MLcoq,stop,1.6234444007277489,1,ok,,ad11bb8af6a88e62a32bb8e689ddb22c7114b0dbee813acd1582552ce1f53ca4,f4126db53ba110a47c69917d6bbbd764d2191f9c785e2485c09b18d06610360e,3a3d26f5a8c0e238bdc51fa906116d5813b1a4dcc0c9965e2f4997259955b6db,2026-08-09T15:34:05.132480+00:00
chinadaily:/a/202512/03/WS69301868a310942cc4994cc5,2025研究前沿发布暨研讨会在京举行,45.0,2,internal_positive,A,生产基线,1,30,Alibaba,deepseek/deepseek-v4-flash,False,message.content,30,30,,,gen-1786289673-xNKNM4cKfuXYUULac05h,stop,12.413637101650238,1,ok,,4411797eeaa0d6c524590abb1d739b82c87c1d4b83220cf75a70ad864cc551bb,8f2a732c18708ba8c7c0434e0081b1f9d19d9ff2587a86c1e53945ab8a04a98c,fb40b714f03d450cdb2328fc6f9536e5562ea2eb7a943b710af3e90a3d5c97dc,2026-08-09T15:34:44.030694+00:00
chinadaily:/a/202512/03/WS69301868a310942cc4994cc5,2025研究前沿发布暨研讨会在京举行,45.0,2,internal_positive,A,生产基线,2,30,Alibaba,deepseek/deepseek-v4-flash,False,message.content,30,30,,,gen-1786289301-Fnnq8vvoP2SR4INrs0B7,stop,16.76837619766593,1,ok,,4411797eeaa0d6c524590abb1d739b82c87c1d4b83220cf75a70ad864cc551bb,8f2a732c18708ba8c7c0434e0081b1f9d19d9ff2587a86c1e53945ab8a04a98c,fb40b714f03d450cdb2328fc6f9536e5562ea2eb7a943b710af3e90a3d5c97dc,2026-08-09T15:28:37.339956+00:00
chinadaily:/a/202512/03/WS69301868a310942cc4994cc5,2025研究前沿发布暨研讨会在京举行,45.0,2,internal_positive,A,生产基线,3,27,Alibaba,deepseek/deepseek-v4-flash,False,message.content,27,27,,,gen-1786289713-0CTuI3IDjvffYDiR4GFa,stop,13.53918069973588,1,ok,,4411797eeaa0d6c524590abb1d739b82c87c1d4b83220cf75a70ad864cc551bb,8f2a732c18708ba8c7c0434e0081b1f9d19d9ff2587a86c1e53945ab8a04a98c,fb40b714f03d450cdb2328fc6f9536e5562ea2eb7a943b710af3e90a3d5c97dc,2026-08-09T15:35:26.270678+00:00
chinadaily:/a/202512/03/WS69301868a310942cc4994cc5,2025研究前沿发布暨研讨会在京举行,45.0,2,internal_positive,D,固定 provider + 关闭 reasoning,1,19,Alibaba,deepseek/deepseek-v4-flash,False,message.content,19,19,,,gen-1786289422-W7i4n2MZ7ZPlOKpVxvcx,stop,1.5147434994578362,1,ok,,4411797eeaa0d6c524590abb1d739b82c87c1d4b83220cf75a70ad864cc551bb,8f2a732c18708ba8c7c0434e0081b1f9d19d9ff2587a86c1e53945ab8a04a98c,0ccb3406bbd2864223957110c6f434cb3588fef46aacdbe63f3a67b766447f9c,2026-08-09T15:30:22.844223+00:00
chinadaily:/a/202512/03/WS69301868a310942cc4994cc5,2025研究前沿发布暨研讨会在京举行,45.0,2,internal_positive,D,固定 provider + 关闭 reasoning,2,65,Alibaba,deepseek/deepseek-v4-flash,False,message.content,65,65,,,gen-1786289335-PiDvx8GfRjGE4qkyeuTt,stop,1.6430134996771812,1,ok,,4411797eeaa0d6c524590abb1d739b82c87c1d4b83220cf75a70ad864cc551bb,8f2a732c18708ba8c7c0434e0081b1f9d19d9ff2587a86c1e53945ab8a04a98c,0ccb3406bbd2864223957110c6f434cb3588fef46aacdbe63f3a67b766447f9c,2026-08-09T15:28:55.448422+00:00
chinadaily:/a/202512/03/WS69301868a310942cc4994cc5,2025研究前沿发布暨研讨会在京举行,45.0,2,internal_positive,D,固定 provider + 关闭 reasoning,3,65,Alibaba,deepseek/deepseek-v4-flash,False,message.content,65,65,,,gen-1786289415-UpbFJS10FdipUGSXjY4b,stop,1.930348601192236,1,ok,,4411797eeaa0d6c524590abb1d739b82c87c1d4b83220cf75a70ad864cc551bb,8f2a732c18708ba8c7c0434e0081b1f9d19d9ff2587a86c1e53945ab8a04a98c,0ccb3406bbd2864223957110c6f434cb3588fef46aacdbe63f3a67b766447f9c,2026-08-09T15:30:16.237113+00:00
chinanews:/cj/2025/12-09/10529638,“冰雪经济”为冬季消费注入强劲动能 “冰雪+”多样化体验激活新引擎,20.0,1,internal_positive,A,生产基线,1,0,Alibaba,deepseek/deepseek-v4-flash,False,message.content,0,0,,,gen-1786289673-5p9U2u9U8UFAD5jZZvp4,stop,3.666024301201105,1,ok,,b81e90b970381af7ea732e9b3c96ec0b366e6c9bcbac88b212c5ed683b1bb9bc,90d74449023ede131cb2e8400a5f583d82d60806a7f51917ea7813ba789f998d,c49b2f0e5ec485dc8e4591d147d4f47d9f586e6d408e24667f84aeac144ed0a0,2026-08-09T15:34:36.075105+00:00
chinanews:/cj/2025/12-09/10529638,“冰雪经济”为冬季消费注入强劲动能 “冰雪+”多样化体验激活新引擎,20.0,1,internal_positive,A,生产基线,2,0,Alibaba,deepseek/deepseek-v4-flash,False,message.content,0,0,,,gen-1786289485-iTzBHIWq2l9n8Ngxkbwn,stop,3.83573380112648,1,ok,,b81e90b970381af7ea732e9b3c96ec0b366e6c9bcbac88b212c5ed683b1bb9bc,90d74449023ede131cb2e8400a5f583d82d60806a7f51917ea7813ba789f998d,c49b2f0e5ec485dc8e4591d147d4f47d9f586e6d408e24667f84aeac144ed0a0,2026-08-09T15:31:27.718132+00:00
chinanews:/cj/2025/12-09/10529638,“冰雪经济”为冬季消费注入强劲动能 “冰雪+”多样化体验激活新引擎,20.0,1,internal_positive,A,生产基线,3,5,Alibaba,deepseek/deepseek-v4-flash,False,message.content,5,5,,,gen-1786289283-PY8TbGnZNu89W9AfSVdK,stop,6.169073801487684,1,ok,,b81e90b970381af7ea732e9b3c96ec0b366e6c9bcbac88b212c5ed683b1bb9bc,90d74449023ede131cb2e8400a5f583d82d60806a7f51917ea7813ba789f998d,c49b2f0e5ec485dc8e4591d147d4f47d9f586e6d408e24667f84aeac144ed0a0,2026-08-09T15:28:08.893165+00:00
chinanews:/cj/2025/12-09/10529638,“冰雪经济”为冬季消费注入强劲动能 “冰雪+”多样化体验激活新引擎,20.0,1,internal_positive,D,固定 provider + 关闭 reasoning,1,0,Alibaba,deepseek/deepseek-v4-flash,False,message.content,0,0,,,gen-1786289379-VSOKOLI4tVIdMFufNlv1,stop,1.999057799577713,1,ok,,b81e90b970381af7ea732e9b3c96ec0b366e6c9bcbac88b212c5ed683b1bb9bc,90d74449023ede131cb2e8400a5f583d82d60806a7f51917ea7813ba789f998d,236ea10633ff72d505f6de723774d7b5a313261d02199a8f2a44dffd8605f50d,2026-08-09T15:29:39.774781+00:00
chinanews:/cj/2025/12-09/10529638,“冰雪经济”为冬季消费注入强劲动能 “冰雪+”多样化体验激活新引擎,20.0,1,internal_positive,D,固定 provider + 关闭 reasoning,2,15,Alibaba,deepseek/deepseek-v4-flash,False,message.content,15,15,,,gen-1786289479-L6Wea98m4cFspsPlW4fG,stop,2.533418897539377,1,ok,,b81e90b970381af7ea732e9b3c96ec0b366e6c9bcbac88b212c5ed683b1bb9bc,90d74449023ede131cb2e8400a5f583d82d60806a7f51917ea7813ba789f998d,236ea10633ff72d505f6de723774d7b5a313261d02199a8f2a44dffd8605f50d,2026-08-09T15:31:19.822268+00:00
chinanews:/cj/2025/12-09/10529638,“冰雪经济”为冬季消费注入强劲动能 “冰雪+”多样化体验激活新引擎,20.0,1,internal_positive,D,固定 provider + 关闭 reasoning,3,15,Alibaba,deepseek/deepseek-v4-flash,False,message.content,15,15,,,gen-1786289442-mH1GcDKfYGEVHmMf3aWA,stop,1.753837700933218,1,ok,,b81e90b970381af7ea732e9b3c96ec0b366e6c9bcbac88b212c5ed683b1bb9bc,90d74449023ede131cb2e8400a5f583d82d60806a7f51917ea7813ba789f998d,236ea10633ff72d505f6de723774d7b5a313261d02199a8f2a44dffd8605f50d,2026-08-09T15:30:43.311839+00:00
chinanews:/cj/2026/04-24/10610076,报告：一季度消费意愿指数创近七个季度新高,20.0,1,internal_positive,A,生产基线,1,5,Alibaba,deepseek/deepseek-v4-flash,False,message.content,5,5,,,gen-1786289289-wdii1Q40429e0PV8Du6a,stop,5.565382000058889,1,ok,,1de6e99b01418a24e3e3982a6986913f787682f82b0cbf53eb09588b9d584a20,8b0421814d55dace767b1b3f481967e5c3ad5071cbb82928c87be5463091542a,341edcb48df01dec7f0f083130412882171390379480d41538bf5b8be402a9b4,2026-08-09T15:28:13.543451+00:00
chinanews:/cj/2026/04-24/10610076,报告：一季度消费意愿指数创近七个季度新高,20.0,1,internal_positive,A,生产基线,2,0,Alibaba,deepseek/deepseek-v4-flash,False,message.content,0,0,,,gen-1786289421-Pu2l0LEySjAXlOmorWY0,stop,5.381776001304388,1,ok,,1de6e99b01418a24e3e3982a6986913f787682f82b0cbf53eb09588b9d584a20,8b0421814d55dace767b1b3f481967e5c3ad5071cbb82928c87be5463091542a,341edcb48df01dec7f0f083130412882171390379480d41538bf5b8be402a9b4,2026-08-09T15:30:25.006483+00:00
chinanews:/cj/2026/04-24/10610076,报告：一季度消费意愿指数创近七个季度新高,20.0,1,internal_positive,A,生产基线,3,0,Alibaba,deepseek/deepseek-v4-flash,False,message.content,0,0,,,gen-1786289293-IZ2W3odNa440ksjdKqFv,stop,4.482514698058367,1,ok,,1de6e99b01418a24e3e3982a6986913f787682f82b0cbf53eb09588b9d584a20,8b0421814d55dace767b1b3f481967e5c3ad5071cbb82928c87be5463091542a,341edcb48df01dec7f0f083130412882171390379480d41538bf5b8be402a9b4,2026-08-09T15:28:16.902279+00:00
chinanews:/cj/2026/04-24/10610076,报告：一季度消费意愿指数创近七个季度新高,20.0,1,internal_positive,D,固定 provider + 关闭 reasoning,1,0,Alibaba,deepseek/deepseek-v4-flash,False,message.content,0,0,,,gen-1786289405-5yEV230gvCB8aMVTuqrQ,stop,2.118265498429537,1,ok,,1de6e99b01418a24e3e3982a6986913f787682f82b0cbf53eb09588b9d584a20,8b0421814d55dace767b1b3f481967e5c3ad5071cbb82928c87be5463091542a,4aaca76ce00418d33171c6d4efd9158677668ce2e03dffb5cc941664519a2e2d,2026-08-09T15:30:06.002933+00:00
chinanews:/cj/2026/04-24/10610076,报告：一季度消费意愿指数创近七个季度新高,20.0,1,internal_positive,D,固定 provider + 关闭 reasoning,2,0,Alibaba,deepseek/deepseek-v4-flash,False,message.content,0,0,,,gen-1786289584-zUh4dsMUnz7qYfjf6VTk,stop,1.5040782988071442,1,ok,,1de6e99b01418a24e3e3982a6986913f787682f82b0cbf53eb09588b9d584a20,8b0421814d55dace767b1b3f481967e5c3ad5071cbb82928c87be5463091542a,4aaca76ce00418d33171c6d4efd9158677668ce2e03dffb5cc941664519a2e2d,2026-08-09T15:33:04.926729+00:00
chinanews:/cj/2026/04-24/10610076,报告：一季度消费意愿指数创近七个季度新高,20.0,1,internal_positive,D,固定 provider + 关闭 reasoning,3,0,Alibaba,deepseek/deepseek-v4-flash,False,message.content,0,0,,,gen-1786289324-Q49O8C2eXvyjEjbFswi0,stop,1.6713255010545254,1,ok,,1de6e99b01418a24e3e3982a6986913f787682f82b0cbf53eb09588b9d584a20,8b0421814d55dace767b1b3f481967e5c3ad5071cbb82928c87be5463091542a,4aaca76ce00418d33171c6d4efd9158677668ce2e03dffb5cc941664519a2e2d,2026-08-09T15:28:45.142474+00:00
chinanews:/gn/2026/04-10/10601821,中国科研机构发明新型激光直写光刻机,65.0,3,external_positive,A,生产基线,1,10,Alibaba,deepseek/deepseek-v4-flash,False,message.content,10,10,,,gen-1786289561-5LkT5CwAgdfks5gJwDbO,stop,6.916103299707174,1,ok,,e4151cb08a3162995a89a5dc3119d68033ca5b41839ca940375ca49f9eafc349,7e2e0eb0469258acf419926a9c8038f4fc7f2f2169579c790ed5a4a7bb0dddc5,e5142149c9f44b55baaf2216e48a50d48f41d33c155eb14e443f73508f69d2d5,2026-08-09T15:32:47.550036+00:00
chinanews:/gn/2026/04-10/10601821,中国科研机构发明新型激光直写光刻机,65.0,3,external_positive,A,生产基线,2,15,Alibaba,deepseek/deepseek-v4-flash,False,message.content,15,15,,,gen-1786289327-kmIRml39H1Uyxit4uuIz,stop,7.892949502915144,1,ok,,e4151cb08a3162995a89a5dc3119d68033ca5b41839ca940375ca49f9eafc349,7e2e0eb0469258acf419926a9c8038f4fc7f2f2169579c790ed5a4a7bb0dddc5,e5142149c9f44b55baaf2216e48a50d48f41d33c155eb14e443f73508f69d2d5,2026-08-09T15:28:53.814983+00:00
chinanews:/gn/2026/04-10/10601821,中国科研机构发明新型激光直写光刻机,65.0,3,external_positive,A,生产基线,3,0,Alibaba,deepseek/deepseek-v4-flash,False,message.content,0,0,,,gen-1786289389-HlYsoue5EAx1UDqsQWPz,stop,4.174882799386978,1,ok,,e4151cb08a3162995a89a5dc3119d68033ca5b41839ca940375ca49f9eafc349,7e2e0eb0469258acf419926a9c8038f4fc7f2f2169579c790ed5a4a7bb0dddc5,e5142149c9f44b55baaf2216e48a50d48f41d33c155eb14e443f73508f69d2d5,2026-08-09T15:29:52.598847+00:00
chinanews:/gn/2026/04-10/10601821,中国科研机构发明新型激光直写光刻机,65.0,3,external_positive,D,固定 provider + 关闭 reasoning,1,0,Alibaba,deepseek/deepseek-v4-flash,False,message.content,0,0,,,gen-1786289651-2HAtenDsYNksU1xf9Aje,stop,1.555493500083685,1,ok,,e4151cb08a3162995a89a5dc3119d68033ca5b41839ca940375ca49f9eafc349,7e2e0eb0469258acf419926a9c8038f4fc7f2f2169579c790ed5a4a7bb0dddc5,b28fb81bf1125cd209fa5bee8e3fdeca24681df850a538a21cbea84d4019a89a,2026-08-09T15:34:12.320915+00:00
chinanews:/gn/2026/04-10/10601821,中国科研机构发明新型激光直写光刻机,65.0,3,external_positive,D,固定 provider + 关闭 reasoning,2,0,Alibaba,deepseek/deepseek-v4-flash,False,message.content,0,0,,,gen-1786289423-b6sOHLbghMYu4AMzUQlH,stop,1.6292100995779037,1,ok,,e4151cb08a3162995a89a5dc3119d68033ca5b41839ca940375ca49f9eafc349,7e2e0eb0469258acf419926a9c8038f4fc7f2f2169579c790ed5a4a7bb0dddc5,b28fb81bf1125cd209fa5bee8e3fdeca24681df850a538a21cbea84d4019a89a,2026-08-09T15:30:23.429478+00:00
chinanews:/gn/2026/04-10/10601821,中国科研机构发明新型激光直写光刻机,65.0,3,external_positive,D,固定 provider + 关闭 reasoning,3,0,Alibaba,deepseek/deepseek-v4-flash,False,message.content,0,0,,,gen-1786289365-Ao4GavaMTxAh67qXXxGK,stop,1.7826846987009048,1,ok,,e4151cb08a3162995a89a5dc3119d68033ca5b41839ca940375ca49f9eafc349,7e2e0eb0469258acf419926a9c8038f4fc7f2f2169579c790ed5a4a7bb0dddc5,b28fb81bf1125cd209fa5bee8e3fdeca24681df850a538a21cbea84d4019a89a,2026-08-09T15:29:26.195349+00:00
chinanews:/gn/2026/05-10/10618741,以赛兴科普 第十三届重庆科普讲解大赛收官,45.0,2,external_positive,D,固定 provider + 关闭 reasoning,1,34,Alibaba,deepseek/deepseek-v4-flash,False,message.content,34,34,,,gen-1786289457-pSRqXSUV1uQX1HXnuKNu,stop,1.8134591989219189,1,ok,,ad94d2702dcf041e5c2ed562f6b25f87efe27d4d6ecddbda5b5ca07b03ff2896,169aaafb5798bcf3ee423e646fed8f237f7f7af5ba2ac3f163a08d2129b01d0a,192b2b539ca7bfba83ad58c380dad59a26ffd6c907f40630d016c3b624eaa600,2026-08-09T15:30:57.826401+00:00
chinanews:/gn/2026/05-10/10618741,以赛兴科普 第十三届重庆科普讲解大赛收官,45.0,2,external_positive,D,固定 provider + 关闭 reasoning,2,34,Alibaba,deepseek/deepseek-v4-flash,False,message.content,34,34,,,gen-1786289356-C6RVSrOyAhufjRjHNcHL,stop,1.569515697658062,1,ok,,ad94d2702dcf041e5c2ed562f6b25f87efe27d4d6ecddbda5b5ca07b03ff2896,169aaafb5798bcf3ee423e646fed8f237f7f7af5ba2ac3f163a08d2129b01d0a,192b2b539ca7bfba83ad58c380dad59a26ffd6c907f40630d016c3b624eaa600,2026-08-09T15:29:16.424129+00:00
chinanews:/gn/2026/05-10/10618741,以赛兴科普 第十三届重庆科普讲解大赛收官,45.0,2,external_positive,D,固定 provider + 关闭 reasoning,3,25,Alibaba,deepseek/deepseek-v4-flash,False,message.content,25,25,,,gen-1786289326-Nc9JdvWG8ke2S7cNE1Ba,stop,1.6613485999405384,1,ok,,ad94d2702dcf041e5c2ed562f6b25f87efe27d4d6ecddbda5b5ca07b03ff2896,169aaafb5798bcf3ee423e646fed8f237f7f7af5ba2ac3f163a08d2129b01d0a,192b2b539ca7bfba83ad58c380dad59a26ffd6c907f40630d016c3b624eaa600,2026-08-09T15:28:46.675317+00:00
chinanews:/gn/2026/05-10/10618741,以赛兴科普 第十三届重庆科普讲解大赛收官,45.0,2,external_positive,D,固定 provider + 关闭 reasoning,4,34,Alibaba,deepseek/deepseek-v4-flash,False,message.content,34,34,,,gen-1786289350-gWZ33taktUp8OjywVgmD,stop,1.5729472003877163,1,ok,,ad94d2702dcf041e5c2ed562f6b25f87efe27d4d6ecddbda5b5ca07b03ff2896,169aaafb5798bcf3ee423e646fed8f237f7f7af5ba2ac3f163a08d2129b01d0a,192b2b539ca7bfba83ad58c380dad59a26ffd6c907f40630d016c3b624eaa600,2026-08-09T15:29:11.398357+00:00
chinanews:/gn/2026/05-10/10618741,以赛兴科普 第十三届重庆科普讲解大赛收官,45.0,2,external_positive,D,固定 provider + 关闭 reasoning,5,25,Alibaba,deepseek/deepseek-v4-flash,False,message.content,25,25,,,gen-1786289426-6oH6QNtTs3NdvRTYxyvW,stop,1.5894297994673252,1,ok,,ad94d2702dcf041e5c2ed562f6b25f87efe27d4d6ecddbda5b5ca07b03ff2896,169aaafb5798bcf3ee423e646fed8f237f7f7af5ba2ac3f163a08d2129b01d0a,192b2b539ca7bfba83ad58c380dad59a26ffd6c907f40630d016c3b624eaa600,2026-08-09T15:30:26.597528+00:00
chinanews:/gn/2026/05-25/10627892,首届中国-巴尔干文化交流论坛在京举行,85.0,4,internal_positive,D,固定 provider + 关闭 reasoning,1,75,Alibaba,deepseek/deepseek-v4-flash,False,message.content,75,75,,,gen-1786289530-gcE0t0JUE15pVR9wzR7z,stop,1.7851470969617367,1,ok,,af81d33e567114161a082d6f3daff5c85b6efe8057cab1c0b679f1ec0c5bef3a,35e3356f1ce058a39715263235117750107f7e02ac69ba5414f798fd979abfce,c9b419ffd79e57025b52638968d9f5fe5cfd1d22e7bc4a7a7c8a41d252a8ea03,2026-08-09T15:32:10.553281+00:00
chinanews:/gn/2026/05-25/10627892,首届中国-巴尔干文化交流论坛在京举行,85.0,4,internal_positive,D,固定 provider + 关闭 reasoning,2,75,Alibaba,deepseek/deepseek-v4-flash,False,message.content,75,75,,,gen-1786289582-5bpTgjeEQvtIh0885EKO,stop,2.7979735992848873,1,ok,,af81d33e567114161a082d6f3daff5c85b6efe8057cab1c0b679f1ec0c5bef3a,35e3356f1ce058a39715263235117750107f7e02ac69ba5414f798fd979abfce,c9b419ffd79e57025b52638968d9f5fe5cfd1d22e7bc4a7a7c8a41d252a8ea03,2026-08-09T15:33:02.612766+00:00
chinanews:/gn/2026/05-25/10627892,首届中国-巴尔干文化交流论坛在京举行,85.0,4,internal_positive,D,固定 provider + 关闭 reasoning,3,85,Alibaba,deepseek/deepseek-v4-flash,False,message.content,85,85,,,gen-1786289689-6Mo30vwmAhV1yrfxFUDV,stop,2.653534598648548,1,ok,,af81d33e567114161a082d6f3daff5c85b6efe8057cab1c0b679f1ec0c5bef3a,35e3356f1ce058a39715263235117750107f7e02ac69ba5414f798fd979abfce,c9b419ffd79e57025b52638968d9f5fe5cfd1d22e7bc4a7a7c8a41d252a8ea03,2026-08-09T15:34:49.483211+00:00
chinanews:/gn/2026/05-25/10627892,首届中国-巴尔干文化交流论坛在京举行,85.0,4,internal_positive,D,固定 provider + 关闭 reasoning,4,75,Alibaba,deepseek/deepseek-v4-flash,False,message.content,75,75,,,gen-1786289396-402S9vElgxOXCp1lQMHY,stop,2.209165997803211,1,ok,,af81d33e567114161a082d6f3daff5c85b6efe8057cab1c0b679f1ec0c5bef3a,35e3356f1ce058a39715263235117750107f7e02ac69ba5414f798fd979abfce,c9b419ffd79e57025b52638968d9f5fe5cfd1d22e7bc4a7a7c8a41d252a8ea03,2026-08-09T15:29:56.919185+00:00
chinanews:/gn/2026/05-25/10627892,首届中国-巴尔干文化交流论坛在京举行,85.0,4,internal_positive,D,固定 provider + 关闭 reasoning,5,85,Alibaba,deepseek/deepseek-v4-flash,False,message.content,85,85,,,gen-1786289444-IfIhP4vYTn4GiHt2VgHd,stop,1.6414068005979061,1,ok,,af81d33e567114161a082d6f3daff5c85b6efe8057cab1c0b679f1ec0c5bef3a,35e3356f1ce058a39715263235117750107f7e02ac69ba5414f798fd979abfce,c9b419ffd79e57025b52638968d9f5fe5cfd1d22e7bc4a7a7c8a41d252a8ea03,2026-08-09T15:30:44.954607+00:00
chinanews:/gn/shipin/2026/03-07/news1048284,长安街上看两会丨政府工作报告首提“中小学春秋假”，你有哪些期待？,75.0,3,external_positive,A,生产基线,1,85,Alibaba,deepseek/deepseek-v4-flash,False,message.content,85,85,,,gen-1786289685-pRDJsPAWvBQm8SKMzHqV,stop,3.731013499200344,1,ok,,c2d727e7dcbf96d9da578befd6a05524e002e921f6f9a1d521bf43c8e3ed4aa8,b3b374da87a26286675afce7934760ab64e235d8248dca889e07734b52aefff5,991828c09e878af4662beb2465d36b08a016ec4a3a4d4d8acbbd89c03a557b16,2026-08-09T15:34:47.763046+00:00
chinanews:/gn/shipin/2026/03-07/news1048284,长安街上看两会丨政府工作报告首提“中小学春秋假”，你有哪些期待？,75.0,3,external_positive,A,生产基线,2,55,Alibaba,deepseek/deepseek-v4-flash,False,message.content,55,55,,,gen-1786289601-GpPlx8IIDGCQYJPNjim2,stop,4.777810998260975,1,ok,,c2d727e7dcbf96d9da578befd6a05524e002e921f6f9a1d521bf43c8e3ed4aa8,b3b374da87a26286675afce7934760ab64e235d8248dca889e07734b52aefff5,991828c09e878af4662beb2465d36b08a016ec4a3a4d4d8acbbd89c03a557b16,2026-08-09T15:33:25.149943+00:00
chinanews:/gn/shipin/2026/03-07/news1048284,长安街上看两会丨政府工作报告首提“中小学春秋假”，你有哪些期待？,75.0,3,external_positive,A,生产基线,3,73,Alibaba,deepseek/deepseek-v4-flash,False,message.content,73,73,,,gen-1786289682-mu8R2G2zRunam6JBuvqc,stop,4.138036500662565,1,ok,,c2d727e7dcbf96d9da578befd6a05524e002e921f6f9a1d521bf43c8e3ed4aa8,b3b374da87a26286675afce7934760ab64e235d8248dca889e07734b52aefff5,991828c09e878af4662beb2465d36b08a016ec4a3a4d4d8acbbd89c03a557b16,2026-08-09T15:34:45.068702+00:00
chinanews:/gn/shipin/2026/03-07/news1048284,长安街上看两会丨政府工作报告首提“中小学春秋假”，你有哪些期待？,75.0,3,external_positive,D,固定 provider + 关闭 reasoning,1,34,Alibaba,deepseek/deepseek-v4-flash,False,message.content,34,34,,,gen-1786289477-s5KZJspDGrbyzYJFRkpa,stop,1.501885298639536,1,ok,,c2d727e7dcbf96d9da578befd6a05524e002e921f6f9a1d521bf43c8e3ed4aa8,b3b374da87a26286675afce7934760ab64e235d8248dca889e07734b52aefff5,07f5f059a7969696205045c9df80c90900eeb2eab576f2146b557a5084c05433,2026-08-09T15:31:17.808725+00:00
chinanews:/gn/shipin/2026/03-07/news1048284,长安街上看两会丨政府工作报告首提“中小学春秋假”，你有哪些期待？,75.0,3,external_positive,D,固定 provider + 关闭 reasoning,2,34,Alibaba,deepseek/deepseek-v4-flash,False,message.content,34,34,,,gen-1786289694-PUjWHDMpaA77NHmq2aP8,stop,1.7417498007416725,1,ok,,c2d727e7dcbf96d9da578befd6a05524e002e921f6f9a1d521bf43c8e3ed4aa8,b3b374da87a26286675afce7934760ab64e235d8248dca889e07734b52aefff5,07f5f059a7969696205045c9df80c90900eeb2eab576f2146b557a5084c05433,2026-08-09T15:34:54.494801+00:00
chinanews:/gn/shipin/2026/03-07/news1048284,长安街上看两会丨政府工作报告首提“中小学春秋假”，你有哪些期待？,75.0,3,external_positive,D,固定 provider + 关闭 reasoning,3,0,Alibaba,deepseek/deepseek-v4-flash,False,message.content,0,0,,,gen-1786289532-JnodzJrhM74rcLPNFFnD,stop,1.9905195012688637,1,ok,,c2d727e7dcbf96d9da578befd6a05524e002e921f6f9a1d521bf43c8e3ed4aa8,b3b374da87a26286675afce7934760ab64e235d8248dca889e07734b52aefff5,07f5f059a7969696205045c9df80c90900eeb2eab576f2146b557a5084c05433,2026-08-09T15:32:13.546295+00:00
chinanews:/gn/shipin/2026/03-07/news1048284,长安街上看两会丨政府工作报告首提“中小学春秋假”，你有哪些期待？,75.0,3,external_positive,D,固定 provider + 关闭 reasoning,4,0,Alibaba,deepseek/deepseek-v4-flash,False,message.content,0,0,,,gen-1786289400-G9oxPGrOUQ30slKAw5ZE,stop,1.7433052994310856,1,ok,,c2d727e7dcbf96d9da578befd6a05524e002e921f6f9a1d521bf43c8e3ed4aa8,b3b374da87a26286675afce7934760ab64e235d8248dca889e07734b52aefff5,07f5f059a7969696205045c9df80c90900eeb2eab576f2146b557a5084c05433,2026-08-09T15:30:01.016923+00:00
chinanews:/gn/shipin/2026/03-07/news1048284,长安街上看两会丨政府工作报告首提“中小学春秋假”，你有哪些期待？,75.0,3,external_positive,D,固定 provider + 关闭 reasoning,5,34,Alibaba,deepseek/deepseek-v4-flash,False,message.content,34,34,,,gen-1786289431-74RoHuWuw59Pz7MkWD6h,stop,1.7415819987654686,1,ok,,c2d727e7dcbf96d9da578befd6a05524e002e921f6f9a1d521bf43c8e3ed4aa8,b3b374da87a26286675afce7934760ab64e235d8248dca889e07734b52aefff5,07f5f059a7969696205045c9df80c90900eeb2eab576f2146b557a5084c05433,2026-08-09T15:30:32.580378+00:00
chinanews:/gn/shipin/2026/03-07/news1048284,长安街上看两会丨政府工作报告首提“中小学春秋假”，你有哪些期待？,75.0,3,external_positive,D,固定 provider + 关闭 reasoning,6,34,Alibaba,deepseek/deepseek-v4-flash,False,message.content,34,34,,,gen-1786289312-K1xvDWPDSZjTYTC6HCoi,stop,1.4818518981337547,1,ok,,c2d727e7dcbf96d9da578befd6a05524e002e921f6f9a1d521bf43c8e3ed4aa8,b3b374da87a26286675afce7934760ab64e235d8248dca889e07734b52aefff5,07f5f059a7969696205045c9df80c90900eeb2eab576f2146b557a5084c05433,2026-08-09T15:28:33.051497+00:00
chinanews:/gn/shipin/2026/03-07/news1048284,长安街上看两会丨政府工作报告首提“中小学春秋假”，你有哪些期待？,75.0,3,external_positive,D,固定 provider + 关闭 reasoning,7,0,Alibaba,deepseek/deepseek-v4-flash,False,message.content,0,0,,,gen-1786289543-BR49H2mvcOCXhwAtmbz7,stop,1.5454583019018173,1,ok,,c2d727e7dcbf96d9da578befd6a05524e002e921f6f9a1d521bf43c8e3ed4aa8,b3b374da87a26286675afce7934760ab64e235d8248dca889e07734b52aefff5,07f5f059a7969696205045c9df80c90900eeb2eab576f2146b557a5084c05433,2026-08-09T15:32:24.021641+00:00
chinanews:/gn/shipin/2026/03-07/news1048284,长安街上看两会丨政府工作报告首提“中小学春秋假”，你有哪些期待？,75.0,3,external_positive,D,固定 provider + 关闭 reasoning,8,0,Alibaba,deepseek/deepseek-v4-flash,False,message.content,0,0,,,gen-1786289399-E1TvQMoqD5VL5AH1cFQQ,stop,1.5893564000725746,1,ok,,c2d727e7dcbf96d9da578befd6a05524e002e921f6f9a1d521bf43c8e3ed4aa8,b3b374da87a26286675afce7934760ab64e235d8248dca889e07734b52aefff5,07f5f059a7969696205045c9df80c90900eeb2eab576f2146b557a5084c05433,2026-08-09T15:29:59.750149+00:00
chinanews:/jk/2025/12-17/10535474,感染幽门螺杆菌，如何足疗程正确用药,0.0,0,internal_positive,A,生产基线,1,0,Alibaba,deepseek/deepseek-v4-flash,False,message.content,0,0,,,gen-1786289467-TNx34wDsS97qUacT06hE,stop,5.868881098926067,1,ok,,016490dbe58c070af48d72a77084c6f3aec0b1ab9d70cd07cd0ca2c3cc896656,b30a09be13bd697ea3ae4cd8ee896b545c8b5c0c1c389ab6176ab22632565702,7d2b87f497a00bd05491222bae17598ab1bddacd3540c94ac5ab79ad212c59d5,2026-08-09T15:31:11.523132+00:00
chinanews:/jk/2025/12-17/10535474,感染幽门螺杆菌，如何足疗程正确用药,0.0,0,internal_positive,A,生产基线,2,0,Alibaba,deepseek/deepseek-v4-flash,False,message.content,0,0,,,gen-1786289411-mmiVWs2QkHjRCmHHuloY,stop,5.029907498508692,1,ok,,016490dbe58c070af48d72a77084c6f3aec0b1ab9d70cd07cd0ca2c3cc896656,b30a09be13bd697ea3ae4cd8ee896b545c8b5c0c1c389ab6176ab22632565702,7d2b87f497a00bd05491222bae17598ab1bddacd3540c94ac5ab79ad212c59d5,2026-08-09T15:30:15.776415+00:00
chinanews:/jk/2025/12-17/10535474,感染幽门螺杆菌，如何足疗程正确用药,0.0,0,internal_positive,A,生产基线,3,0,Cloudflare,deepseek/deepseek-v4-flash,False,message.content,0,0,,,gen-1786289264-17TiS1JsdcIMaFi3sIgQ,stop,5.4040299989283085,1,ok,,016490dbe58c070af48d72a77084c6f3aec0b1ab9d70cd07cd0ca2c3cc896656,b30a09be13bd697ea3ae4cd8ee896b545c8b5c0c1c389ab6176ab22632565702,7d2b87f497a00bd05491222bae17598ab1bddacd3540c94ac5ab79ad212c59d5,2026-08-09T15:27:47.443912+00:00
chinanews:/jk/2025/12-17/10535474,感染幽门螺杆菌，如何足疗程正确用药,0.0,0,internal_positive,D,固定 provider + 关闭 reasoning,1,0,Alibaba,deepseek/deepseek-v4-flash,False,message.content,0,0,,,gen-1786289264-BEYfzk6UgVXTgdK8b7QN,stop,2.6789960004389286,1,ok,,016490dbe58c070af48d72a77084c6f3aec0b1ab9d70cd07cd0ca2c3cc896656,b30a09be13bd697ea3ae4cd8ee896b545c8b5c0c1c389ab6176ab22632565702,8973a9e2aad58f4fa74241f3c7e8a5ffeaba58040d15fb7b5e1601f340ae31ff,2026-08-09T15:27:44.717306+00:00
chinanews:/jk/2025/12-17/10535474,感染幽门螺杆菌，如何足疗程正确用药,0.0,0,internal_positive,D,固定 provider + 关闭 reasoning,2,0,Alibaba,deepseek/deepseek-v4-flash,False,message.content,0,0,,,gen-1786289301-bYJBkxPtmxCvRp6zXEzT,stop,3.9042151011526585,1,ok,,016490dbe58c070af48d72a77084c6f3aec0b1ab9d70cd07cd0ca2c3cc896656,b30a09be13bd697ea3ae4cd8ee896b545c8b5c0c1c389ab6176ab22632565702,8973a9e2aad58f4fa74241f3c7e8a5ffeaba58040d15fb7b5e1601f340ae31ff,2026-08-09T15:28:24.208391+00:00
chinanews:/jk/2025/12-17/10535474,感染幽门螺杆菌，如何足疗程正确用药,0.0,0,internal_positive,D,固定 provider + 关闭 reasoning,3,0,Alibaba,deepseek/deepseek-v4-flash,False,message.content,0,0,,,gen-1786289665-wn3HafMqLcIilmiR5OJb,stop,1.7663714028894901,1,ok,,016490dbe58c070af48d72a77084c6f3aec0b1ab9d70cd07cd0ca2c3cc896656,b30a09be13bd697ea3ae4cd8ee896b545c8b5c0c1c389ab6176ab22632565702,8973a9e2aad58f4fa74241f3c7e8a5ffeaba58040d15fb7b5e1601f340ae31ff,2026-08-09T15:34:26.082283+00:00
chinanews:/sh/2026/01-26/10559256,走边关学非遗探自然 云南爱心托管班助力少年儿童多彩成长,85.0,4,external_positive,A,生产基线,1,50,Alibaba,deepseek/deepseek-v4-flash,False,message.content,50,50,,,gen-1786289619-vrlBr8SGmsUbd6GB2Wpy,stop,8.822708200663328,1,ok,,b34ae0aed93cc4c40e86f3c0506b35e581107f3ff665c7bf96237245ee18842f,f11d7e4632b66f9e236c88f54101701a9679fbedcfd8c876d503c024f3223920,fe9a830b0280dfff29f96190c051e37d56954ea177bdcc6389d86aa43a431d95,2026-08-09T15:33:46.827956+00:00
chinanews:/sh/2026/01-26/10559256,走边关学非遗探自然 云南爱心托管班助力少年儿童多彩成长,85.0,4,external_positive,A,生产基线,2,55,Alibaba,deepseek/deepseek-v4-flash,False,message.content,55,55,,,gen-1786289269-MXtIeBuaECw4dCQZpoBc,stop,4.792958699166775,1,ok,,b34ae0aed93cc4c40e86f3c0506b35e581107f3ff665c7bf96237245ee18842f,f11d7e4632b66f9e236c88f54101701a9679fbedcfd8c876d503c024f3223920,fe9a830b0280dfff29f96190c051e37d56954ea177bdcc6389d86aa43a431d95,2026-08-09T15:27:53.265806+00:00
chinanews:/sh/2026/01-26/10559256,走边关学非遗探自然 云南爱心托管班助力少年儿童多彩成长,85.0,4,external_positive,A,生产基线,3,60,Alibaba,deepseek/deepseek-v4-flash,False,message.content,60,60,,,gen-1786289603-pNAkJLwluBCgEVxx3gv8,stop,10.353493198752403,1,ok,,b34ae0aed93cc4c40e86f3c0506b35e581107f3ff665c7bf96237245ee18842f,f11d7e4632b66f9e236c88f54101701a9679fbedcfd8c876d503c024f3223920,fe9a830b0280dfff29f96190c051e37d56954ea177bdcc6389d86aa43a431d95,2026-08-09T15:33:32.552079+00:00
chinanews:/sh/2026/01-26/10559256,走边关学非遗探自然 云南爱心托管班助力少年儿童多彩成长,85.0,4,external_positive,D,固定 provider + 关闭 reasoning,1,65,Alibaba,deepseek/deepseek-v4-flash,False,message.content,65,65,,,gen-1786289264-574tFPhyPOB1X7kbyKmW,stop,2.5201971977949142,1,ok,,b34ae0aed93cc4c40e86f3c0506b35e581107f3ff665c7bf96237245ee18842f,f11d7e4632b66f9e236c88f54101701a9679fbedcfd8c876d503c024f3223920,6a2f8ecc492366b3aa990bb9f37bde97ccebd4acedbb7458ea85768aae305811,2026-08-09T15:27:44.557578+00:00
chinanews:/sh/2026/01-26/10559256,走边关学非遗探自然 云南爱心托管班助力少年儿童多彩成长,85.0,4,external_positive,D,固定 provider + 关闭 reasoning,2,34,Alibaba,deepseek/deepseek-v4-flash,False,message.content,34,34,,,gen-1786289586-aaheGG2579xfFUiioiDm,stop,1.9116512015461922,1,ok,,b34ae0aed93cc4c40e86f3c0506b35e581107f3ff665c7bf96237245ee18842f,f11d7e4632b66f9e236c88f54101701a9679fbedcfd8c876d503c024f3223920,6a2f8ecc492366b3aa990bb9f37bde97ccebd4acedbb7458ea85768aae305811,2026-08-09T15:33:06.954658+00:00
chinanews:/sh/2026/01-26/10559256,走边关学非遗探自然 云南爱心托管班助力少年儿童多彩成长,85.0,4,external_positive,D,固定 provider + 关闭 reasoning,3,75,Alibaba,deepseek/deepseek-v4-flash,False,message.content,75,75,,,gen-1786289406-oxqJrJ17sAEJZWYnu9Wn,stop,1.4640283025801182,1,ok,,b34ae0aed93cc4c40e86f3c0506b35e581107f3ff665c7bf96237245ee18842f,f11d7e4632b66f9e236c88f54101701a9679fbedcfd8c876d503c024f3223920,6a2f8ecc492366b3aa990bb9f37bde97ccebd4acedbb7458ea85768aae305811,2026-08-09T15:30:06.695319+00:00
chinanews:/sh/2026/04-09/10600861,甘肃高台：百年校园“搭台”让古戏唱“新声”,65.0,3,external_positive,A,生产基线,1,45,Alibaba,deepseek/deepseek-v4-flash,False,message.content,45,45,,,gen-1786289447-iuJ1hbf3SfuAON7zDIzN,stop,7.924298096448183,1,ok,,798b95fdcab7a89f482934ab189a423eb5bdbfaa6be89aabe386a6154e5f3c76,607ca497caada99bdc0db68a3f2f863c1bc60096cf98916da4fef58d0524ffdc,70ca5d006fd05f1f300c5bd10851702eb99551f1b4d9a2e9b6de812955c507e6,2026-08-09T15:30:54.682140+00:00
chinanews:/sh/2026/04-09/10600861,甘肃高台：百年校园“搭台”让古戏唱“新声”,65.0,3,external_positive,A,生产基线,2,45,Alibaba,deepseek/deepseek-v4-flash,False,message.content,45,45,,,gen-1786289347-pBRe9BISgTLJZsfrZqVi,stop,5.628672398626804,1,ok,,798b95fdcab7a89f482934ab189a423eb5bdbfaa6be89aabe386a6154e5f3c76,607ca497caada99bdc0db68a3f2f863c1bc60096cf98916da4fef58d0524ffdc,70ca5d006fd05f1f300c5bd10851702eb99551f1b4d9a2e9b6de812955c507e6,2026-08-09T15:29:12.331506+00:00
chinanews:/sh/2026/04-09/10600861,甘肃高台：百年校园“搭台”让古戏唱“新声”,65.0,3,external_positive,A,生产基线,3,45,Alibaba,deepseek/deepseek-v4-flash,False,message.content,45,45,,,gen-1786289363-0krmKZv2dUcD1JxdsEVh,stop,4.443401202559471,1,ok,,798b95fdcab7a89f482934ab189a423eb5bdbfaa6be89aabe386a6154e5f3c76,607ca497caada99bdc0db68a3f2f863c1bc60096cf98916da4fef58d0524ffdc,70ca5d006fd05f1f300c5bd10851702eb99551f1b4d9a2e9b6de812955c507e6,2026-08-09T15:29:26.184113+00:00
chinanews:/sh/2026/04-09/10600861,甘肃高台：百年校园“搭台”让古戏唱“新声”,65.0,3,external_positive,D,固定 provider + 关闭 reasoning,1,75,Alibaba,deepseek/deepseek-v4-flash,False,message.content,75,75,,,gen-1786289479-3Zq3WYHVAVq2hSJKpPxy,stop,2.3578325025737286,1,ok,,798b95fdcab7a89f482934ab189a423eb5bdbfaa6be89aabe386a6154e5f3c76,607ca497caada99bdc0db68a3f2f863c1bc60096cf98916da4fef58d0524ffdc,16654e7a4100b976206fe43862bc313b6401b9c8226b808c3746a75a5609b255,2026-08-09T15:31:20.126420+00:00
chinanews:/sh/2026/04-09/10600861,甘肃高台：百年校园“搭台”让古戏唱“新声”,65.0,3,external_positive,D,固定 provider + 关闭 reasoning,2,45,Alibaba,deepseek/deepseek-v4-flash,False,message.content,45,45,,,gen-1786289385-vaZn46uW4QAb84VmMfaA,stop,1.5943132005631924,1,ok,,798b95fdcab7a89f482934ab189a423eb5bdbfaa6be89aabe386a6154e5f3c76,607ca497caada99bdc0db68a3f2f863c1bc60096cf98916da4fef58d0524ffdc,16654e7a4100b976206fe43862bc313b6401b9c8226b808c3746a75a5609b255,2026-08-09T15:29:45.281272+00:00
chinanews:/sh/2026/04-09/10600861,甘肃高台：百年校园“搭台”让古戏唱“新声”,65.0,3,external_positive,D,固定 provider + 关闭 reasoning,3,34,Alibaba,deepseek/deepseek-v4-flash,False,message.content,34,34,,,gen-1786289708-99GMu5fqtULHPEO3J34Z,stop,1.6041212975978851,1,ok,,798b95fdcab7a89f482934ab189a423eb5bdbfaa6be89aabe386a6154e5f3c76,607ca497caada99bdc0db68a3f2f863c1bc60096cf98916da4fef58d0524ffdc,16654e7a4100b976206fe43862bc313b6401b9c8226b808c3746a75a5609b255,2026-08-09T15:35:08.380604+00:00
chinanews:/txy/2026/06-12/10638944,“地域+领域”组团式帮扶 助力毕节打造人才“金钥匙”,0.0,0,internal_positive,A,生产基线,1,0,Alibaba,deepseek/deepseek-v4-flash,False,message.content,0,0,,,gen-1786289390-sQRmkJZbSh99dQFiLr6f,stop,10.12197269871831,1,ok,,ea15c6f1d4174d8096ca132c4440bb096dda76c428d929b4ffbf88b3efb25a8c,3143f5db067d10f420d7334ff02cb1d986e6f9687703b5fb7820ed97ac4bc57c,9d93825bd8311606d5f3c5dd0fcc23546edbbd271acd4a40bd85a2c5f157cc8d,2026-08-09T15:29:59.271643+00:00
chinanews:/txy/2026/06-12/10638944,“地域+领域”组团式帮扶 助力毕节打造人才“金钥匙”,0.0,0,internal_positive,A,生产基线,2,0,Alibaba,deepseek/deepseek-v4-flash,False,message.content,0,0,,,gen-1786289302-nwJFCQOgY3TCpkmzzlQZ,stop,8.700693000108004,1,ok,,ea15c6f1d4174d8096ca132c4440bb096dda76c428d929b4ffbf88b3efb25a8c,3143f5db067d10f420d7334ff02cb1d986e6f9687703b5fb7820ed97ac4bc57c,9d93825bd8311606d5f3c5dd0fcc23546edbbd271acd4a40bd85a2c5f157cc8d,2026-08-09T15:28:30.000491+00:00
chinanews:/txy/2026/06-12/10638944,“地域+领域”组团式帮扶 助力毕节打造人才“金钥匙”,0.0,0,internal_positive,A,生产基线,3,5,Alibaba,deepseek/deepseek-v4-flash,False,message.content,5,5,,,gen-1786289314-ek3zMrzuGHXLHUAqQMBA,stop,5.923813302069902,1,ok,,ea15c6f1d4174d8096ca132c4440bb096dda76c428d929b4ffbf88b3efb25a8c,3143f5db067d10f420d7334ff02cb1d986e6f9687703b5fb7820ed97ac4bc57c,9d93825bd8311606d5f3c5dd0fcc23546edbbd271acd4a40bd85a2c5f157cc8d,2026-08-09T15:28:38.883974+00:00
chinanews:/txy/2026/06-12/10638944,“地域+领域”组团式帮扶 助力毕节打造人才“金钥匙”,0.0,0,internal_positive,D,固定 provider + 关闭 reasoning,1,15,Alibaba,deepseek/deepseek-v4-flash,False,message.content,15,15,,,gen-1786289320-fkcqTzjTO4VA5WsnZzSj,stop,1.4906052984297276,1,ok,,ea15c6f1d4174d8096ca132c4440bb096dda76c428d929b4ffbf88b3efb25a8c,3143f5db067d10f420d7334ff02cb1d986e6f9687703b5fb7820ed97ac4bc57c,0f03bc70821e654677e776c76056db19c4410ea46fbf20108e88d1bfecb5959c,2026-08-09T15:28:40.375915+00:00
chinanews:/txy/2026/06-12/10638944,“地域+领域”组团式帮扶 助力毕节打造人才“金钥匙”,0.0,0,internal_positive,D,固定 provider + 关闭 reasoning,2,15,Alibaba,deepseek/deepseek-v4-flash,False,message.content,15,15,,,gen-1786289268-mkcKJmZIsZTECMN9tir7,stop,1.5350056998431683,1,ok,,ea15c6f1d4174d8096ca132c4440bb096dda76c428d929b4ffbf88b3efb25a8c,3143f5db067d10f420d7334ff02cb1d986e6f9687703b5fb7820ed97ac4bc57c,0f03bc70821e654677e776c76056db19c4410ea46fbf20108e88d1bfecb5959c,2026-08-09T15:27:48.980391+00:00
chinanews:/txy/2026/06-12/10638944,“地域+领域”组团式帮扶 助力毕节打造人才“金钥匙”,0.0,0,internal_positive,D,固定 provider + 关闭 reasoning,3,15,Alibaba,deepseek/deepseek-v4-flash,False,message.content,15,15,,,gen-1786289617-glItMv1Tq7dGUGKEF8vF,stop,1.9375126995146275,1,ok,,ea15c6f1d4174d8096ca132c4440bb096dda76c428d929b4ffbf88b3efb25a8c,3143f5db067d10f420d7334ff02cb1d986e6f9687703b5fb7820ed97ac4bc57c,0f03bc70821e654677e776c76056db19c4410ea46fbf20108e88d1bfecb5959c,2026-08-09T15:33:38.003926+00:00
chinanews:/ty/shipin/cns-d/2026/03-09/news1048642,孙颖莎寄语青少年：不要害怕困难和挫折 要及时总结相信自己,10.0,0,external_positive,A,生产基线,1,0,Alibaba,deepseek/deepseek-v4-flash,False,message.content,0,0,,,gen-1786289568-xRj08gTVIMkBEG7WrgwJ,stop,10.701143600046635,1,ok,,a3a79b8d45b5a91bf2a5ba6caf37ebf777415077a1aed9f16f972c871d13e4a8,83c8a93a5847f24427fbc544dbf1d202c9dce9a9ba1b9c6d61d22f892027d4d6,22f0b52b9989d6eff6a77a045a76835226c8bb398b4af16a8dccbdad23724e85,2026-08-09T15:32:58.252611+00:00
chinanews:/ty/shipin/cns-d/2026/03-09/news1048642,孙颖莎寄语青少年：不要害怕困难和挫折 要及时总结相信自己,10.0,0,external_positive,A,生产基线,2,10,Alibaba,deepseek/deepseek-v4-flash,False,message.content,10,10,,,gen-1786289288-dbFDdZPQhk7EbmdcBox8,stop,2.924695000052452,1,ok,,a3a79b8d45b5a91bf2a5ba6caf37ebf777415077a1aed9f16f972c871d13e4a8,83c8a93a5847f24427fbc544dbf1d202c9dce9a9ba1b9c6d61d22f892027d4d6,22f0b52b9989d6eff6a77a045a76835226c8bb398b4af16a8dccbdad23724e85,2026-08-09T15:28:09.846077+00:00
chinanews:/ty/shipin/cns-d/2026/03-09/news1048642,孙颖莎寄语青少年：不要害怕困难和挫折 要及时总结相信自己,10.0,0,external_positive,A,生产基线,3,0,Alibaba,deepseek/deepseek-v4-flash,False,message.content,0,0,,,gen-1786289452-S7pqiRb0VJnBthJxwxJ5,stop,5.614842999726534,1,ok,,a3a79b8d45b5a91bf2a5ba6caf37ebf777415077a1aed9f16f972c871d13e4a8,83c8a93a5847f24427fbc544dbf1d202c9dce9a9ba1b9c6d61d22f892027d4d6,22f0b52b9989d6eff6a77a045a76835226c8bb398b4af16a8dccbdad23724e85,2026-08-09T15:30:56.011453+00:00
chinanews:/ty/shipin/cns-d/2026/03-09/news1048642,孙颖莎寄语青少年：不要害怕困难和挫折 要及时总结相信自己,10.0,0,external_positive,D,固定 provider + 关闭 reasoning,1,34,Alibaba,deepseek/deepseek-v4-flash,False,message.content,34,34,,,gen-1786289582-tRd7B4lmlP4O0Rkz9aEX,stop,1.7142338007688522,1,ok,,a3a79b8d45b5a91bf2a5ba6caf37ebf777415077a1aed9f16f972c871d13e4a8,83c8a93a5847f24427fbc544dbf1d202c9dce9a9ba1b9c6d61d22f892027d4d6,854208dd84bf9a6c218e98ccd8db8818b0b75f8ddf4209cc808c4681cbfae6b7,2026-08-09T15:33:03.421210+00:00
chinanews:/ty/shipin/cns-d/2026/03-09/news1048642,孙颖莎寄语青少年：不要害怕困难和挫折 要及时总结相信自己,10.0,0,external_positive,D,固定 provider + 关闭 reasoning,2,34,Alibaba,deepseek/deepseek-v4-flash,False,message.content,34,34,,,gen-1786289339-YOB6SRTsTxuOMH0ozv2S,stop,1.449794001877308,1,ok,,a3a79b8d45b5a91bf2a5ba6caf37ebf777415077a1aed9f16f972c871d13e4a8,83c8a93a5847f24427fbc544dbf1d202c9dce9a9ba1b9c6d61d22f892027d4d6,854208dd84bf9a6c218e98ccd8db8818b0b75f8ddf4209cc808c4681cbfae6b7,2026-08-09T15:28:59.907432+00:00
chinanews:/ty/shipin/cns-d/2026/03-09/news1048642,孙颖莎寄语青少年：不要害怕困难和挫折 要及时总结相信自己,10.0,0,external_positive,D,固定 provider + 关闭 reasoning,3,0,Alibaba,deepseek/deepseek-v4-flash,False,message.content,0,0,,,gen-1786289431-I58Wp3kPlaPrBVM4IVP3,stop,2.4977891966700554,1,ok,,a3a79b8d45b5a91bf2a5ba6caf37ebf777415077a1aed9f16f972c871d13e4a8,83c8a93a5847f24427fbc544dbf1d202c9dce9a9ba1b9c6d61d22f892027d4d6,854208dd84bf9a6c218e98ccd8db8818b0b75f8ddf4209cc808c4681cbfae6b7,2026-08-09T15:30:31.872078+00:00
gmw:2026-06/21/content_38839090,南美西潘王陵：揭秘“王的宝藏”,0.0,0,internal_positive,A,生产基线,1,0,Alibaba,deepseek/deepseek-v4-flash,False,message.content,0,0,,,gen-1786289411-iJYb6o2GZ1GtL3ITj0Hk,stop,9.453122299164534,1,ok,,12b311a48c4f59e0b118c60e5604ecdb19914b15846d67dc23420e5d9998eeec,42ff5eba22a9b10da76ff248093bbe4a97d5057c4f44e4884a1f471b0c3b5762,c6f49810cd600c173917251b7ad3bb85b9d3b71f99f8653f7e00961832310795,2026-08-09T15:30:19.502675+00:00
gmw:2026-06/21/content_38839090,南美西潘王陵：揭秘“王的宝藏”,0.0,0,internal_positive,A,生产基线,2,10,Alibaba,deepseek/deepseek-v4-flash,False,message.content,10,10,,,gen-1786289426-cNT6qZGGHHUHTB3r8NbV,stop,16.551213700324297,1,ok,,12b311a48c4f59e0b118c60e5604ecdb19914b15846d67dc23420e5d9998eeec,42ff5eba22a9b10da76ff248093bbe4a97d5057c4f44e4884a1f471b0c3b5762,c6f49810cd600c173917251b7ad3bb85b9d3b71f99f8653f7e00961832310795,2026-08-09T15:30:41.556627+00:00
gmw:2026-06/21/content_38839090,南美西潘王陵：揭秘“王的宝藏”,0.0,0,internal_positive,A,生产基线,3,0,Alibaba,deepseek/deepseek-v4-flash,False,message.content,0,0,,,gen-1786289415-mMMY2vSkPUWyh82XjALj,stop,11.06733400002122,1,ok,,12b311a48c4f59e0b118c60e5604ecdb19914b15846d67dc23420e5d9998eeec,42ff5eba22a9b10da76ff248093bbe4a97d5057c4f44e4884a1f471b0c3b5762,c6f49810cd600c173917251b7ad3bb85b9d3b71f99f8653f7e00961832310795,2026-08-09T15:30:25.431559+00:00
gmw:2026-06/21/content_38839090,南美西潘王陵：揭秘“王的宝藏”,0.0,0,internal_positive,D,固定 provider + 关闭 reasoning,1,0,Alibaba,deepseek/deepseek-v4-flash,False,message.content,0,0,,,gen-1786289690-A66DBHhYMSAzOYlnfgcI,stop,1.5620908997952938,1,ok,,12b311a48c4f59e0b118c60e5604ecdb19914b15846d67dc23420e5d9998eeec,42ff5eba22a9b10da76ff248093bbe4a97d5057c4f44e4884a1f471b0c3b5762,47510eb42a1b145285b2a77dfe2b3f343f152fd0ca18ea180dc36d5d522285b0,2026-08-09T15:34:51.046610+00:00
gmw:2026-06/21/content_38839090,南美西潘王陵：揭秘“王的宝藏”,0.0,0,internal_positive,D,固定 provider + 关闭 reasoning,2,0,Alibaba,deepseek/deepseek-v4-flash,False,message.content,0,0,,,gen-1786289326-VcJo4kAEGeOqIi741aCC,stop,1.7869435027241707,1,ok,,12b311a48c4f59e0b118c60e5604ecdb19914b15846d67dc23420e5d9998eeec,42ff5eba22a9b10da76ff248093bbe4a97d5057c4f44e4884a1f471b0c3b5762,47510eb42a1b145285b2a77dfe2b3f343f152fd0ca18ea180dc36d5d522285b0,2026-08-09T15:28:46.930797+00:00
gmw:2026-06/21/content_38839090,南美西潘王陵：揭秘“王的宝藏”,0.0,0,internal_positive,D,固定 provider + 关闭 reasoning,3,0,Alibaba,deepseek/deepseek-v4-flash,False,message.content,0,0,,,gen-1786289376-RQOrkCsKJ6XrFB7L8qBt,stop,2.136244598776102,1,ok,,12b311a48c4f59e0b118c60e5604ecdb19914b15846d67dc23420e5d9998eeec,42ff5eba22a9b10da76ff248093bbe4a97d5057c4f44e4884a1f471b0c3b5762,47510eb42a1b145285b2a77dfe2b3f343f152fd0ca18ea180dc36d5d522285b0,2026-08-09T15:29:37.773883+00:00
jyb:/rmtsy1240/zt/jyyzpzt/202603/t20260310_2111452618,AI时代，重申教育的核心价值,70.0,3,internal_positive,A,生产基线,1,60,Alibaba,deepseek/deepseek-v4-flash,False,message.content,60,60,,,gen-1786289384-fNXiQdNorToBh50vy76e,stop,14.761771500110626,1,ok,,4e9b8bb20238774d5934d7e7d721a1f2cded05ee1470fa04a15a7657e11ca5c2,577c367c9c77670fc95709b0bab3d26d6f0af808c115d391be9102af355a7b7c,989ca521e191553ec53b551afbec2c4a1a4272b1c2147f7c6fc811ca312dad52,2026-08-09T15:29:57.529514+00:00
jyb:/rmtsy1240/zt/jyyzpzt/202603/t20260310_2111452618,AI时代，重申教育的核心价值,70.0,3,internal_positive,A,生产基线,2,55,Alibaba,deepseek/deepseek-v4-flash,False,message.content,55,55,,,gen-1786289575-DaDKtEn8nEr2iTUJ1jxb,stop,12.640618801116943,1,ok,,4e9b8bb20238774d5934d7e7d721a1f2cded05ee1470fa04a15a7657e11ca5c2,577c367c9c77670fc95709b0bab3d26d6f0af808c115d391be9102af355a7b7c,989ca521e191553ec53b551afbec2c4a1a4272b1c2147f7c6fc811ca312dad52,2026-08-09T15:33:06.731229+00:00
jyb:/rmtsy1240/zt/jyyzpzt/202603/t20260310_2111452618,AI时代，重申教育的核心价值,70.0,3,internal_positive,A,生产基线,3,27,Alibaba,deepseek/deepseek-v4-flash,False,message.content,27,27,,,gen-1786289537-19V2re459jjMl3VKwGgl,stop,5.0653061009943485,1,ok,,4e9b8bb20238774d5934d7e7d721a1f2cded05ee1470fa04a15a7657e11ca5c2,577c367c9c77670fc95709b0bab3d26d6f0af808c115d391be9102af355a7b7c,989ca521e191553ec53b551afbec2c4a1a4272b1c2147f7c6fc811ca312dad52,2026-08-09T15:32:21.044415+00:00
jyb:/rmtsy1240/zt/jyyzpzt/202603/t20260310_2111452618,AI时代，重申教育的核心价值,70.0,3,internal_positive,D,固定 provider + 关闭 reasoning,1,15,Alibaba,deepseek/deepseek-v4-flash,False,message.content,15,15,,,gen-1786289629-YiitwX73oRpWbcNV06Y8,stop,2.4040617011487484,1,ok,,4e9b8bb20238774d5934d7e7d721a1f2cded05ee1470fa04a15a7657e11ca5c2,577c367c9c77670fc95709b0bab3d26d6f0af808c115d391be9102af355a7b7c,0be53647b77e884261dbf26886061acc6d32a4199ce07e77d3fe9f2c99b0b3f2,2026-08-09T15:33:50.215766+00:00
jyb:/rmtsy1240/zt/jyyzpzt/202603/t20260310_2111452618,AI时代，重申教育的核心价值,70.0,3,internal_positive,D,固定 provider + 关闭 reasoning,2,15,Alibaba,deepseek/deepseek-v4-flash,False,message.content,15,15,,,gen-1786289501-cNc6ssSG7nrcGUzOBdio,stop,5.649398900568485,1,ok,,4e9b8bb20238774d5934d7e7d721a1f2cded05ee1470fa04a15a7657e11ca5c2,577c367c9c77670fc95709b0bab3d26d6f0af808c115d391be9102af355a7b7c,0be53647b77e884261dbf26886061acc6d32a4199ce07e77d3fe9f2c99b0b3f2,2026-08-09T15:31:45.827984+00:00
jyb:/rmtsy1240/zt/jyyzpzt/202603/t20260310_2111452618,AI时代，重申教育的核心价值,70.0,3,internal_positive,D,固定 provider + 关闭 reasoning,3,15,Alibaba,deepseek/deepseek-v4-flash,False,message.content,15,15,,,gen-1786289499-axW0qoKKHdUVPXm7Y23Q,stop,7.60579139739275,1,ok,,4e9b8bb20238774d5934d7e7d721a1f2cded05ee1470fa04a15a7657e11ca5c2,577c367c9c77670fc95709b0bab3d26d6f0af808c115d391be9102af355a7b7c,0be53647b77e884261dbf26886061acc6d32a4199ce07e77d3fe9f2c99b0b3f2,2026-08-09T15:31:45.412618+00:00
jyb:/rmtxwwyyq/jyxx1306/202507/t20250709_2111368362,从资源到课堂 用数智微光托举乡村小学数学教师专业成长桂林学院为乡村小学数学教师专业成长领航,85.0,4,external_positive,A,生产基线,1,62,Alibaba,deepseek/deepseek-v4-flash,False,message.content,62,62,,,gen-1786289669-3tTkQSqrWhNnY9APW0SA,stop,12.952575899660587,1,ok,,7131c871f23b7cfb99a133f9ef2e689651d9c8bdc9d1a3ab0d060e574d5caffe,d2d6bf0312712c1f8d77bf4c2f7dde12ec278facf83571a54df5e1c1fa7b8497,ce5d11b0d74da3656793dc2ea08cbd944f6af6f68c3c5d3b028e85d4c7352dea,2026-08-09T15:34:41.811904+00:00
jyb:/rmtxwwyyq/jyxx1306/202507/t20250709_2111368362,从资源到课堂 用数智微光托举乡村小学数学教师专业成长桂林学院为乡村小学数学教师专业成长领航,85.0,4,external_positive,A,生产基线,2,55,Alibaba,deepseek/deepseek-v4-flash,False,message.content,55,55,,,gen-1786289662-gMjVeZAFSlNZPSi30I2J,stop,9.772344898432493,1,ok,,7131c871f23b7cfb99a133f9ef2e689651d9c8bdc9d1a3ab0d060e574d5caffe,d2d6bf0312712c1f8d77bf4c2f7dde12ec278facf83571a54df5e1c1fa7b8497,ce5d11b0d74da3656793dc2ea08cbd944f6af6f68c3c5d3b028e85d4c7352dea,2026-08-09T15:34:31.110567+00:00
jyb:/rmtxwwyyq/jyxx1306/202507/t20250709_2111368362,从资源到课堂 用数智微光托举乡村小学数学教师专业成长桂林学院为乡村小学数学教师专业成长领航,85.0,4,external_positive,A,生产基线,3,55,Alibaba,deepseek/deepseek-v4-flash,False,message.content,55,55,,,gen-1786289317-5gyQrQMhOW4ceMuNR6lC,stop,9.621159199625254,1,ok,,7131c871f23b7cfb99a133f9ef2e689651d9c8bdc9d1a3ab0d060e574d5caffe,d2d6bf0312712c1f8d77bf4c2f7dde12ec278facf83571a54df5e1c1fa7b8497,ce5d11b0d74da3656793dc2ea08cbd944f6af6f68c3c5d3b028e85d4c7352dea,2026-08-09T15:28:46.296042+00:00
jyb:/rmtxwwyyq/jyxx1306/202507/t20250709_2111368362,从资源到课堂 用数智微光托举乡村小学数学教师专业成长桂林学院为乡村小学数学教师专业成长领航,85.0,4,external_positive,D,固定 provider + 关闭 reasoning,1,75,Alibaba,deepseek/deepseek-v4-flash,False,message.content,75,75,,,gen-1786289585-ryZkGFIgy6VvGcRvyzNr,stop,1.6851490996778011,1,ok,,7131c871f23b7cfb99a133f9ef2e689651d9c8bdc9d1a3ab0d060e574d5caffe,d2d6bf0312712c1f8d77bf4c2f7dde12ec278facf83571a54df5e1c1fa7b8497,a5399eb7b73254810f89f7a1a8d6169b9de713a67a58f1d3484c0be86c87fa32,2026-08-09T15:33:06.273729+00:00
jyb:/rmtxwwyyq/jyxx1306/202507/t20250709_2111368362,从资源到课堂 用数智微光托举乡村小学数学教师专业成长桂林学院为乡村小学数学教师专业成长领航,85.0,4,external_positive,D,固定 provider + 关闭 reasoning,2,75,Alibaba,deepseek/deepseek-v4-flash,False,message.content,75,75,,,gen-1786289453-NCdQ6I9y24Z68zOzdfM3,stop,1.741077497601509,1,ok,,7131c871f23b7cfb99a133f9ef2e689651d9c8bdc9d1a3ab0d060e574d5caffe,d2d6bf0312712c1f8d77bf4c2f7dde12ec278facf83571a54df5e1c1fa7b8497,a5399eb7b73254810f89f7a1a8d6169b9de713a67a58f1d3484c0be86c87fa32,2026-08-09T15:30:54.553819+00:00
jyb:/rmtxwwyyq/jyxx1306/202507/t20250709_2111368362,从资源到课堂 用数智微光托举乡村小学数学教师专业成长桂林学院为乡村小学数学教师专业成长领航,85.0,4,external_positive,D,固定 provider + 关闭 reasoning,3,75,Alibaba,deepseek/deepseek-v4-flash,False,message.content,75,75,,,gen-1786289545-KIgvFcagotEQgqKSzoxi,stop,1.7161015011370182,1,ok,,7131c871f23b7cfb99a133f9ef2e689651d9c8bdc9d1a3ab0d060e574d5caffe,d2d6bf0312712c1f8d77bf4c2f7dde12ec278facf83571a54df5e1c1fa7b8497,a5399eb7b73254810f89f7a1a8d6169b9de713a67a58f1d3484c0be86c87fa32,2026-08-09T15:32:25.960764+00:00
jyb:/rmtxwwyyq/jyxx1306/202607/t20260706_2111499339,四川老年学学会老年健康教育专委会第三次学术会议在达州召开,60.0,3,external_positive,D,固定 provider + 关闭 reasoning,1,34,Alibaba,deepseek/deepseek-v4-flash,False,message.content,34,34,,,gen-1786289666-PEINUWFieFkrsT9mX1oO,stop,1.7432455010712147,1,ok,,2a18f475921fea8eb34ccf66dd4faa33a89391c320e14e2a28073972d89863b3,954c973bbdddecc7e4299558ee35b4f09b207b4586436734ed545500f47adc28,bd41d63dcdb6eac75cc0051ed7d5c7c127f1a1b80ebb59ca0e1e71659a4a248a,2026-08-09T15:34:26.684767+00:00
jyb:/rmtxwwyyq/jyxx1306/202607/t20260706_2111499339,四川老年学学会老年健康教育专委会第三次学术会议在达州召开,60.0,3,external_positive,D,固定 provider + 关闭 reasoning,2,25,Alibaba,deepseek/deepseek-v4-flash,False,message.content,25,25,,,gen-1786289385-CfNqfcpntchcfPlchUDy,stop,2.306461200118065,1,ok,,2a18f475921fea8eb34ccf66dd4faa33a89391c320e14e2a28073972d89863b3,954c973bbdddecc7e4299558ee35b4f09b207b4586436734ed545500f47adc28,bd41d63dcdb6eac75cc0051ed7d5c7c127f1a1b80ebb59ca0e1e71659a4a248a,2026-08-09T15:29:45.868909+00:00
jyb:/rmtxwwyyq/jyxx1306/202607/t20260706_2111499339,四川老年学学会老年健康教育专委会第三次学术会议在达州召开,60.0,3,external_positive,D,固定 provider + 关闭 reasoning,3,34,Alibaba,deepseek/deepseek-v4-flash,False,message.content,34,34,,,gen-1786289525-K32le3tylsoO2ab5zbdO,stop,1.920007199048996,1,ok,,2a18f475921fea8eb34ccf66dd4faa33a89391c320e14e2a28073972d89863b3,954c973bbdddecc7e4299558ee35b4f09b207b4586436734ed545500f47adc28,bd41d63dcdb6eac75cc0051ed7d5c7c127f1a1b80ebb59ca0e1e71659a4a248a,2026-08-09T15:32:06.653692+00:00
jyb:/rmtxwwyyq/jyxx1306/202607/t20260706_2111499339,四川老年学学会老年健康教育专委会第三次学术会议在达州召开,60.0,3,external_positive,D,固定 provider + 关闭 reasoning,4,0,Alibaba,deepseek/deepseek-v4-flash,False,message.content,0,0,,,gen-1786289287-bWmW97AJvsqUM0ecjNr8,stop,1.589029498398304,1,ok,,2a18f475921fea8eb34ccf66dd4faa33a89391c320e14e2a28073972d89863b3,954c973bbdddecc7e4299558ee35b4f09b207b4586436734ed545500f47adc28,bd41d63dcdb6eac75cc0051ed7d5c7c127f1a1b80ebb59ca0e1e71659a4a248a,2026-08-09T15:28:07.976729+00:00
jyb:/rmtxwwyyq/jyxx1306/202607/t20260706_2111499339,四川老年学学会老年健康教育专委会第三次学术会议在达州召开,60.0,3,external_positive,D,固定 provider + 关闭 reasoning,5,34,Alibaba,deepseek/deepseek-v4-flash,False,message.content,34,34,,,gen-1786289641-MWX7VeXI7JN6wiV56bpW,stop,1.6727508008480072,1,ok,,2a18f475921fea8eb34ccf66dd4faa33a89391c320e14e2a28073972d89863b3,954c973bbdddecc7e4299558ee35b4f09b207b4586436734ed545500f47adc28,bd41d63dcdb6eac75cc0051ed7d5c7c127f1a1b80ebb59ca0e1e71659a4a248a,2026-08-09T15:34:02.107829+00:00
jyb:/rmtzcg/xwy/wzxw/202605/t20260506_2111474941,《中华优秀传统文化主题教学丛书》新书发布暨出版座谈会在京举行,85.0,4,internal_positive,A,生产基线,1,65,Alibaba,deepseek/deepseek-v4-flash,False,message.content,65,65,,,gen-1786289407-mliZaeNZV8sc5ijqcYUu,stop,5.223805300891399,1,ok,,76543bdd51d82f4ef81f2e160e800c0c528a1e6996ddce232c016193585ed903,a11bcdd493984141c0c171abc6fd7eba6b7d886ddc66cb536a1131f683a0ae8d,0301aaa3bdf4ab6f05588a18f6f995f5125b43dc8dc300a52e0ef95f4b228c02,2026-08-09T15:30:11.149198+00:00
jyb:/rmtzcg/xwy/wzxw/202605/t20260506_2111474941,《中华优秀传统文化主题教学丛书》新书发布暨出版座谈会在京举行,85.0,4,internal_positive,A,生产基线,2,65,Alibaba,deepseek/deepseek-v4-flash,False,message.content,65,65,,,gen-1786289646-4KXyBqVaXrsTlaaiMlJ5,stop,14.639494497328997,1,ok,,76543bdd51d82f4ef81f2e160e800c0c528a1e6996ddce232c016193585ed903,a11bcdd493984141c0c171abc6fd7eba6b7d886ddc66cb536a1131f683a0ae8d,0301aaa3bdf4ab6f05588a18f6f995f5125b43dc8dc300a52e0ef95f4b228c02,2026-08-09T15:34:20.198187+00:00
jyb:/rmtzcg/xwy/wzxw/202605/t20260506_2111474941,《中华优秀传统文化主题教学丛书》新书发布暨出版座谈会在京举行,85.0,4,internal_positive,A,生产基线,3,55,Alibaba,deepseek/deepseek-v4-flash,False,message.content,55,55,,,gen-1786289564-EYPJzULQj5ady8ihRnAD,stop,11.878232602030039,1,ok,,76543bdd51d82f4ef81f2e160e800c0c528a1e6996ddce232c016193585ed903,a11bcdd493984141c0c171abc6fd7eba6b7d886ddc66cb536a1131f683a0ae8d,0301aaa3bdf4ab6f05588a18f6f995f5125b43dc8dc300a52e0ef95f4b228c02,2026-08-09T15:32:54.553746+00:00
jyb:/rmtzcg/xwy/wzxw/202605/t20260506_2111474941,《中华优秀传统文化主题教学丛书》新书发布暨出版座谈会在京举行,85.0,4,internal_positive,D,固定 provider + 关闭 reasoning,1,75,Alibaba,deepseek/deepseek-v4-flash,False,message.content,75,75,,,gen-1786289601-xcdaWHr47otzmdBAVSkA,stop,1.5373178981244564,1,ok,,76543bdd51d82f4ef81f2e160e800c0c528a1e6996ddce232c016193585ed903,a11bcdd493984141c0c171abc6fd7eba6b7d886ddc66cb536a1131f683a0ae8d,8e7fafb2887744735dcf91411694caee26a9b3657c746027813e00273df9806b,2026-08-09T15:33:22.197194+00:00
jyb:/rmtzcg/xwy/wzxw/202605/t20260506_2111474941,《中华优秀传统文化主题教学丛书》新书发布暨出版座谈会在京举行,85.0,4,internal_positive,D,固定 provider + 关闭 reasoning,2,75,Alibaba,deepseek/deepseek-v4-flash,False,message.content,75,75,,,gen-1786289375-6rBGVBdykaKNoQ5YEE2g,stop,1.7321931011974812,1,ok,,76543bdd51d82f4ef81f2e160e800c0c528a1e6996ddce232c016193585ed903,a11bcdd493984141c0c171abc6fd7eba6b7d886ddc66cb536a1131f683a0ae8d,8e7fafb2887744735dcf91411694caee26a9b3657c746027813e00273df9806b,2026-08-09T15:29:35.752338+00:00
jyb:/rmtzcg/xwy/wzxw/202605/t20260506_2111474941,《中华优秀传统文化主题教学丛书》新书发布暨出版座谈会在京举行,85.0,4,internal_positive,D,固定 provider + 关闭 reasoning,3,75,Alibaba,deepseek/deepseek-v4-flash,False,message.content,75,75,,,gen-1786289464-PbMbNBMFJwryj0JT40Py,stop,1.9703569002449512,1,ok,,76543bdd51d82f4ef81f2e160e800c0c528a1e6996ddce232c016193585ed903,a11bcdd493984141c0c171abc6fd7eba6b7d886ddc66cb536a1131f683a0ae8d,8e7fafb2887744735dcf91411694caee26a9b3657c746027813e00273df9806b,2026-08-09T15:31:04.912105+00:00
jyb:/rmtzgjyb/202511/t20251124_2111416917,“孩子们，笑一笑，比个‘耶’”,70.0,3,external_positive,A,生产基线,1,55,Alibaba,deepseek/deepseek-v4-flash,False,message.content,55,55,,,gen-1786289328-x3RihO2T3TxwZSghfB8I,stop,9.284083601087332,1,ok,,601915c582a5863b526dc571e8303780153a384d98c3cca19fcab6782857c142,46b01a7d6b3df21c6e34dcd32766533406f08d5b77f37d985d195ff5c43290f0,a104cbd834064ea090f9d3c867bafc291c8cda0323147f72c54131111762b256,2026-08-09T15:28:56.216258+00:00
jyb:/rmtzgjyb/202511/t20251124_2111416917,“孩子们，笑一笑，比个‘耶’”,70.0,3,external_positive,A,生产基线,2,75,Alibaba,deepseek/deepseek-v4-flash,False,message.content,75,75,,,gen-1786289455-BvKrEWN17vB1eCf4zFHM,stop,11.09759259968996,1,ok,,601915c582a5863b526dc571e8303780153a384d98c3cca19fcab6782857c142,46b01a7d6b3df21c6e34dcd32766533406f08d5b77f37d985d195ff5c43290f0,a104cbd834064ea090f9d3c867bafc291c8cda0323147f72c54131111762b256,2026-08-09T15:31:05.652898+00:00
jyb:/rmtzgjyb/202511/t20251124_2111416917,“孩子们，笑一笑，比个‘耶’”,70.0,3,external_positive,A,生产基线,3,45,Alibaba,deepseek/deepseek-v4-flash,False,message.content,45,45,,,gen-1786289331-tcZX6HFeqo2a51L8Mqa1,stop,9.800263598561287,1,ok,,601915c582a5863b526dc571e8303780153a384d98c3cca19fcab6782857c142,46b01a7d6b3df21c6e34dcd32766533406f08d5b77f37d985d195ff5c43290f0,a104cbd834064ea090f9d3c867bafc291c8cda0323147f72c54131111762b256,2026-08-09T15:29:00.588785+00:00
jyb:/rmtzgjyb/202511/t20251124_2111416917,“孩子们，笑一笑，比个‘耶’”,70.0,3,external_positive,D,固定 provider + 关闭 reasoning,1,72,Alibaba,deepseek/deepseek-v4-flash,False,message.content,72,72,,,gen-1786289686-UtGUPWjyYZngXuwRVWfZ,stop,1.7582066990435123,1,ok,,601915c582a5863b526dc571e8303780153a384d98c3cca19fcab6782857c142,46b01a7d6b3df21c6e34dcd32766533406f08d5b77f37d985d195ff5c43290f0,0c6b78e75057f06f972fdc68e66ef83114d375a3e7999b58464d4cd14cfc5b6c,2026-08-09T15:34:46.828276+00:00
jyb:/rmtzgjyb/202511/t20251124_2111416917,“孩子们，笑一笑，比个‘耶’”,70.0,3,external_positive,D,固定 provider + 关闭 reasoning,2,34,Alibaba,deepseek/deepseek-v4-flash,False,message.content,34,34,,,gen-1786289532-V3wn0rInFGyiQsOxET1B,stop,1.7456201985478401,1,ok,,601915c582a5863b526dc571e8303780153a384d98c3cca19fcab6782857c142,46b01a7d6b3df21c6e34dcd32766533406f08d5b77f37d985d195ff5c43290f0,0c6b78e75057f06f972fdc68e66ef83114d375a3e7999b58464d4cd14cfc5b6c,2026-08-09T15:32:13.158820+00:00
jyb:/rmtzgjyb/202511/t20251124_2111416917,“孩子们，笑一笑，比个‘耶’”,70.0,3,external_positive,D,固定 provider + 关闭 reasoning,3,72,Alibaba,deepseek/deepseek-v4-flash,False,message.content,72,72,,,gen-1786289379-yokOggtVaBmw5UvD0slY,stop,1.6636737994849682,1,ok,,601915c582a5863b526dc571e8303780153a384d98c3cca19fcab6782857c142,46b01a7d6b3df21c6e34dcd32766533406f08d5b77f37d985d195ff5c43290f0,0c6b78e75057f06f972fdc68e66ef83114d375a3e7999b58464d4cd14cfc5b6c,2026-08-09T15:29:39.480083+00:00
jyb:/rmtzgjyb/202601/t20260110_2111435605,深刻把握教育面临的新使命新挑战,60.0,3,internal_positive,A,生产基线,1,78,Alibaba,deepseek/deepseek-v4-flash,False,message.content,78,78,,,gen-1786289531-j0ZApafy2KvxdnKoM6sx,stop,9.104251500219107,1,ok,,16b3d16700bc6e0eb94e39b69314b1ff998a5c364efcc547bbcf6e1f38809930,54be7afac5668a4f76a76547fa590c3f2dfad58743bc86bfb11ec8f5fddda03d,ad8bf755c70183d07af5b2b8dcb1c69322dd4a93b857a64bff6eb043d8be13c5,2026-08-09T15:32:19.278551+00:00
jyb:/rmtzgjyb/202601/t20260110_2111435605,深刻把握教育面临的新使命新挑战,60.0,3,internal_positive,A,生产基线,2,78,Alibaba,deepseek/deepseek-v4-flash,False,message.content,78,78,,,gen-1786289336-0V84VK27Yiv4ZkMV4pee,stop,7.497975002974272,1,ok,,16b3d16700bc6e0eb94e39b69314b1ff998a5c364efcc547bbcf6e1f38809930,54be7afac5668a4f76a76547fa590c3f2dfad58743bc86bfb11ec8f5fddda03d,ad8bf755c70183d07af5b2b8dcb1c69322dd4a93b857a64bff6eb043d8be13c5,2026-08-09T15:29:03.268391+00:00
jyb:/rmtzgjyb/202601/t20260110_2111435605,深刻把握教育面临的新使命新挑战,60.0,3,internal_positive,A,生产基线,3,78,Alibaba,deepseek/deepseek-v4-flash,False,message.content,78,78,,,gen-1786289398-VqJuSSesXTsxqIT4bw9T,stop,13.127643097192049,1,ok,,16b3d16700bc6e0eb94e39b69314b1ff998a5c364efcc547bbcf6e1f38809930,54be7afac5668a4f76a76547fa590c3f2dfad58743bc86bfb11ec8f5fddda03d,ad8bf755c70183d07af5b2b8dcb1c69322dd4a93b857a64bff6eb043d8be13c5,2026-08-09T15:30:10.048186+00:00
jyb:/rmtzgjyb/202601/t20260110_2111435605,深刻把握教育面临的新使命新挑战,60.0,3,internal_positive,D,固定 provider + 关闭 reasoning,1,85,Alibaba,deepseek/deepseek-v4-flash,False,message.content,85,85,,,gen-1786289573-EtMLcpbAQCT3QBVkVkY7,stop,1.4710661992430687,1,ok,,16b3d16700bc6e0eb94e39b69314b1ff998a5c364efcc547bbcf6e1f38809930,54be7afac5668a4f76a76547fa590c3f2dfad58743bc86bfb11ec8f5fddda03d,463d1e12d3044ca1fb0a37bd8a696f52f926ece65d169519790ae52fb12a0e23,2026-08-09T15:32:54.044052+00:00
jyb:/rmtzgjyb/202601/t20260110_2111435605,深刻把握教育面临的新使命新挑战,60.0,3,internal_positive,D,固定 provider + 关闭 reasoning,2,85,Alibaba,deepseek/deepseek-v4-flash,False,message.content,85,85,,,gen-1786289701-yiXvn9ammEaIN0ocBodW,stop,2.658977299928665,1,ok,,16b3d16700bc6e0eb94e39b69314b1ff998a5c364efcc547bbcf6e1f38809930,54be7afac5668a4f76a76547fa590c3f2dfad58743bc86bfb11ec8f5fddda03d,463d1e12d3044ca1fb0a37bd8a696f52f926ece65d169519790ae52fb12a0e23,2026-08-09T15:35:01.394663+00:00
jyb:/rmtzgjyb/202601/t20260110_2111435605,深刻把握教育面临的新使命新挑战,60.0,3,internal_positive,D,固定 provider + 关闭 reasoning,3,85,Alibaba,deepseek/deepseek-v4-flash,False,message.content,85,85,,,gen-1786289494-wCJkoqABkZA0nJchLXWl,stop,1.5048618018627167,1,ok,,16b3d16700bc6e0eb94e39b69314b1ff998a5c364efcc547bbcf6e1f38809930,54be7afac5668a4f76a76547fa590c3f2dfad58743bc86bfb11ec8f5fddda03d,463d1e12d3044ca1fb0a37bd8a696f52f926ece65d169519790ae52fb12a0e23,2026-08-09T15:31:34.602369+00:00
jyb:/rmtzgjyb/202606/t20260611_2111490047,多地增加高中学位供给——多元布局 特色赋能启新局,60.0,3,internal_positive,A,生产基线,1,12,Alibaba,deepseek/deepseek-v4-flash,False,message.content,12,12,,,gen-1786289480-ci9ESHuLCJ7UzORsFUJ0,stop,14.731710698455572,1,ok,,fe7a7ff63157f6c785090868d833514a36b28b991381b2265da70146220e872d,d37c090b85a62fd7af6ef7fb18c3219a0432c9339314795f6c1e31123e351cfc,6c076609d96c084d0d240cdf6e0ac291ab6488f620551659a1a82e6d54cc6dd3,2026-08-09T15:31:34.084349+00:00
jyb:/rmtzgjyb/202606/t20260611_2111490047,多地增加高中学位供给——多元布局 特色赋能启新局,60.0,3,internal_positive,A,生产基线,2,27,Alibaba,deepseek/deepseek-v4-flash,False,message.content,27,27,,,gen-1786289279-4zs6leiH1QyXYaAdwJje,stop,9.139688901603222,1,ok,,fe7a7ff63157f6c785090868d833514a36b28b991381b2265da70146220e872d,d37c090b85a62fd7af6ef7fb18c3219a0432c9339314795f6c1e31123e351cfc,6c076609d96c084d0d240cdf6e0ac291ab6488f620551659a1a82e6d54cc6dd3,2026-08-09T15:28:07.029497+00:00
jyb:/rmtzgjyb/202606/t20260611_2111490047,多地增加高中学位供给——多元布局 特色赋能启新局,60.0,3,internal_positive,A,生产基线,3,60,Alibaba,deepseek/deepseek-v4-flash,False,message.content,60,60,,,gen-1786289466-7ViaY0J9B0QuFXfs6XCK,stop,12.335027400404215,1,ok,,fe7a7ff63157f6c785090868d833514a36b28b991381b2265da70146220e872d,d37c090b85a62fd7af6ef7fb18c3219a0432c9339314795f6c1e31123e351cfc,6c076609d96c084d0d240cdf6e0ac291ab6488f620551659a1a82e6d54cc6dd3,2026-08-09T15:31:17.767231+00:00
jyb:/rmtzgjyb/202606/t20260611_2111490047,多地增加高中学位供给——多元布局 特色赋能启新局,60.0,3,internal_positive,D,固定 provider + 关闭 reasoning,1,65,Alibaba,deepseek/deepseek-v4-flash,False,message.content,65,65,,,gen-1786289710-PAcTT4kgR164tb7kQkWw,stop,1.5577492006123066,1,ok,,fe7a7ff63157f6c785090868d833514a36b28b991381b2265da70146220e872d,d37c090b85a62fd7af6ef7fb18c3219a0432c9339314795f6c1e31123e351cfc,72a556895a1625d35dbaffb3fac53f28166f205c9445492c0afaa41f1aa2fd01,2026-08-09T15:35:10.969989+00:00
jyb:/rmtzgjyb/202606/t20260611_2111490047,多地增加高中学位供给——多元布局 特色赋能启新局,60.0,3,internal_positive,D,固定 provider + 关闭 reasoning,2,20,Alibaba,deepseek/deepseek-v4-flash,False,message.content,20,20,,,gen-1786289612-pyQkRN3zK7iAj4oLKr0P,stop,1.649983700364828,1,ok,,fe7a7ff63157f6c785090868d833514a36b28b991381b2265da70146220e872d,d37c090b85a62fd7af6ef7fb18c3219a0432c9339314795f6c1e31123e351cfc,72a556895a1625d35dbaffb3fac53f28166f205c9445492c0afaa41f1aa2fd01,2026-08-09T15:33:32.920187+00:00
jyb:/rmtzgjyb/202606/t20260611_2111490047,多地增加高中学位供给——多元布局 特色赋能启新局,60.0,3,internal_positive,D,固定 provider + 关闭 reasoning,3,65,Alibaba,deepseek/deepseek-v4-flash,False,message.content,65,65,,,gen-1786289267-iCX7j2BpUiRdjzahcB9t,stop,3.912286199629307,1,ok,,fe7a7ff63157f6c785090868d833514a36b28b991381b2265da70146220e872d,d37c090b85a62fd7af6ef7fb18c3219a0432c9339314795f6c1e31123e351cfc,72a556895a1625d35dbaffb3fac53f28166f205c9445492c0afaa41f1aa2fd01,2026-08-09T15:27:48.471389+00:00
jyb:/rmtzgjyb/202606/t20260611_2111490047,多地增加高中学位供给——多元布局 特色赋能启新局,60.0,3,internal_positive,D,固定 provider + 关闭 reasoning,4,65,Alibaba,deepseek/deepseek-v4-flash,False,message.content,65,65,,,gen-1786289413-J5kZovpcpxp1G6S9oZjL,stop,1.642459001392126,1,ok,,fe7a7ff63157f6c785090868d833514a36b28b991381b2265da70146220e872d,d37c090b85a62fd7af6ef7fb18c3219a0432c9339314795f6c1e31123e351cfc,72a556895a1625d35dbaffb3fac53f28166f205c9445492c0afaa41f1aa2fd01,2026-08-09T15:30:14.362767+00:00
jyb:/rmtzgjyb/202606/t20260611_2111490047,多地增加高中学位供给——多元布局 特色赋能启新局,60.0,3,internal_positive,D,固定 provider + 关闭 reasoning,5,65,Alibaba,deepseek/deepseek-v4-flash,False,message.content,65,65,,,gen-1786289414-18M9Ts6QEznMqH5VJNuw,stop,1.7978551015257835,1,ok,,fe7a7ff63157f6c785090868d833514a36b28b991381b2265da70146220e872d,d37c090b85a62fd7af6ef7fb18c3219a0432c9339314795f6c1e31123e351cfc,72a556895a1625d35dbaffb3fac53f28166f205c9445492c0afaa41f1aa2fd01,2026-08-09T15:30:14.906231+00:00
jyb:/rmtzgjyb/202606/t20260611_2111490047,多地增加高中学位供给——多元布局 特色赋能启新局,60.0,3,internal_positive,D,固定 provider + 关闭 reasoning,6,65,Alibaba,deepseek/deepseek-v4-flash,False,message.content,65,65,,,gen-1786289631-b2kd65UnxSMkMYFeHnXk,stop,1.7758978009223938,1,ok,,fe7a7ff63157f6c785090868d833514a36b28b991381b2265da70146220e872d,d37c090b85a62fd7af6ef7fb18c3219a0432c9339314795f6c1e31123e351cfc,72a556895a1625d35dbaffb3fac53f28166f205c9445492c0afaa41f1aa2fd01,2026-08-09T15:33:51.641896+00:00
jyb:/rmtzgjyb/202606/t20260611_2111490047,多地增加高中学位供给——多元布局 特色赋能启新局,60.0,3,internal_positive,D,固定 provider + 关闭 reasoning,7,65,Alibaba,deepseek/deepseek-v4-flash,False,message.content,65,65,,,gen-1786289471-dp4SQnUr1MrWlcZzsctH,stop,1.6600764989852905,1,ok,,fe7a7ff63157f6c785090868d833514a36b28b991381b2265da70146220e872d,d37c090b85a62fd7af6ef7fb18c3219a0432c9339314795f6c1e31123e351cfc,72a556895a1625d35dbaffb3fac53f28166f205c9445492c0afaa41f1aa2fd01,2026-08-09T15:31:12.380137+00:00
jyb:/rmtzgjyb/202606/t20260611_2111490047,多地增加高中学位供给——多元布局 特色赋能启新局,60.0,3,internal_positive,D,固定 provider + 关闭 reasoning,8,65,Alibaba,deepseek/deepseek-v4-flash,False,message.content,65,65,,,gen-1786289617-Bk29duVam4g4Uw1glqg9,stop,1.7523267976939678,1,ok,,fe7a7ff63157f6c785090868d833514a36b28b991381b2265da70146220e872d,d37c090b85a62fd7af6ef7fb18c3219a0432c9339314795f6c1e31123e351cfc,72a556895a1625d35dbaffb3fac53f28166f205c9445492c0afaa41f1aa2fd01,2026-08-09T15:33:37.619357+00:00
jyb:/talents/202604/t20260421_2111469764,北京：怀柔区释放“雁栖十条”政策效能，打造青年人才创新创业生态区,85.0,4,internal_positive,A,生产基线,1,30,Alibaba,deepseek/deepseek-v4-flash,False,message.content,30,30,,,gen-1786289301-lkMntucEBoTjEOgdzkiL,stop,11.702616300433874,1,ok,,29e899d8b0b096041995f9bcf5eec1f4be8656652c47ecea609d0dfa6abf93e9,2be2a6bcdf04cc32e5802a40552a4524568dac59ea71e47ea781496aaa1c179e,e35dc49feecd48dacd8c9aa064687aada921a56445c8667c9e56f83ca3f7d489,2026-08-09T15:28:32.065433+00:00
jyb:/talents/202604/t20260421_2111469764,北京：怀柔区释放“雁栖十条”政策效能，打造青年人才创新创业生态区,85.0,4,internal_positive,A,生产基线,2,30,Novita,deepseek/deepseek-v4-flash,False,message.content,30,30,,,gen-1786289264-JAtCl7B2NzciJg16iAy7,stop,28.927109003067017,1,ok,,29e899d8b0b096041995f9bcf5eec1f4be8656652c47ecea609d0dfa6abf93e9,2be2a6bcdf04cc32e5802a40552a4524568dac59ea71e47ea781496aaa1c179e,e35dc49feecd48dacd8c9aa064687aada921a56445c8667c9e56f83ca3f7d489,2026-08-09T15:28:10.974180+00:00
jyb:/talents/202604/t20260421_2111469764,北京：怀柔区释放“雁栖十条”政策效能，打造青年人才创新创业生态区,85.0,4,internal_positive,A,生产基线,3,28,Alibaba,deepseek/deepseek-v4-flash,False,message.content,28,28,,,gen-1786289545-Vlr94Uxp5VgMTeOGASJx,stop,16.57083410024643,1,ok,,29e899d8b0b096041995f9bcf5eec1f4be8656652c47ecea609d0dfa6abf93e9,2be2a6bcdf04cc32e5802a40552a4524568dac59ea71e47ea781496aaa1c179e,e35dc49feecd48dacd8c9aa064687aada921a56445c8667c9e56f83ca3f7d489,2026-08-09T15:32:40.593994+00:00
jyb:/talents/202604/t20260421_2111469764,北京：怀柔区释放“雁栖十条”政策效能，打造青年人才创新创业生态区,85.0,4,internal_positive,D,固定 provider + 关闭 reasoning,1,85,Alibaba,deepseek/deepseek-v4-flash,False,message.content,85,85,,,gen-1786289513-QfklWgcAh8I1xRK8W1Ra,stop,6.506406098604202,1,ok,,29e899d8b0b096041995f9bcf5eec1f4be8656652c47ecea609d0dfa6abf93e9,2be2a6bcdf04cc32e5802a40552a4524568dac59ea71e47ea781496aaa1c179e,e813bc3af25bc9368c0fca0808310936f00ec9aaf56183c3d6994584d1afb7c0,2026-08-09T15:31:58.537075+00:00
jyb:/talents/202604/t20260421_2111469764,北京：怀柔区释放“雁栖十条”政策效能，打造青年人才创新创业生态区,85.0,4,internal_positive,D,固定 provider + 关闭 reasoning,2,75,Alibaba,deepseek/deepseek-v4-flash,False,message.content,75,75,,,gen-1786289395-LapFNwHhSnkRDRT7tp0m,stop,2.1974042989313602,1,ok,,29e899d8b0b096041995f9bcf5eec1f4be8656652c47ecea609d0dfa6abf93e9,2be2a6bcdf04cc32e5802a40552a4524568dac59ea71e47ea781496aaa1c179e,e813bc3af25bc9368c0fca0808310936f00ec9aaf56183c3d6994584d1afb7c0,2026-08-09T15:29:56.374125+00:00
jyb:/talents/202604/t20260421_2111469764,北京：怀柔区释放“雁栖十条”政策效能，打造青年人才创新创业生态区,85.0,4,internal_positive,D,固定 provider + 关闭 reasoning,3,85,Alibaba,deepseek/deepseek-v4-flash,False,message.content,85,85,,,gen-1786289385-oc4QplM4W0hAXf5Ec7B2,stop,1.6920473985373974,1,ok,,29e899d8b0b096041995f9bcf5eec1f4be8656652c47ecea609d0dfa6abf93e9,2be2a6bcdf04cc32e5802a40552a4524568dac59ea71e47ea781496aaa1c179e,e813bc3af25bc9368c0fca0808310936f00ec9aaf56183c3d6994584d1afb7c0,2026-08-09T15:29:46.346847+00:00
jyb:/talents/202605/t20260520_2111480859,北京：怀柔区“十五五”时期人才发展规划发布,85.0,4,internal_positive,A,生产基线,1,25,Alibaba,deepseek/deepseek-v4-flash,False,message.content,25,25,,,gen-1786289353-fCndgqy5vquqF9wluSQ2,stop,9.289370398968458,1,ok,,c419ee9bfc54862ccc6674109ece254df771080518079a9dd0b01924b04addb5,830f7d311f1fb2e46407a789bc3354fe05e6304416bee9f5447d46590d08ecb0,f13d46e2e9ebe5b2f951deab2d0e43d91cb41c29252322388eee852db2a3d9f0,2026-08-09T15:29:21.622467+00:00
jyb:/talents/202605/t20260520_2111480859,北京：怀柔区“十五五”时期人才发展规划发布,85.0,4,internal_positive,A,生产基线,2,40,Alibaba,deepseek/deepseek-v4-flash,False,message.content,40,40,,,gen-1786289537-Zr4MZYQJtLdJiWed73Ra,stop,10.692023299634457,1,ok,,c419ee9bfc54862ccc6674109ece254df771080518079a9dd0b01924b04addb5,830f7d311f1fb2e46407a789bc3354fe05e6304416bee9f5447d46590d08ecb0,f13d46e2e9ebe5b2f951deab2d0e43d91cb41c29252322388eee852db2a3d9f0,2026-08-09T15:32:27.388593+00:00
jyb:/talents/202605/t20260520_2111480859,北京：怀柔区“十五五”时期人才发展规划发布,85.0,4,internal_positive,A,生产基线,3,25,Alibaba,deepseek/deepseek-v4-flash,False,message.content,25,25,,,gen-1786289449-pRzWRlgQgGhexfZellmA,stop,14.444765698164701,1,ok,,c419ee9bfc54862ccc6674109ece254df771080518079a9dd0b01924b04addb5,830f7d311f1fb2e46407a789bc3354fe05e6304416bee9f5447d46590d08ecb0,f13d46e2e9ebe5b2f951deab2d0e43d91cb41c29252322388eee852db2a3d9f0,2026-08-09T15:31:02.940388+00:00
jyb:/talents/202605/t20260520_2111480859,北京：怀柔区“十五五”时期人才发展规划发布,85.0,4,internal_positive,D,固定 provider + 关闭 reasoning,1,15,Alibaba,deepseek/deepseek-v4-flash,False,message.content,15,15,,,gen-1786289448-JhhUYuVrQPlK0xTQjhHN,stop,1.751359399408102,1,ok,,c419ee9bfc54862ccc6674109ece254df771080518079a9dd0b01924b04addb5,830f7d311f1fb2e46407a789bc3354fe05e6304416bee9f5447d46590d08ecb0,3b052047dee4a97837df513618afb488fadb844edc29c946979d645652067bb1,2026-08-09T15:30:49.458526+00:00
jyb:/talents/202605/t20260520_2111480859,北京：怀柔区“十五五”时期人才发展规划发布,85.0,4,internal_positive,D,固定 provider + 关闭 reasoning,2,15,Alibaba,deepseek/deepseek-v4-flash,False,message.content,15,15,,,gen-1786289409-u4qLsWjnkZ0vNRnOscHC,stop,2.167561199516058,1,ok,,c419ee9bfc54862ccc6674109ece254df771080518079a9dd0b01924b04addb5,830f7d311f1fb2e46407a789bc3354fe05e6304416bee9f5447d46590d08ecb0,3b052047dee4a97837df513618afb488fadb844edc29c946979d645652067bb1,2026-08-09T15:30:10.745166+00:00
jyb:/talents/202605/t20260520_2111480859,北京：怀柔区“十五五”时期人才发展规划发布,85.0,4,internal_positive,D,固定 provider + 关闭 reasoning,3,15,Alibaba,deepseek/deepseek-v4-flash,False,message.content,15,15,,,gen-1786289460-Mt9GucPAs2b6KkctMSP7,stop,1.4578702002763748,1,ok,,c419ee9bfc54862ccc6674109ece254df771080518079a9dd0b01924b04addb5,830f7d311f1fb2e46407a789bc3354fe05e6304416bee9f5447d46590d08ecb0,3b052047dee4a97837df513618afb488fadb844edc29c946979d645652067bb1,2026-08-09T15:31:01.068278+00:00
qianlong:2026/0424/8659072,科创扩围 聚链兴产,85.0,4,internal_positive,A,生产基线,1,20,Parasail,deepseek/deepseek-v4-flash,False,message.content,20,20,,,gen-1786289547-vk4sfPofnvaJ1ymSrhFs,stop,8.240704700350761,1,ok,,f7ef3c15f0d541c8af15ca0eff8ce475258850db83bf246d9e5ee7b490d31131,baa0157880ead422a607166ce0250279982c028d8784639800fcc744b1255caa,2128df4432ff8f521619e924ef2c3f95efe7bca2e2864b06194fdbf4ad702bcb,2026-08-09T15:32:34.731247+00:00
qianlong:2026/0424/8659072,科创扩围 聚链兴产,85.0,4,internal_positive,A,生产基线,2,0,Alibaba,deepseek/deepseek-v4-flash,False,message.content,0,0,,,gen-1786289472-YOpdTBL312qjSemFU5Hg,stop,5.762934397906065,1,ok,,f7ef3c15f0d541c8af15ca0eff8ce475258850db83bf246d9e5ee7b490d31131,baa0157880ead422a607166ce0250279982c028d8784639800fcc744b1255caa,2128df4432ff8f521619e924ef2c3f95efe7bca2e2864b06194fdbf4ad702bcb,2026-08-09T15:31:17.287493+00:00
qianlong:2026/0424/8659072,科创扩围 聚链兴产,85.0,4,internal_positive,A,生产基线,3,5,StreamLake,deepseek/deepseek-v4-flash,False,message.content,5,5,,,gen-1786289600-Ghflj2KsGU1hB3H7VHxU,stop,47.43603179976344,1,ok,,f7ef3c15f0d541c8af15ca0eff8ce475258850db83bf246d9e5ee7b490d31131,baa0157880ead422a607166ce0250279982c028d8784639800fcc744b1255caa,2128df4432ff8f521619e924ef2c3f95efe7bca2e2864b06194fdbf4ad702bcb,2026-08-09T15:34:07.211888+00:00
qianlong:2026/0424/8659072,科创扩围 聚链兴产,85.0,4,internal_positive,D,固定 provider + 关闭 reasoning,1,75,Alibaba,deepseek/deepseek-v4-flash,False,message.content,75,75,,,gen-1786289547-90J6CNUNwxcTKm5Mn6rR,stop,1.7590896002948284,1,ok,,f7ef3c15f0d541c8af15ca0eff8ce475258850db83bf246d9e5ee7b490d31131,baa0157880ead422a607166ce0250279982c028d8784639800fcc744b1255caa,127cbab79aae7c298bbf1e65ee14bf44a7c21ecd678726366f7686fb81f6efdc,2026-08-09T15:32:27.721217+00:00
qianlong:2026/0424/8659072,科创扩围 聚链兴产,85.0,4,internal_positive,D,固定 provider + 关闭 reasoning,2,15,Alibaba,deepseek/deepseek-v4-flash,False,message.content,15,15,,,gen-1786289377-sI8yr25hVrEVgtcu5vR9,stop,1.9705440998077393,1,ok,,f7ef3c15f0d541c8af15ca0eff8ce475258850db83bf246d9e5ee7b490d31131,baa0157880ead422a607166ce0250279982c028d8784639800fcc744b1255caa,127cbab79aae7c298bbf1e65ee14bf44a7c21ecd678726366f7686fb81f6efdc,2026-08-09T15:29:37.815016+00:00
qianlong:2026/0424/8659072,科创扩围 聚链兴产,85.0,4,internal_positive,D,固定 provider + 关闭 reasoning,3,75,Alibaba,deepseek/deepseek-v4-flash,False,message.content,75,75,,,gen-1786289316-LHyzSZXYDAfdJmHGrYTe,stop,1.672495100647211,1,ok,,f7ef3c15f0d541c8af15ca0eff8ce475258850db83bf246d9e5ee7b490d31131,baa0157880ead422a607166ce0250279982c028d8784639800fcc744b1255caa,127cbab79aae7c298bbf1e65ee14bf44a7c21ecd678726366f7686fb81f6efdc,2026-08-09T15:28:36.673537+00:00
qianlong:2026/0627/8689051,北京公园树下“千足虫”横行，市民该如何防护？专家科普,20.0,1,internal_positive,A,生产基线,1,10,Alibaba,deepseek/deepseek-v4-flash,False,message.content,10,10,,,gen-1786289466-Ci2pwPXDi6rb37KK1RFc,stop,5.559535000473261,1,ok,,577359664c74b5a8d13eaf7a82649bbd64b7faceb890e54b0487d8efc77d8560,da3c2829b0ce8ff35135cd187950618e79cbea1238fc8483d659847bfa74e470,46b1fc79c19767be1b6af9a61899f0b35209fa7d2f7d2b8a85c41675ba0e2c30,2026-08-09T15:31:10.718693+00:00
qianlong:2026/0627/8689051,北京公园树下“千足虫”横行，市民该如何防护？专家科普,20.0,1,internal_positive,A,生产基线,2,25,Alibaba,deepseek/deepseek-v4-flash,False,message.content,25,25,,,gen-1786289444-c5Z0epst8z4aYoCDt361,stop,13.77323080226779,1,ok,,577359664c74b5a8d13eaf7a82649bbd64b7faceb890e54b0487d8efc77d8560,da3c2829b0ce8ff35135cd187950618e79cbea1238fc8483d659847bfa74e470,46b1fc79c19767be1b6af9a61899f0b35209fa7d2f7d2b8a85c41675ba0e2c30,2026-08-09T15:30:56.236236+00:00
qianlong:2026/0627/8689051,北京公园树下“千足虫”横行，市民该如何防护？专家科普,20.0,1,internal_positive,A,生产基线,3,20,Alibaba,deepseek/deepseek-v4-flash,False,message.content,20,20,,,gen-1786289424-14dDKnfJ2uxWOx1ejGVU,stop,8.701340898871422,1,ok,,577359664c74b5a8d13eaf7a82649bbd64b7faceb890e54b0487d8efc77d8560,da3c2829b0ce8ff35135cd187950618e79cbea1238fc8483d659847bfa74e470,46b1fc79c19767be1b6af9a61899f0b35209fa7d2f7d2b8a85c41675ba0e2c30,2026-08-09T15:30:31.955686+00:00
qianlong:2026/0627/8689051,北京公园树下“千足虫”横行，市民该如何防护？专家科普,20.0,1,internal_positive,D,固定 provider + 关闭 reasoning,1,19,Alibaba,deepseek/deepseek-v4-flash,False,message.content,19,19,,,gen-1786289298-a4j9xDc3jjaa9bxNoK25,stop,1.6650613993406296,1,ok,,577359664c74b5a8d13eaf7a82649bbd64b7faceb890e54b0487d8efc77d8560,da3c2829b0ce8ff35135cd187950618e79cbea1238fc8483d659847bfa74e470,7e023a91e32280761aebc8ae8751f0091f7997536ee45565c8f8aab1a682d26c,2026-08-09T15:28:18.988885+00:00
qianlong:2026/0627/8689051,北京公园树下“千足虫”横行，市民该如何防护？专家科普,20.0,1,internal_positive,D,固定 provider + 关闭 reasoning,2,0,Alibaba,deepseek/deepseek-v4-flash,False,message.content,0,0,,,gen-1786289397-aVgUoQuWeyHyJjMpsMrc,stop,1.761677596718073,1,ok,,577359664c74b5a8d13eaf7a82649bbd64b7faceb890e54b0487d8efc77d8560,da3c2829b0ce8ff35135cd187950618e79cbea1238fc8483d659847bfa74e470,7e023a91e32280761aebc8ae8751f0091f7997536ee45565c8f8aab1a682d26c,2026-08-09T15:29:58.047792+00:00
qianlong:2026/0627/8689051,北京公园树下“千足虫”横行，市民该如何防护？专家科普,20.0,1,internal_positive,D,固定 provider + 关闭 reasoning,3,0,Alibaba,deepseek/deepseek-v4-flash,False,message.content,0,0,,,gen-1786289691-XQMmoanf5tr44Ican1ZT,stop,1.6077833026647568,1,ok,,577359664c74b5a8d13eaf7a82649bbd64b7faceb890e54b0487d8efc77d8560,da3c2829b0ce8ff35135cd187950618e79cbea1238fc8483d659847bfa74e470,7e023a91e32280761aebc8ae8751f0091f7997536ee45565c8f8aab1a682d26c,2026-08-09T15:34:52.055634+00:00
tencent:20251229A05NJH00,聚焦北大荒｜庆丰分公司：厚植丰产丰收新底气,0.0,0,external_positive,A,生产基线,1,10,Alibaba,deepseek/deepseek-v4-flash,False,message.content,10,10,,,gen-1786289409-sNP5lFKg5iwXhnkRtarV,stop,5.3494269996881485,1,ok,,9d1c4bb85bd3bd72faf23a9b9c90c7ba8ed19e5df58b0f48e622a213db7bfab1,b86a218674f866990f5df6198f4fe2b58c6c7a4d5ea8d68d1f4e3d04536ad832,e9868a8f802480f79f228cd38b1e2e57bd16b8309de1ce8215d46f274c77e56f,2026-08-09T15:30:13.106080+00:00
tencent:20251229A05NJH00,聚焦北大荒｜庆丰分公司：厚植丰产丰收新底气,0.0,0,external_positive,A,生产基线,2,0,Alibaba,deepseek/deepseek-v4-flash,False,message.content,0,0,,,gen-1786289682-GQnV3xVcac69nVYlbNPg,stop,5.238747898489237,1,ok,,9d1c4bb85bd3bd72faf23a9b9c90c7ba8ed19e5df58b0f48e622a213db7bfab1,b86a218674f866990f5df6198f4fe2b58c6c7a4d5ea8d68d1f4e3d04536ad832,e9868a8f802480f79f228cd38b1e2e57bd16b8309de1ce8215d46f274c77e56f,2026-08-09T15:34:46.477265+00:00
tencent:20251229A05NJH00,聚焦北大荒｜庆丰分公司：厚植丰产丰收新底气,0.0,0,external_positive,A,生产基线,3,0,Alibaba,deepseek/deepseek-v4-flash,False,message.content,0,0,,,gen-1786289301-AHMpwMXeUlCMZ0aCot0U,stop,4.5482526011765,1,ok,,9d1c4bb85bd3bd72faf23a9b9c90c7ba8ed19e5df58b0f48e622a213db7bfab1,b86a218674f866990f5df6198f4fe2b58c6c7a4d5ea8d68d1f4e3d04536ad832,e9868a8f802480f79f228cd38b1e2e57bd16b8309de1ce8215d46f274c77e56f,2026-08-09T15:28:24.617688+00:00
tencent:20251229A05NJH00,聚焦北大荒｜庆丰分公司：厚植丰产丰收新底气,0.0,0,external_positive,D,固定 provider + 关闭 reasoning,1,0,Alibaba,deepseek/deepseek-v4-flash,False,message.content,0,0,,,gen-1786289383-HtmMqQ2JYDkvp6FGouyj,stop,1.4495696015655994,1,ok,,9d1c4bb85bd3bd72faf23a9b9c90c7ba8ed19e5df58b0f48e622a213db7bfab1,b86a218674f866990f5df6198f4fe2b58c6c7a4d5ea8d68d1f4e3d04536ad832,28c3af135235d8c1c7fbc9ba313b8fb75c3c6714c5b1067af51e026fefb4c6eb,2026-08-09T15:29:43.561058+00:00
tencent:20251229A05NJH00,聚焦北大荒｜庆丰分公司：厚植丰产丰收新底气,0.0,0,external_positive,D,固定 provider + 关闭 reasoning,2,0,Alibaba,deepseek/deepseek-v4-flash,False,message.content,0,0,,,gen-1786289708-9KyMM2Hp6EiXZ7R2Jc3U,stop,1.4210045002400875,1,ok,,9d1c4bb85bd3bd72faf23a9b9c90c7ba8ed19e5df58b0f48e622a213db7bfab1,b86a218674f866990f5df6198f4fe2b58c6c7a4d5ea8d68d1f4e3d04536ad832,28c3af135235d8c1c7fbc9ba313b8fb75c3c6714c5b1067af51e026fefb4c6eb,2026-08-09T15:35:08.421139+00:00
tencent:20251229A05NJH00,聚焦北大荒｜庆丰分公司：厚植丰产丰收新底气,0.0,0,external_positive,D,固定 provider + 关闭 reasoning,3,0,Alibaba,deepseek/deepseek-v4-flash,False,message.content,0,0,,,gen-1786289367-A8D5vyqqFjBRjmDUqS2X,stop,1.606087300926447,1,ok,,9d1c4bb85bd3bd72faf23a9b9c90c7ba8ed19e5df58b0f48e622a213db7bfab1,b86a218674f866990f5df6198f4fe2b58c6c7a4d5ea8d68d1f4e3d04536ad832,28c3af135235d8c1c7fbc9ba313b8fb75c3c6714c5b1067af51e026fefb4c6eb,2026-08-09T15:29:27.803692+00:00
tencent:20260105A0763700,“勇敢出发，别留遗憾！”“长城诵读女孩”陈欣妍首次回应走红,0.0,0,internal_positive,A,生产基线,1,25,Alibaba,deepseek/deepseek-v4-flash,False,message.content,25,25,,,gen-1786289341-6MGKHCdCAF5vWCn9MkdK,stop,9.469460900872946,1,ok,,9e35f68792c26d0df60c72a473171f633e80a47552fa0d3f92f9bdda23a8649a,ccca3e9dc335f7feba62cec6270225f5c81300de3ec0cb33bdf021deb9d8b50f,b226f5da1eb5f3261ff37668bfb954fdcde97c37a3df997249b547e5d2582811,2026-08-09T15:29:09.383133+00:00
tencent:20260105A0763700,“勇敢出发，别留遗憾！”“长城诵读女孩”陈欣妍首次回应走红,0.0,0,internal_positive,A,生产基线,2,25,Alibaba,deepseek/deepseek-v4-flash,False,message.content,25,25,,,gen-1786289523-a0opTfujZ5rV0bupsSkr,stop,8.751772101968527,1,ok,,9e35f68792c26d0df60c72a473171f633e80a47552fa0d3f92f9bdda23a8649a,ccca3e9dc335f7feba62cec6270225f5c81300de3ec0cb33bdf021deb9d8b50f,b226f5da1eb5f3261ff37668bfb954fdcde97c37a3df997249b547e5d2582811,2026-08-09T15:32:11.554383+00:00
tencent:20260105A0763700,“勇敢出发，别留遗憾！”“长城诵读女孩”陈欣妍首次回应走红,0.0,0,internal_positive,A,生产基线,3,0,Alibaba,deepseek/deepseek-v4-flash,False,message.content,0,0,,,gen-1786289448-SKTPXHVNNKLDNTbiJnAA,stop,5.08576599881053,1,ok,,9e35f68792c26d0df60c72a473171f633e80a47552fa0d3f92f9bdda23a8649a,ccca3e9dc335f7feba62cec6270225f5c81300de3ec0cb33bdf021deb9d8b50f,b226f5da1eb5f3261ff37668bfb954fdcde97c37a3df997249b547e5d2582811,2026-08-09T15:30:52.810525+00:00
tencent:20260105A0763700,“勇敢出发，别留遗憾！”“长城诵读女孩”陈欣妍首次回应走红,0.0,0,internal_positive,D,固定 provider + 关闭 reasoning,1,0,Alibaba,deepseek/deepseek-v4-flash,False,message.content,0,0,,,gen-1786289655-ZovqwFqCqzdOHXeT8I2n,stop,2.0746318995952606,1,ok,,9e35f68792c26d0df60c72a473171f633e80a47552fa0d3f92f9bdda23a8649a,ccca3e9dc335f7feba62cec6270225f5c81300de3ec0cb33bdf021deb9d8b50f,54fad87cc52c8451582d36e3e6780686e4eced7a6c205b6a974f7d8c7045e4a5,2026-08-09T15:34:15.685454+00:00
tencent:20260105A0763700,“勇敢出发，别留遗憾！”“长城诵读女孩”陈欣妍首次回应走红,0.0,0,internal_positive,D,固定 provider + 关闭 reasoning,2,0,Alibaba,deepseek/deepseek-v4-flash,False,message.content,0,0,,,gen-1786289590-GCsHdoNo3b1k1bGysZt2,stop,1.4755533002316952,1,ok,,9e35f68792c26d0df60c72a473171f633e80a47552fa0d3f92f9bdda23a8649a,ccca3e9dc335f7feba62cec6270225f5c81300de3ec0cb33bdf021deb9d8b50f,54fad87cc52c8451582d36e3e6780686e4eced7a6c205b6a974f7d8c7045e4a5,2026-08-09T15:33:10.706059+00:00
tencent:20260105A0763700,“勇敢出发，别留遗憾！”“长城诵读女孩”陈欣妍首次回应走红,0.0,0,internal_positive,D,固定 provider + 关闭 reasoning,3,0,Alibaba,deepseek/deepseek-v4-flash,False,message.content,0,0,,,gen-1786289615-8s0ZKi49hy1DjxsrHtG0,stop,2.765200201421976,1,ok,,9e35f68792c26d0df60c72a473171f633e80a47552fa0d3f92f9bdda23a8649a,ccca3e9dc335f7feba62cec6270225f5c81300de3ec0cb33bdf021deb9d8b50f,54fad87cc52c8451582d36e3e6780686e4eced7a6c205b6a974f7d8c7045e4a5,2026-08-09T15:33:36.065103+00:00
tencent:20260225A07OO100,广东全民终身学习平台正式上线 构建“人人皆学、处处能学、时时可学”学习生态,85.0,4,external_positive,A,生产基线,1,85,Alibaba,deepseek/deepseek-v4-flash,False,message.content,85,85,,,gen-1786289290-Tr7KQvBTenPPD7KpMU1j,stop,7.808827199041843,1,ok,,95e32ce9b26e52d21abe3cd063689749bfa5e3a999a873676529154d2a621933,ca63ee03e1c71c5db594ecc38378b2275a8cbcab1d68974227a44e2812fffab4,4b235f6b4abdb133aa38459cf5b6895f546711e73de657abfef3dc809ea8ce5c,2026-08-09T15:28:16.486698+00:00
tencent:20260225A07OO100,广东全民终身学习平台正式上线 构建“人人皆学、处处能学、时时可学”学习生态,85.0,4,external_positive,A,生产基线,2,85,Alibaba,deepseek/deepseek-v4-flash,False,message.content,85,85,,,gen-1786289475-F6GGrsfFGIyCTqjCJHvy,stop,7.179254300892353,1,ok,,95e32ce9b26e52d21abe3cd063689749bfa5e3a999a873676529154d2a621933,ca63ee03e1c71c5db594ecc38378b2275a8cbcab1d68974227a44e2812fffab4,4b235f6b4abdb133aa38459cf5b6895f546711e73de657abfef3dc809ea8ce5c,2026-08-09T15:31:21.761353+00:00
tencent:20260225A07OO100,广东全民终身学习平台正式上线 构建“人人皆学、处处能学、时时可学”学习生态,85.0,4,external_positive,A,生产基线,3,85,Alibaba,deepseek/deepseek-v4-flash,False,message.content,85,85,,,gen-1786289689-p8ZS2fpXUFETRjNWdygY,stop,7.377610597759485,1,ok,,95e32ce9b26e52d21abe3cd063689749bfa5e3a999a873676529154d2a621933,ca63ee03e1c71c5db594ecc38378b2275a8cbcab1d68974227a44e2812fffab4,4b235f6b4abdb133aa38459cf5b6895f546711e73de657abfef3dc809ea8ce5c,2026-08-09T15:34:55.479520+00:00
tencent:20260225A07OO100,广东全民终身学习平台正式上线 构建“人人皆学、处处能学、时时可学”学习生态,85.0,4,external_positive,D,固定 provider + 关闭 reasoning,1,75,Alibaba,deepseek/deepseek-v4-flash,False,message.content,75,75,,,gen-1786289319-htysgSmgRT3C5hHHE29m,stop,1.7638088017702103,1,ok,,95e32ce9b26e52d21abe3cd063689749bfa5e3a999a873676529154d2a621933,ca63ee03e1c71c5db594ecc38378b2275a8cbcab1d68974227a44e2812fffab4,2f8bffe0e3478454a2c8e76dd24c3d1bfdcf72b707b40e94dcc527cdc5e9f534,2026-08-09T15:28:40.298261+00:00
tencent:20260225A07OO100,广东全民终身学习平台正式上线 构建“人人皆学、处处能学、时时可学”学习生态,85.0,4,external_positive,D,固定 provider + 关闭 reasoning,2,75,Alibaba,deepseek/deepseek-v4-flash,False,message.content,75,75,,,gen-1786289683-t2csHD5n5KEGsiE8Trll,stop,1.7474389001727104,1,ok,,95e32ce9b26e52d21abe3cd063689749bfa5e3a999a873676529154d2a621933,ca63ee03e1c71c5db594ecc38378b2275a8cbcab1d68974227a44e2812fffab4,2f8bffe0e3478454a2c8e76dd24c3d1bfdcf72b707b40e94dcc527cdc5e9f534,2026-08-09T15:34:43.598323+00:00
tencent:20260225A07OO100,广东全民终身学习平台正式上线 构建“人人皆学、处处能学、时时可学”学习生态,85.0,4,external_positive,D,固定 provider + 关闭 reasoning,3,75,Alibaba,deepseek/deepseek-v4-flash,False,message.content,75,75,,,gen-1786289663-7RBVwrSK6zOmYO2tscZo,stop,1.695557601749897,1,ok,,95e32ce9b26e52d21abe3cd063689749bfa5e3a999a873676529154d2a621933,ca63ee03e1c71c5db594ecc38378b2275a8cbcab1d68974227a44e2812fffab4,2f8bffe0e3478454a2c8e76dd24c3d1bfdcf72b707b40e94dcc527cdc5e9f534,2026-08-09T15:34:24.457962+00:00
tencent:20260226A01R5M00,春节假期，辽博接待观众14.67万人次,25.0,1,internal_positive,A,生产基线,1,0,Alibaba,deepseek/deepseek-v4-flash,False,message.content,0,0,,,gen-1786289366-GqqzxUqI31G9mbdIoCNI,stop,3.289138499647379,1,ok,,df24a35df6b512c32e162331f5ef835002d625d37064d27a9abd1f8cd3991158,1dd829f89a50c88fd6d61f1a163760a02e7ba54d9869ead51a80efd2cfabd3a7,396f28bed5ab24e4adad182b9aaf151243c40479595a979412b453310eb63fd8,2026-08-09T15:29:29.083327+00:00
tencent:20260226A01R5M00,春节假期，辽博接待观众14.67万人次,25.0,1,internal_positive,A,生产基线,2,0,Alibaba,deepseek/deepseek-v4-flash,False,message.content,0,0,,,gen-1786289388-ddROFbmAKClLkGvn2H5T,stop,4.161550100892782,1,ok,,df24a35df6b512c32e162331f5ef835002d625d37064d27a9abd1f8cd3991158,1dd829f89a50c88fd6d61f1a163760a02e7ba54d9869ead51a80efd2cfabd3a7,396f28bed5ab24e4adad182b9aaf151243c40479595a979412b453310eb63fd8,2026-08-09T15:29:51.071454+00:00
tencent:20260226A01R5M00,春节假期，辽博接待观众14.67万人次,25.0,1,internal_positive,A,生产基线,3,5,Alibaba,deepseek/deepseek-v4-flash,False,message.content,5,5,,,gen-1786289481-V5vW2ye8EVNoA7IPpiKI,stop,5.330923400819302,1,ok,,df24a35df6b512c32e162331f5ef835002d625d37064d27a9abd1f8cd3991158,1dd829f89a50c88fd6d61f1a163760a02e7ba54d9869ead51a80efd2cfabd3a7,396f28bed5ab24e4adad182b9aaf151243c40479595a979412b453310eb63fd8,2026-08-09T15:31:25.154619+00:00
tencent:20260226A01R5M00,春节假期，辽博接待观众14.67万人次,25.0,1,internal_positive,D,固定 provider + 关闭 reasoning,1,0,Alibaba,deepseek/deepseek-v4-flash,False,message.content,0,0,,,gen-1786289363-6ymRLxVXjlTCtXTwG3rY,stop,1.8063647970557213,1,ok,,df24a35df6b512c32e162331f5ef835002d625d37064d27a9abd1f8cd3991158,1dd829f89a50c88fd6d61f1a163760a02e7ba54d9869ead51a80efd2cfabd3a7,ed8575fca4f1bcf583d3ce5562973be1ed5cff0f1c52f858deb41352b807b887,2026-08-09T15:29:24.299136+00:00
tencent:20260226A01R5M00,春节假期，辽博接待观众14.67万人次,25.0,1,internal_positive,D,固定 provider + 关闭 reasoning,2,0,Alibaba,deepseek/deepseek-v4-flash,False,message.content,0,0,,,gen-1786289473-tecqDsNSrfrYBZQSBwAL,stop,1.590371299535036,1,ok,,df24a35df6b512c32e162331f5ef835002d625d37064d27a9abd1f8cd3991158,1dd829f89a50c88fd6d61f1a163760a02e7ba54d9869ead51a80efd2cfabd3a7,ed8575fca4f1bcf583d3ce5562973be1ed5cff0f1c52f858deb41352b807b887,2026-08-09T15:31:13.972287+00:00
tencent:20260226A01R5M00,春节假期，辽博接待观众14.67万人次,25.0,1,internal_positive,D,固定 provider + 关闭 reasoning,3,0,Alibaba,deepseek/deepseek-v4-flash,False,message.content,0,0,,,gen-1786289685-QLTUH75lhi5VSsIM7XEP,stop,1.7503024004399776,1,ok,,df24a35df6b512c32e162331f5ef835002d625d37064d27a9abd1f8cd3991158,1dd829f89a50c88fd6d61f1a163760a02e7ba54d9869ead51a80efd2cfabd3a7,ed8575fca4f1bcf583d3ce5562973be1ed5cff0f1c52f858deb41352b807b887,2026-08-09T15:34:45.538125+00:00
tencent:20260310A02U9700,姜耀东委员：建立企业“人工智能+”激励机制，为高质量就业破局赋能,60.0,3,internal_positive,A,生产基线,1,25,Alibaba,deepseek/deepseek-v4-flash,False,message.content,25,25,,,gen-1786289378-RHKIi2Cv0zVHc8AGuAv3,stop,11.170216802507639,1,ok,,50b6ee7ca882f43f0c70356e771e582765723a967c05bcd3f895127c053c80a9,b541c7708169f71fe629bdcf66e41e01c36a8d66c075c5ff946d8e9d8749457a,340bd5010e9e58940d1e0663e796bfa493ad902dc3947571b9040c681c36c053,2026-08-09T15:29:46.923928+00:00
tencent:20260310A02U9700,姜耀东委员：建立企业“人工智能+”激励机制，为高质量就业破局赋能,60.0,3,internal_positive,A,生产基线,2,27,Parasail,deepseek/deepseek-v4-flash,False,message.content,27,27,,,gen-1786289512-UageTWL55u3qprprSJyS,stop,16.38766909763217,1,ok,,50b6ee7ca882f43f0c70356e771e582765723a967c05bcd3f895127c053c80a9,b541c7708169f71fe629bdcf66e41e01c36a8d66c075c5ff946d8e9d8749457a,340bd5010e9e58940d1e0663e796bfa493ad902dc3947571b9040c681c36c053,2026-08-09T15:32:07.825302+00:00
tencent:20260310A02U9700,姜耀东委员：建立企业“人工智能+”激励机制，为高质量就业破局赋能,60.0,3,internal_positive,A,生产基线,3,27,Alibaba,deepseek/deepseek-v4-flash,False,message.content,27,27,,,gen-1786289565-vVVZI24ocUVjQilW8FCC,stop,9.274952799081802,1,ok,,50b6ee7ca882f43f0c70356e771e582765723a967c05bcd3f895127c053c80a9,b541c7708169f71fe629bdcf66e41e01c36a8d66c075c5ff946d8e9d8749457a,340bd5010e9e58940d1e0663e796bfa493ad902dc3947571b9040c681c36c053,2026-08-09T15:32:53.565879+00:00
tencent:20260310A02U9700,姜耀东委员：建立企业“人工智能+”激励机制，为高质量就业破局赋能,60.0,3,internal_positive,D,固定 provider + 关闭 reasoning,1,15,Alibaba,deepseek/deepseek-v4-flash,False,message.content,15,15,,,gen-1786289412-peh5Shq0Hcjn7XiX8oPn,stop,1.7502584978938103,1,ok,,50b6ee7ca882f43f0c70356e771e582765723a967c05bcd3f895127c053c80a9,b541c7708169f71fe629bdcf66e41e01c36a8d66c075c5ff946d8e9d8749457a,260a1adf15a99026f776a73fd65ffb79fc83aa32d6ee3bf183ab58a75ed31ff6,2026-08-09T15:30:13.318282+00:00
tencent:20260310A02U9700,姜耀东委员：建立企业“人工智能+”激励机制，为高质量就业破局赋能,60.0,3,internal_positive,D,固定 provider + 关闭 reasoning,2,15,Alibaba,deepseek/deepseek-v4-flash,False,message.content,15,15,,,gen-1786289518-Exnz1pJHTxHACuqpNi6Y,stop,15.653718397021294,2,ok,,50b6ee7ca882f43f0c70356e771e582765723a967c05bcd3f895127c053c80a9,b541c7708169f71fe629bdcf66e41e01c36a8d66c075c5ff946d8e9d8749457a,260a1adf15a99026f776a73fd65ffb79fc83aa32d6ee3bf183ab58a75ed31ff6,2026-08-09T15:31:58.974756+00:00
tencent:20260310A02U9700,姜耀东委员：建立企业“人工智能+”激励机制，为高质量就业破局赋能,60.0,3,internal_positive,D,固定 provider + 关闭 reasoning,3,15,Alibaba,deepseek/deepseek-v4-flash,False,message.content,15,15,,,gen-1786289612-P1z8msC9HjkUeUar52Cl,stop,1.6613903976976871,1,ok,,50b6ee7ca882f43f0c70356e771e582765723a967c05bcd3f895127c053c80a9,b541c7708169f71fe629bdcf66e41e01c36a8d66c075c5ff946d8e9d8749457a,260a1adf15a99026f776a73fd65ffb79fc83aa32d6ee3bf183ab58a75ed31ff6,2026-08-09T15:33:33.488576+00:00
tencent:20260321A02RQQ00,北京部署乡村全面振兴重点工作,95.0,4,internal_positive,A,生产基线,1,90,Alibaba,deepseek/deepseek-v4-flash,False,message.content,90,90,,,gen-1786289344-wykkzXSF3i8Ltzr2wbbj,stop,2.878610100597143,1,ok,,d817fcba77acad901fe71c751d84115a0ff150cee1d5fdbf0a507019b6aab638,3e5a70e6c03849d2e74a47051f9de8b0adbca6b242fb7ac47da92045b315abf2,d0aea4ff342592882c364085c8a5229f9e4f2f0aedf0d5375ee73872cbf0bbac,2026-08-09T15:29:06.517133+00:00
tencent:20260321A02RQQ00,北京部署乡村全面振兴重点工作,95.0,4,internal_positive,A,生产基线,2,90,Alibaba,deepseek/deepseek-v4-flash,False,message.content,90,90,,,gen-1786289497-5oktRZFePmDE5yBWQwro,stop,9.552388701587915,1,ok,,d817fcba77acad901fe71c751d84115a0ff150cee1d5fdbf0a507019b6aab638,3e5a70e6c03849d2e74a47051f9de8b0adbca6b242fb7ac47da92045b315abf2,d0aea4ff342592882c364085c8a5229f9e4f2f0aedf0d5375ee73872cbf0bbac,2026-08-09T15:31:45.355395+00:00
tencent:20260321A02RQQ00,北京部署乡村全面振兴重点工作,95.0,4,internal_positive,A,生产基线,3,88,Alibaba,deepseek/deepseek-v4-flash,False,message.content,88,88,,,gen-1786289374-Xa0UvXthYg4JFXc39GlM,stop,7.3715725019574165,1,ok,,d817fcba77acad901fe71c751d84115a0ff150cee1d5fdbf0a507019b6aab638,3e5a70e6c03849d2e74a47051f9de8b0adbca6b242fb7ac47da92045b315abf2,d0aea4ff342592882c364085c8a5229f9e4f2f0aedf0d5375ee73872cbf0bbac,2026-08-09T15:29:40.442310+00:00
tencent:20260321A02RQQ00,北京部署乡村全面振兴重点工作,95.0,4,internal_positive,D,固定 provider + 关闭 reasoning,1,85,Alibaba,deepseek/deepseek-v4-flash,False,message.content,85,85,,,gen-1786289325-VbXkZSQlZ16WWbjBnion,stop,2.138613600283861,1,ok,,d817fcba77acad901fe71c751d84115a0ff150cee1d5fdbf0a507019b6aab638,3e5a70e6c03849d2e74a47051f9de8b0adbca6b242fb7ac47da92045b315abf2,4c28a9006bf44762f9c64ea21a66ce443ec5085ec98301d8f338ec48ecd99adc,2026-08-09T15:28:45.920631+00:00
tencent:20260321A02RQQ00,北京部署乡村全面振兴重点工作,95.0,4,internal_positive,D,固定 provider + 关闭 reasoning,2,85,Alibaba,deepseek/deepseek-v4-flash,False,message.content,85,85,,,gen-1786289608-rwBeD3smFgvraWKnahMo,stop,1.7656792998313904,1,ok,,d817fcba77acad901fe71c751d84115a0ff150cee1d5fdbf0a507019b6aab638,3e5a70e6c03849d2e74a47051f9de8b0adbca6b242fb7ac47da92045b315abf2,4c28a9006bf44762f9c64ea21a66ce443ec5085ec98301d8f338ec48ecd99adc,2026-08-09T15:33:29.299752+00:00
tencent:20260321A02RQQ00,北京部署乡村全面振兴重点工作,95.0,4,internal_positive,D,固定 provider + 关闭 reasoning,3,75,Alibaba,deepseek/deepseek-v4-flash,False,message.content,75,75,,,gen-1786289556-Pbxc2B6hxhSKXkb1sF2m,stop,2.186388596892357,1,ok,,d817fcba77acad901fe71c751d84115a0ff150cee1d5fdbf0a507019b6aab638,3e5a70e6c03849d2e74a47051f9de8b0adbca6b242fb7ac47da92045b315abf2,4c28a9006bf44762f9c64ea21a66ce443ec5085ec98301d8f338ec48ecd99adc,2026-08-09T15:32:36.919000+00:00
tencent:20260328A06CVQ00,华为诺亚方舟实验室“90后”主任，王云鹤宣布离职,10.0,0,internal_positive,A,生产基线,1,0,Alibaba,deepseek/deepseek-v4-flash,False,message.content,0,0,,,gen-1786289429-PgfZ515uB0JAQOppmC0a,stop,5.132819302380085,1,ok,,0c015f7bc2118d9ba09323f18811f1d29766876567f8deea689241add89e5319,048a5e6566ae92f051d132673f84573a87155227a9f75075e19794dd0edd708e,7632f6dd15ff61b77c57abb7a0972c2cd0352c23cead9ad1cb40110d9ba06faa,2026-08-09T15:30:31.731694+00:00
tencent:20260328A06CVQ00,华为诺亚方舟实验室“90后”主任，王云鹤宣布离职,10.0,0,internal_positive,A,生产基线,2,0,Alibaba,deepseek/deepseek-v4-flash,False,message.content,0,0,,,gen-1786289444-wQuGT6MJd3tZrAeVBMFd,stop,4.777021199464798,1,ok,,0c015f7bc2118d9ba09323f18811f1d29766876567f8deea689241add89e5319,048a5e6566ae92f051d132673f84573a87155227a9f75075e19794dd0edd708e,7632f6dd15ff61b77c57abb7a0972c2cd0352c23cead9ad1cb40110d9ba06faa,2026-08-09T15:30:47.705772+00:00
tencent:20260328A06CVQ00,华为诺亚方舟实验室“90后”主任，王云鹤宣布离职,10.0,0,internal_positive,A,生产基线,3,0,Alibaba,deepseek/deepseek-v4-flash,False,message.content,0,0,,,gen-1786289356-yD2pIC6oqOF9P4fgjTHf,stop,7.205196600407362,1,ok,,0c015f7bc2118d9ba09323f18811f1d29766876567f8deea689241add89e5319,048a5e6566ae92f051d132673f84573a87155227a9f75075e19794dd0edd708e,7632f6dd15ff61b77c57abb7a0972c2cd0352c23cead9ad1cb40110d9ba06faa,2026-08-09T15:29:22.491366+00:00
tencent:20260328A06CVQ00,华为诺亚方舟实验室“90后”主任，王云鹤宣布离职,10.0,0,internal_positive,D,固定 provider + 关闭 reasoning,1,0,Alibaba,deepseek/deepseek-v4-flash,False,message.content,0,0,,,gen-1786289389-8CpFqSz131DCILYMh7WZ,stop,1.524455700069666,1,ok,,0c015f7bc2118d9ba09323f18811f1d29766876567f8deea689241add89e5319,048a5e6566ae92f051d132673f84573a87155227a9f75075e19794dd0edd708e,a749ba876432659fa360992cc25c80dc294e9fbd972f9ff6b9a7fa683439d122,2026-08-09T15:29:50.296008+00:00
tencent:20260328A06CVQ00,华为诺亚方舟实验室“90后”主任，王云鹤宣布离职,10.0,0,internal_positive,D,固定 provider + 关闭 reasoning,2,0,Alibaba,deepseek/deepseek-v4-flash,False,message.content,0,0,,,gen-1786289347-RugT8CVFrYslz23S7B08,stop,1.3413413986563683,1,ok,,0c015f7bc2118d9ba09323f18811f1d29766876567f8deea689241add89e5319,048a5e6566ae92f051d132673f84573a87155227a9f75075e19794dd0edd708e,a749ba876432659fa360992cc25c80dc294e9fbd972f9ff6b9a7fa683439d122,2026-08-09T15:29:07.860081+00:00
tencent:20260328A06CVQ00,华为诺亚方舟实验室“90后”主任，王云鹤宣布离职,10.0,0,internal_positive,D,固定 provider + 关闭 reasoning,3,0,Alibaba,deepseek/deepseek-v4-flash,False,message.content,0,0,,,gen-1786289529-Kc2bX6OAMJv43t56deBO,stop,1.6522454991936684,1,ok,,0c015f7bc2118d9ba09323f18811f1d29766876567f8deea689241add89e5319,048a5e6566ae92f051d132673f84573a87155227a9f75075e19794dd0edd708e,a749ba876432659fa360992cc25c80dc294e9fbd972f9ff6b9a7fa683439d122,2026-08-09T15:32:10.173010+00:00
tencent:20260403A000S800,他已在湖北去世，遗嘱公开：不发讣告、不收财物、不留骨灰……,0.0,0,external_positive,A,生产基线,1,0,Alibaba,deepseek/deepseek-v4-flash,False,message.content,0,0,,,gen-1786289558-YCZYiY7CCmlsaWtMtOCt,stop,3.712202299386263,1,ok,,6c2e383b59fd0e4bbd8a94088a8b034b1187f59e0c9ff597d7291606e72d9725,6fac5ffac6caf3267d10fb6ff5f9aa2c6ef737da5e421104ec6d7f8d741bf5cc,884d95622f4405a1f91246db3d16e39a739fedbce0c52e51b5320f6c2055e2f8,2026-08-09T15:32:40.632552+00:00
tencent:20260403A000S800,他已在湖北去世，遗嘱公开：不发讣告、不收财物、不留骨灰……,0.0,0,external_positive,A,生产基线,2,0,Alibaba,deepseek/deepseek-v4-flash,False,message.content,0,0,,,gen-1786289397-KKEFKmMbblTvBmnQm2Gr,stop,3.866399399936199,1,ok,,6c2e383b59fd0e4bbd8a94088a8b034b1187f59e0c9ff597d7291606e72d9725,6fac5ffac6caf3267d10fb6ff5f9aa2c6ef737da5e421104ec6d7f8d741bf5cc,884d95622f4405a1f91246db3d16e39a739fedbce0c52e51b5320f6c2055e2f8,2026-08-09T15:30:00.036069+00:00
tencent:20260403A000S800,他已在湖北去世，遗嘱公开：不发讣告、不收财物、不留骨灰……,0.0,0,external_positive,A,生产基线,3,10,Alibaba,deepseek/deepseek-v4-flash,False,message.content,10,10,,,gen-1786289296-G2ib1r9yLTtDWEOHtVtg,stop,5.150979198515415,1,ok,,6c2e383b59fd0e4bbd8a94088a8b034b1187f59e0c9ff597d7291606e72d9725,6fac5ffac6caf3267d10fb6ff5f9aa2c6ef737da5e421104ec6d7f8d741bf5cc,884d95622f4405a1f91246db3d16e39a739fedbce0c52e51b5320f6c2055e2f8,2026-08-09T15:28:20.302759+00:00
tencent:20260403A000S800,他已在湖北去世，遗嘱公开：不发讣告、不收财物、不留骨灰……,0.0,0,external_positive,D,固定 provider + 关闭 reasoning,1,0,Alibaba,deepseek/deepseek-v4-flash,False,message.content,0,0,,,gen-1786289519-ftHPypHOjCj6tVDvv2mt,stop,19.319661799818277,2,ok,,6c2e383b59fd0e4bbd8a94088a8b034b1187f59e0c9ff597d7291606e72d9725,6fac5ffac6caf3267d10fb6ff5f9aa2c6ef737da5e421104ec6d7f8d741bf5cc,39ccc419d05bf8ed682b2b577e05ed8d4348023dc045ced04aaac000599aef59,2026-08-09T15:32:04.733614+00:00
tencent:20260403A000S800,他已在湖北去世，遗嘱公开：不发讣告、不收财物、不留骨灰……,0.0,0,external_positive,D,固定 provider + 关闭 reasoning,2,0,Alibaba,deepseek/deepseek-v4-flash,False,message.content,0,0,,,gen-1786289540-MjOZpu9QpksBK2dQHoCo,stop,2.245183002203703,1,ok,,6c2e383b59fd0e4bbd8a94088a8b034b1187f59e0c9ff597d7291606e72d9725,6fac5ffac6caf3267d10fb6ff5f9aa2c6ef737da5e421104ec6d7f8d741bf5cc,39ccc419d05bf8ed682b2b577e05ed8d4348023dc045ced04aaac000599aef59,2026-08-09T15:32:21.525129+00:00
tencent:20260403A000S800,他已在湖北去世，遗嘱公开：不发讣告、不收财物、不留骨灰……,0.0,0,external_positive,D,固定 provider + 关闭 reasoning,3,0,Alibaba,deepseek/deepseek-v4-flash,False,message.content,0,0,,,gen-1786289397-RGHLxhiRBDo93TyM4BQl,stop,1.7837232984602451,1,ok,,6c2e383b59fd0e4bbd8a94088a8b034b1187f59e0c9ff597d7291606e72d9725,6fac5ffac6caf3267d10fb6ff5f9aa2c6ef737da5e421104ec6d7f8d741bf5cc,39ccc419d05bf8ed682b2b577e05ed8d4348023dc045ced04aaac000599aef59,2026-08-09T15:29:58.159345+00:00
tencent:20260418A02OY200,广东深圳一小学老师批改作业崩溃大哭：不怪孩子学得慢，只是心里太着急，“情绪只是一时的，爱没有减少”,30.0,1,external_positive,A,生产基线,1,10,StreamLake,deepseek/deepseek-v4-flash,False,message.content,10,10,,,gen-1786289347-YrBA4njNF8hcivhW9dMC,stop,9.6866504997015,1,ok,,d076de52cb95c65b1cf0018ec2415dcbac1e877277986cdba85ad1d1f66df8d6,a744ff0b2f2b62b0d92aa78e302dcf4dc070a23cf3fe4fbbfbf173f194c49374,047f3be498ffaffcce4059fdcfb4f4e847ded1f0ad0edadf5d146530e6b1c58d,2026-08-09T15:29:15.549603+00:00
tencent:20260418A02OY200,广东深圳一小学老师批改作业崩溃大哭：不怪孩子学得慢，只是心里太着急，“情绪只是一时的，爱没有减少”,30.0,1,external_positive,A,生产基线,2,10,Alibaba,deepseek/deepseek-v4-flash,False,message.content,10,10,,,gen-1786289653-8icq4SCb6Fox5qbYMQCy,stop,3.6017891988158226,1,ok,,d076de52cb95c65b1cf0018ec2415dcbac1e877277986cdba85ad1d1f66df8d6,a744ff0b2f2b62b0d92aa78e302dcf4dc070a23cf3fe4fbbfbf173f194c49374,047f3be498ffaffcce4059fdcfb4f4e847ded1f0ad0edadf5d146530e6b1c58d,2026-08-09T15:34:15.924581+00:00
tencent:20260418A02OY200,广东深圳一小学老师批改作业崩溃大哭：不怪孩子学得慢，只是心里太着急，“情绪只是一时的，爱没有减少”,30.0,1,external_positive,A,生产基线,3,10,Alibaba,deepseek/deepseek-v4-flash,False,message.content,10,10,,,gen-1786289666-PDDm3cHRMiLEPdY2PbKq,stop,4.39816440269351,1,ok,,d076de52cb95c65b1cf0018ec2415dcbac1e877277986cdba85ad1d1f66df8d6,a744ff0b2f2b62b0d92aa78e302dcf4dc070a23cf3fe4fbbfbf173f194c49374,047f3be498ffaffcce4059fdcfb4f4e847ded1f0ad0edadf5d146530e6b1c58d,2026-08-09T15:34:28.857554+00:00
tencent:20260418A02OY200,广东深圳一小学老师批改作业崩溃大哭：不怪孩子学得慢，只是心里太着急，“情绪只是一时的，爱没有减少”,30.0,1,external_positive,D,固定 provider + 关闭 reasoning,1,0,Alibaba,deepseek/deepseek-v4-flash,False,message.content,0,0,,,gen-1786289437-0VWTY1DeUD0JpvXp6oF4,stop,2.2929701022803783,1,ok,,d076de52cb95c65b1cf0018ec2415dcbac1e877277986cdba85ad1d1f66df8d6,a744ff0b2f2b62b0d92aa78e302dcf4dc070a23cf3fe4fbbfbf173f194c49374,00daf230b0f5f066aa5ce0de204f013d81fd29ce51e88ee4c87f91eb55d8abc3,2026-08-09T15:30:37.998934+00:00
tencent:20260418A02OY200,广东深圳一小学老师批改作业崩溃大哭：不怪孩子学得慢，只是心里太着急，“情绪只是一时的，爱没有减少”,30.0,1,external_positive,D,固定 provider + 关闭 reasoning,2,0,Alibaba,deepseek/deepseek-v4-flash,False,message.content,0,0,,,gen-1786289406-eiTAq2GhNllyTaBcH9bb,stop,2.6317203007638454,1,ok,,d076de52cb95c65b1cf0018ec2415dcbac1e877277986cdba85ad1d1f66df8d6,a744ff0b2f2b62b0d92aa78e302dcf4dc070a23cf3fe4fbbfbf173f194c49374,00daf230b0f5f066aa5ce0de204f013d81fd29ce51e88ee4c87f91eb55d8abc3,2026-08-09T15:30:06.652207+00:00
tencent:20260418A02OY200,广东深圳一小学老师批改作业崩溃大哭：不怪孩子学得慢，只是心里太着急，“情绪只是一时的，爱没有减少”,30.0,1,external_positive,D,固定 provider + 关闭 reasoning,3,0,Alibaba,deepseek/deepseek-v4-flash,False,message.content,0,0,,,gen-1786289394-CoGnwI5D4vVAXTDbudAm,stop,2.0120017006993294,1,ok,,d076de52cb95c65b1cf0018ec2415dcbac1e877277986cdba85ad1d1f66df8d6,a744ff0b2f2b62b0d92aa78e302dcf4dc070a23cf3fe4fbbfbf173f194c49374,00daf230b0f5f066aa5ce0de204f013d81fd29ce51e88ee4c87f91eb55d8abc3,2026-08-09T15:29:54.726013+00:00
tencent:20260419A00TVJ00,泽普县科技馆建设进入收尾阶段,40.0,2,external_positive,A,生产基线,1,15,Alibaba,deepseek/deepseek-v4-flash,False,message.content,15,15,,,gen-1786289423-yPTEofhoJsX7CuEDWevF,stop,8.436763901263475,1,ok,,2a4d99e4cdba438139c0c9d80f53308f469d94d2a4ec24c4b3e89ab09c000307,c721d194fb2fcf30de96e9367365d6dd15a93739c22ccf26db41b9785a7d562b,c0b1b9e60292f0e4b4ea815da0109fe5aa724b7e62ee1b3dc400c568564e9b9f,2026-08-09T15:30:30.837405+00:00
tencent:20260419A00TVJ00,泽普县科技馆建设进入收尾阶段,40.0,2,external_positive,A,生产基线,2,15,Alibaba,deepseek/deepseek-v4-flash,False,message.content,15,15,,,gen-1786289688-CbhyjzT1dn3yp1EdLhUx,stop,13.290304198861122,1,ok,,2a4d99e4cdba438139c0c9d80f53308f469d94d2a4ec24c4b3e89ab09c000307,c721d194fb2fcf30de96e9367365d6dd15a93739c22ccf26db41b9785a7d562b,c0b1b9e60292f0e4b4ea815da0109fe5aa724b7e62ee1b3dc400c568564e9b9f,2026-08-09T15:35:00.479330+00:00
tencent:20260419A00TVJ00,泽普县科技馆建设进入收尾阶段,40.0,2,external_positive,A,生产基线,3,15,Alibaba,deepseek/deepseek-v4-flash,False,message.content,15,15,,,gen-1786289669-oyLIMug3Z3Tb8dSunhdo,stop,7.364224500954151,1,ok,,2a4d99e4cdba438139c0c9d80f53308f469d94d2a4ec24c4b3e89ab09c000307,c721d194fb2fcf30de96e9367365d6dd15a93739c22ccf26db41b9785a7d562b,c0b1b9e60292f0e4b4ea815da0109fe5aa724b7e62ee1b3dc400c568564e9b9f,2026-08-09T15:34:34.907809+00:00
tencent:20260419A00TVJ00,泽普县科技馆建设进入收尾阶段,40.0,2,external_positive,D,固定 provider + 关闭 reasoning,1,25,Alibaba,deepseek/deepseek-v4-flash,False,message.content,25,25,,,gen-1786289353-ClcBWWhIxzNAp8UfIC0G,stop,2.6911714002490044,1,ok,,2a4d99e4cdba438139c0c9d80f53308f469d94d2a4ec24c4b3e89ab09c000307,c721d194fb2fcf30de96e9367365d6dd15a93739c22ccf26db41b9785a7d562b,b27eb7b2072bc09d5e9e21f09e895db0a1924112cdcc8b58ab1c60d8374d68f6,2026-08-09T15:29:13.626032+00:00
tencent:20260419A00TVJ00,泽普县科技馆建设进入收尾阶段,40.0,2,external_positive,D,固定 provider + 关闭 reasoning,2,25,Alibaba,deepseek/deepseek-v4-flash,False,message.content,25,25,,,gen-1786289313-A0f4HVlzCxUQdYhuvFhW,stop,1.597793199121952,1,ok,,2a4d99e4cdba438139c0c9d80f53308f469d94d2a4ec24c4b3e89ab09c000307,c721d194fb2fcf30de96e9367365d6dd15a93739c22ccf26db41b9785a7d562b,b27eb7b2072bc09d5e9e21f09e895db0a1924112cdcc8b58ab1c60d8374d68f6,2026-08-09T15:28:33.664750+00:00
tencent:20260419A00TVJ00,泽普县科技馆建设进入收尾阶段,40.0,2,external_positive,D,固定 provider + 关闭 reasoning,3,15,Alibaba,deepseek/deepseek-v4-flash,False,message.content,15,15,,,gen-1786289459-bdHGvBMBXldMMgCBPPG0,stop,1.6727016009390354,1,ok,,2a4d99e4cdba438139c0c9d80f53308f469d94d2a4ec24c4b3e89ab09c000307,c721d194fb2fcf30de96e9367365d6dd15a93739c22ccf26db41b9785a7d562b,b27eb7b2072bc09d5e9e21f09e895db0a1924112cdcc8b58ab1c60d8374d68f6,2026-08-09T15:30:59.608999+00:00
tencent:20260508A06PH400,盐城大丰：微笑传递温暖 快乐点亮童心,0.0,0,external_positive,A,生产基线,1,15,StreamLake,deepseek/deepseek-v4-flash,False,message.content,15,15,,,gen-1786289489-1C52yto35fEuHIFSbnDw,stop,5.033453401178122,1,ok,,e0d41c45137882f3808bdd2fd0028b9f5eabb6460bd5e69eaca0e95ecac778a6,25ce994be03831ca2959366b8b443e43fb36ca2c522ebbb32a1d2a81adb8b6e8,816cbb079c2c80cfd2c3b679824b926552af3dfcfd11926681b2b7024e5901f8,2026-08-09T15:31:32.752943+00:00
tencent:20260508A06PH400,盐城大丰：微笑传递温暖 快乐点亮童心,0.0,0,external_positive,A,生产基线,2,10,Alibaba,deepseek/deepseek-v4-flash,False,message.content,10,10,,,gen-1786289695-VgEKXQCkhaZunm4Lem8G,stop,4.331061400473118,1,ok,,e0d41c45137882f3808bdd2fd0028b9f5eabb6460bd5e69eaca0e95ecac778a6,25ce994be03831ca2959366b8b443e43fb36ca2c522ebbb32a1d2a81adb8b6e8,816cbb079c2c80cfd2c3b679824b926552af3dfcfd11926681b2b7024e5901f8,2026-08-09T15:34:58.827393+00:00
tencent:20260508A06PH400,盐城大丰：微笑传递温暖 快乐点亮童心,0.0,0,external_positive,A,生产基线,3,10,Alibaba,deepseek/deepseek-v4-flash,False,message.content,10,10,,,gen-1786289344-xJWZ0BHBKLbaty08OStP,stop,3.4315364994108677,1,ok,,e0d41c45137882f3808bdd2fd0028b9f5eabb6460bd5e69eaca0e95ecac778a6,25ce994be03831ca2959366b8b443e43fb36ca2c522ebbb32a1d2a81adb8b6e8,816cbb079c2c80cfd2c3b679824b926552af3dfcfd11926681b2b7024e5901f8,2026-08-09T15:29:06.701414+00:00
tencent:20260508A06PH400,盐城大丰：微笑传递温暖 快乐点亮童心,0.0,0,external_positive,D,固定 provider + 关闭 reasoning,1,34,Alibaba,deepseek/deepseek-v4-flash,False,message.content,34,34,,,gen-1786289465-1lCcz1UEeik2r3FIqGP4,stop,1.6081216000020504,1,ok,,e0d41c45137882f3808bdd2fd0028b9f5eabb6460bd5e69eaca0e95ecac778a6,25ce994be03831ca2959366b8b443e43fb36ca2c522ebbb32a1d2a81adb8b6e8,ca5605568c3dc08e3146c6a3385ad07ea6452f8b9184f5230dc28a58ce7d54d8,2026-08-09T15:31:06.018028+00:00
tencent:20260508A06PH400,盐城大丰：微笑传递温暖 快乐点亮童心,0.0,0,external_positive,D,固定 provider + 关闭 reasoning,2,0,Alibaba,deepseek/deepseek-v4-flash,False,message.content,0,0,,,gen-1786289396-ht38VVB0UUvIsMry1XLk,stop,1.9604563973844051,1,ok,,e0d41c45137882f3808bdd2fd0028b9f5eabb6460bd5e69eaca0e95ecac778a6,25ce994be03831ca2959366b8b443e43fb36ca2c522ebbb32a1d2a81adb8b6e8,ca5605568c3dc08e3146c6a3385ad07ea6452f8b9184f5230dc28a58ce7d54d8,2026-08-09T15:29:56.992277+00:00
tencent:20260508A06PH400,盐城大丰：微笑传递温暖 快乐点亮童心,0.0,0,external_positive,D,固定 provider + 关闭 reasoning,3,0,Alibaba,deepseek/deepseek-v4-flash,False,message.content,0,0,,,gen-1786289338-HoTi00dd4jmH6IObPa1B,stop,1.5002709031105042,1,ok,,e0d41c45137882f3808bdd2fd0028b9f5eabb6460bd5e69eaca0e95ecac778a6,25ce994be03831ca2959366b8b443e43fb36ca2c522ebbb32a1d2a81adb8b6e8,ca5605568c3dc08e3146c6a3385ad07ea6452f8b9184f5230dc28a58ce7d54d8,2026-08-09T15:28:58.456267+00:00
tencent:20260517A070LP00,如果手握10亿美元，顶尖临床专家为何不选择投向AI,50.0,2,internal_positive,A,生产基线,1,0,Alibaba,deepseek/deepseek-v4-flash,False,message.content,0,0,,,gen-1786289523-QOKTBhzYAgC1lQeTnZ4n,stop,5.161234900355339,1,ok,,8414bbfe6a8a2e2925c55be2c9e61215577d95e0b6e3e12d8e89cbfefa6a4865,af4df5fc2d80fbade255b0f72eaa5afe080e37a8ff9fa11683673943fe334173,1a557ec14112289d427c8623df1d047ccdb17c28018bbab9bf5120fc20f8686d,2026-08-09T15:32:07.220698+00:00
tencent:20260517A070LP00,如果手握10亿美元，顶尖临床专家为何不选择投向AI,50.0,2,internal_positive,A,生产基线,2,5,Alibaba,deepseek/deepseek-v4-flash,False,message.content,5,5,,,gen-1786289361-lzDtugDsINWaO1ZKhSof,stop,8.087506301701069,1,ok,,8414bbfe6a8a2e2925c55be2c9e61215577d95e0b6e3e12d8e89cbfefa6a4865,af4df5fc2d80fbade255b0f72eaa5afe080e37a8ff9fa11683673943fe334173,1a557ec14112289d427c8623df1d047ccdb17c28018bbab9bf5120fc20f8686d,2026-08-09T15:29:28.750861+00:00
tencent:20260517A070LP00,如果手握10亿美元，顶尖临床专家为何不选择投向AI,50.0,2,internal_positive,A,生产基线,3,5,Alibaba,deepseek/deepseek-v4-flash,False,message.content,5,5,,,gen-1786289270-XqlI7aopJauUenbLZt0T,stop,3.6164801008999348,1,ok,,8414bbfe6a8a2e2925c55be2c9e61215577d95e0b6e3e12d8e89cbfefa6a4865,af4df5fc2d80fbade255b0f72eaa5afe080e37a8ff9fa11683673943fe334173,1a557ec14112289d427c8623df1d047ccdb17c28018bbab9bf5120fc20f8686d,2026-08-09T15:27:52.598217+00:00
tencent:20260517A070LP00,如果手握10亿美元，顶尖临床专家为何不选择投向AI,50.0,2,internal_positive,D,固定 provider + 关闭 reasoning,1,5,Alibaba,deepseek/deepseek-v4-flash,False,message.content,5,5,,,gen-1786289294-9Poqty3WxSKLkaKiIRuL,stop,1.6055053994059563,1,ok,,8414bbfe6a8a2e2925c55be2c9e61215577d95e0b6e3e12d8e89cbfefa6a4865,af4df5fc2d80fbade255b0f72eaa5afe080e37a8ff9fa11683673943fe334173,a068dc08310268a614990aad641d46499acd4e6c3cf581acb5aa4c12f3dd1df6,2026-08-09T15:28:15.150379+00:00
tencent:20260517A070LP00,如果手握10亿美元，顶尖临床专家为何不选择投向AI,50.0,2,internal_positive,D,固定 provider + 关闭 reasoning,2,15,Alibaba,deepseek/deepseek-v4-flash,False,message.content,15,15,,,gen-1786289483-Nohsha11HJPWSOWUEqUo,stop,1.7995727993547916,1,ok,,8414bbfe6a8a2e2925c55be2c9e61215577d95e0b6e3e12d8e89cbfefa6a4865,af4df5fc2d80fbade255b0f72eaa5afe080e37a8ff9fa11683673943fe334173,a068dc08310268a614990aad641d46499acd4e6c3cf581acb5aa4c12f3dd1df6,2026-08-09T15:31:23.562290+00:00
tencent:20260517A070LP00,如果手握10亿美元，顶尖临床专家为何不选择投向AI,50.0,2,internal_positive,D,固定 provider + 关闭 reasoning,3,5,Alibaba,deepseek/deepseek-v4-flash,False,message.content,5,5,,,gen-1786289422-CQst3Xk3V3Y3q29GSMWG,stop,1.5960392020642757,1,ok,,8414bbfe6a8a2e2925c55be2c9e61215577d95e0b6e3e12d8e89cbfefa6a4865,af4df5fc2d80fbade255b0f72eaa5afe080e37a8ff9fa11683673943fe334173,a068dc08310268a614990aad641d46499acd4e6c3cf581acb5aa4c12f3dd1df6,2026-08-09T15:30:23.252807+00:00
tencent:20260530A001DZ00,鄂托克旗：促绒“黑科技”送到牧民家,0.0,0,external_positive,A,生产基线,1,0,Alibaba,deepseek/deepseek-v4-flash,False,message.content,0,0,,,gen-1786289400-SJbPAmd4FCmpuQdGIKG6,stop,4.553020801395178,1,ok,,1cefaccd4063c9ef839bfaec97e5ffdffc517c6690ccc16406dd3aed777e484a,69839b93de21408611733cdf1ecf08df34bad2c2c4d7fdf4b31cf131ca742ff5,6e58dcf31ef57207b3c629e3fc2d2dbb3a0b72fafaf3020d2a7273450be840c7,2026-08-09T15:30:03.883342+00:00
tencent:20260530A001DZ00,鄂托克旗：促绒“黑科技”送到牧民家,0.0,0,external_positive,A,生产基线,2,5,Alibaba,deepseek/deepseek-v4-flash,False,message.content,5,5,,,gen-1786289362-xqmdB7qWrWK43xzuO6vF,stop,4.168155398219824,1,ok,,1cefaccd4063c9ef839bfaec97e5ffdffc517c6690ccc16406dd3aed777e484a,69839b93de21408611733cdf1ecf08df34bad2c2c4d7fdf4b31cf131ca742ff5,6e58dcf31ef57207b3c629e3fc2d2dbb3a0b72fafaf3020d2a7273450be840c7,2026-08-09T15:29:25.792855+00:00
tencent:20260530A001DZ00,鄂托克旗：促绒“黑科技”送到牧民家,0.0,0,external_positive,A,生产基线,3,0,Alibaba,deepseek/deepseek-v4-flash,False,message.content,0,0,,,gen-1786289533-NkFzpehMBWNKyybYAfAc,stop,9.044626101851463,1,ok,,1cefaccd4063c9ef839bfaec97e5ffdffc517c6690ccc16406dd3aed777e484a,69839b93de21408611733cdf1ecf08df34bad2c2c4d7fdf4b31cf131ca742ff5,6e58dcf31ef57207b3c629e3fc2d2dbb3a0b72fafaf3020d2a7273450be840c7,2026-08-09T15:32:20.976895+00:00
tencent:20260530A001DZ00,鄂托克旗：促绒“黑科技”送到牧民家,0.0,0,external_positive,D,固定 provider + 关闭 reasoning,1,0,Alibaba,deepseek/deepseek-v4-flash,False,message.content,0,0,,,gen-1786289398-iuUXxbkhGzbae0Zh5Yi6,stop,1.7980275005102158,1,ok,,1cefaccd4063c9ef839bfaec97e5ffdffc517c6690ccc16406dd3aed777e484a,69839b93de21408611733cdf1ecf08df34bad2c2c4d7fdf4b31cf131ca742ff5,b6909a22d2bd59d382eda357a22a3feb7602cdcc5a3e0b9e2eced6e589909043,2026-08-09T15:29:59.328954+00:00
tencent:20260530A001DZ00,鄂托克旗：促绒“黑科技”送到牧民家,0.0,0,external_positive,D,固定 provider + 关闭 reasoning,2,0,Alibaba,deepseek/deepseek-v4-flash,False,message.content,0,0,,,gen-1786289542-XyUVMcce6F4vjWdry7Vh,stop,1.4290793985128403,1,ok,,1cefaccd4063c9ef839bfaec97e5ffdffc517c6690ccc16406dd3aed777e484a,69839b93de21408611733cdf1ecf08df34bad2c2c4d7fdf4b31cf131ca742ff5,b6909a22d2bd59d382eda357a22a3feb7602cdcc5a3e0b9e2eced6e589909043,2026-08-09T15:32:22.474816+00:00
tencent:20260530A001DZ00,鄂托克旗：促绒“黑科技”送到牧民家,0.0,0,external_positive,D,固定 provider + 关闭 reasoning,3,0,Alibaba,deepseek/deepseek-v4-flash,False,message.content,0,0,,,gen-1786289700-e9xsvtiklbRBLKzcyNTu,stop,1.7140817008912563,1,ok,,1cefaccd4063c9ef839bfaec97e5ffdffc517c6690ccc16406dd3aed777e484a,69839b93de21408611733cdf1ecf08df34bad2c2c4d7fdf4b31cf131ca742ff5,b6909a22d2bd59d382eda357a22a3feb7602cdcc5a3e0b9e2eced6e589909043,2026-08-09T15:35:00.542854+00:00
tencent:20260604A09MJP00,甘肃省第二届职业技能大赛在兰州开幕 75个竞赛项目点亮“技能照亮前程”,55.0,2,external_positive,A,生产基线,1,5,Alibaba,deepseek/deepseek-v4-flash,False,message.content,5,5,,,gen-1786289621-OSe3pTxdikd8gcEolf31,stop,4.458608601242304,1,ok,,97852b8a66044eb404729e97e388d3ea070ff8fd9177ca0b5e2c83b8e477dfdb,5634dd95790e00bf5e1787d5cf748ff4e758ab9f7416e8ce7a86487dfd004566,1b32d7a33c723f1c31d1415512b6017d9139a417ccdfc8cae1d9ba787325afd3,2026-08-09T15:33:44.238606+00:00
tencent:20260604A09MJP00,甘肃省第二届职业技能大赛在兰州开幕 75个竞赛项目点亮“技能照亮前程”,55.0,2,external_positive,A,生产基线,2,50,Baidu,deepseek/deepseek-v4-flash,False,message.content,50,50,,,gen-1786289474-nl7RAM8jLnHywAQCpgJR,stop,35.27260060235858,1,ok,,97852b8a66044eb404729e97e388d3ea070ff8fd9177ca0b5e2c83b8e477dfdb,5634dd95790e00bf5e1787d5cf748ff4e758ab9f7416e8ce7a86487dfd004566,1b32d7a33c723f1c31d1415512b6017d9139a417ccdfc8cae1d9ba787325afd3,2026-08-09T15:31:48.856328+00:00
tencent:20260604A09MJP00,甘肃省第二届职业技能大赛在兰州开幕 75个竞赛项目点亮“技能照亮前程”,55.0,2,external_positive,A,生产基线,3,20,Alibaba,deepseek/deepseek-v4-flash,False,message.content,20,20,,,gen-1786289694-pWaryhKcHHyLgtbEAhz4,stop,7.523086600005627,1,ok,,97852b8a66044eb404729e97e388d3ea070ff8fd9177ca0b5e2c83b8e477dfdb,5634dd95790e00bf5e1787d5cf748ff4e758ab9f7416e8ce7a86487dfd004566,1b32d7a33c723f1c31d1415512b6017d9139a417ccdfc8cae1d9ba787325afd3,2026-08-09T15:35:01.259287+00:00
tencent:20260604A09MJP00,甘肃省第二届职业技能大赛在兰州开幕 75个竞赛项目点亮“技能照亮前程”,55.0,2,external_positive,D,固定 provider + 关闭 reasoning,1,34,Alibaba,deepseek/deepseek-v4-flash,False,message.content,34,34,,,gen-1786289507-iYyO1umMtwod12ePSh1r,stop,5.606898702681065,1,ok,,97852b8a66044eb404729e97e388d3ea070ff8fd9177ca0b5e2c83b8e477dfdb,5634dd95790e00bf5e1787d5cf748ff4e758ab9f7416e8ce7a86487dfd004566,f173dfdfb38b6c8723e9342e02a81d60a65759ead1596f10d239b70b365f51c3,2026-08-09T15:31:51.436254+00:00
tencent:20260604A09MJP00,甘肃省第二届职业技能大赛在兰州开幕 75个竞赛项目点亮“技能照亮前程”,55.0,2,external_positive,D,固定 provider + 关闭 reasoning,2,72,Alibaba,deepseek/deepseek-v4-flash,False,message.content,72,72,,,gen-1786289362-AlNsqVzLXrDFqPsc3uaa,stop,1.8554340973496437,1,ok,,97852b8a66044eb404729e97e388d3ea070ff8fd9177ca0b5e2c83b8e477dfdb,5634dd95790e00bf5e1787d5cf748ff4e758ab9f7416e8ce7a86487dfd004566,f173dfdfb38b6c8723e9342e02a81d60a65759ead1596f10d239b70b365f51c3,2026-08-09T15:29:22.628568+00:00
tencent:20260604A09MJP00,甘肃省第二届职业技能大赛在兰州开幕 75个竞赛项目点亮“技能照亮前程”,55.0,2,external_positive,D,固定 provider + 关闭 reasoning,3,72,Alibaba,deepseek/deepseek-v4-flash,False,message.content,72,72,,,gen-1786289287-5MNHbGawk1xe4WSqGuKt,stop,1.7694347016513348,1,ok,,97852b8a66044eb404729e97e388d3ea070ff8fd9177ca0b5e2c83b8e477dfdb,5634dd95790e00bf5e1787d5cf748ff4e758ab9f7416e8ce7a86487dfd004566,f173dfdfb38b6c8723e9342e02a81d60a65759ead1596f10d239b70b365f51c3,2026-08-09T15:28:07.795578+00:00
tencent:20260607A02IBY00,海南省7.8万余名学生逐梦高考,20.0,1,external_positive,A,生产基线,1,20,Alibaba,deepseek/deepseek-v4-flash,False,message.content,20,20,,,gen-1786289636-Z05cfBh2R3h7aMMFsvjr,stop,8.602344799786806,1,ok,,2e76ae00412c53cb682d0aa0f39ac914fd646776da4c01601a67ebae6b81ea9f,4ce2431bb8351d377f107433d375a9367ce42ed54f06f8a7be9e2c0a524d6b4b,8b53d51254c11e73e669990d536adb6d94d821c55f4e1f2231fe25d50bc585e8,2026-08-09T15:34:04.020364+00:00
tencent:20260607A02IBY00,海南省7.8万余名学生逐梦高考,20.0,1,external_positive,A,生产基线,2,20,Alibaba,deepseek/deepseek-v4-flash,False,message.content,20,20,,,gen-1786289398-ngcftW8mZw0XZXfQzQom,stop,3.500111199915409,1,ok,,2e76ae00412c53cb682d0aa0f39ac914fd646776da4c01601a67ebae6b81ea9f,4ce2431bb8351d377f107433d375a9367ce42ed54f06f8a7be9e2c0a524d6b4b,8b53d51254c11e73e669990d536adb6d94d821c55f4e1f2231fe25d50bc585e8,2026-08-09T15:30:00.493745+00:00
tencent:20260607A02IBY00,海南省7.8万余名学生逐梦高考,20.0,1,external_positive,A,生产基线,3,45,Alibaba,deepseek/deepseek-v4-flash,False,message.content,45,45,,,gen-1786289442-IlUTbgLFiGo3ciPE7d6l,stop,5.677220199257135,1,ok,,2e76ae00412c53cb682d0aa0f39ac914fd646776da4c01601a67ebae6b81ea9f,4ce2431bb8351d377f107433d375a9367ce42ed54f06f8a7be9e2c0a524d6b4b,8b53d51254c11e73e669990d536adb6d94d821c55f4e1f2231fe25d50bc585e8,2026-08-09T15:30:46.756350+00:00
tencent:20260607A02IBY00,海南省7.8万余名学生逐梦高考,20.0,1,external_positive,D,固定 provider + 关闭 reasoning,1,25,Alibaba,deepseek/deepseek-v4-flash,False,message.content,25,25,,,gen-1786289702-NEYifOefdEJSwuUmqjQ6,stop,1.8503586016595364,1,ok,,2e76ae00412c53cb682d0aa0f39ac914fd646776da4c01601a67ebae6b81ea9f,4ce2431bb8351d377f107433d375a9367ce42ed54f06f8a7be9e2c0a524d6b4b,d3baea8385ed107453133e8bd2c05730e7006f184719aee7403e9d4047e803a6,2026-08-09T15:35:02.331088+00:00
tencent:20260607A02IBY00,海南省7.8万余名学生逐梦高考,20.0,1,external_positive,D,固定 provider + 关闭 reasoning,2,34,Alibaba,deepseek/deepseek-v4-flash,False,message.content,34,34,,,gen-1786289495-JkulsyDvykyPH8PL7lC2,stop,1.6733982972800732,1,ok,,2e76ae00412c53cb682d0aa0f39ac914fd646776da4c01601a67ebae6b81ea9f,4ce2431bb8351d377f107433d375a9367ce42ed54f06f8a7be9e2c0a524d6b4b,d3baea8385ed107453133e8bd2c05730e7006f184719aee7403e9d4047e803a6,2026-08-09T15:31:36.277095+00:00
tencent:20260607A02IBY00,海南省7.8万余名学生逐梦高考,20.0,1,external_positive,D,固定 provider + 关闭 reasoning,3,34,Alibaba,deepseek/deepseek-v4-flash,False,message.content,34,34,,,gen-1786289388-75731q5tPkwcsCUoTaPD,stop,1.966475497931242,1,ok,,2e76ae00412c53cb682d0aa0f39ac914fd646776da4c01601a67ebae6b81ea9f,4ce2431bb8351d377f107433d375a9367ce42ed54f06f8a7be9e2c0a524d6b4b,d3baea8385ed107453133e8bd2c05730e7006f184719aee7403e9d4047e803a6,2026-08-09T15:29:48.770224+00:00
tencent:20260618A04KRO00,2027QS世界大学排名发布：港大11名，北大13名，清华14名，浙大47名,60.0,3,internal_positive,D,固定 provider + 关闭 reasoning,1,15,Alibaba,deepseek/deepseek-v4-flash,False,message.content,15,15,,,gen-1786289403-NWWgX87ZxqzqMNJcXcFR,stop,2.2246740013360977,1,ok,,825058f3dd5a643f26a32f65a421849db4ffaf393d843f4693c5f29382fd1e43,81a78c1b22e02085be7dc60c3dd7354e3ed014e8f680a5f7127faed158f98ab6,87b2abf48079944b1e8ced412e9ccec575fb9ec7381a44c1ee52701cbec7026e,2026-08-09T15:30:04.019018+00:00
tencent:20260618A04KRO00,2027QS世界大学排名发布：港大11名，北大13名，清华14名，浙大47名,60.0,3,internal_positive,D,固定 provider + 关闭 reasoning,2,15,Alibaba,deepseek/deepseek-v4-flash,False,message.content,15,15,,,gen-1786289679-COssU3KctjCCMWOqYsae,stop,1.6605067998170853,1,ok,,825058f3dd5a643f26a32f65a421849db4ffaf393d843f4693c5f29382fd1e43,81a78c1b22e02085be7dc60c3dd7354e3ed014e8f680a5f7127faed158f98ab6,87b2abf48079944b1e8ced412e9ccec575fb9ec7381a44c1ee52701cbec7026e,2026-08-09T15:34:40.155575+00:00
tencent:20260618A04KRO00,2027QS世界大学排名发布：港大11名，北大13名，清华14名，浙大47名,60.0,3,internal_positive,D,固定 provider + 关闭 reasoning,3,15,Alibaba,deepseek/deepseek-v4-flash,False,message.content,15,15,,,gen-1786289528-y8jIxIBEVShxXcm4gy7g,stop,1.5439435988664627,1,ok,,825058f3dd5a643f26a32f65a421849db4ffaf393d843f4693c5f29382fd1e43,81a78c1b22e02085be7dc60c3dd7354e3ed014e8f680a5f7127faed158f98ab6,87b2abf48079944b1e8ced412e9ccec575fb9ec7381a44c1ee52701cbec7026e,2026-08-09T15:32:08.765933+00:00
tencent:20260618A04KRO00,2027QS世界大学排名发布：港大11名，北大13名，清华14名，浙大47名,60.0,3,internal_positive,D,固定 provider + 关闭 reasoning,4,15,Alibaba,deepseek/deepseek-v4-flash,False,message.content,15,15,,,gen-1786289520-XiACtjSLy1Y1xtrBcZmV,stop,1.5562455989420414,1,ok,,825058f3dd5a643f26a32f65a421849db4ffaf393d843f4693c5f29382fd1e43,81a78c1b22e02085be7dc60c3dd7354e3ed014e8f680a5f7127faed158f98ab6,87b2abf48079944b1e8ced412e9ccec575fb9ec7381a44c1ee52701cbec7026e,2026-08-09T15:32:00.531069+00:00
tencent:20260618A04KRO00,2027QS世界大学排名发布：港大11名，北大13名，清华14名，浙大47名,60.0,3,internal_positive,D,固定 provider + 关闭 reasoning,5,15,Alibaba,deepseek/deepseek-v4-flash,False,message.content,15,15,,,gen-1786289658-8NQxpI6g0FA8Msj50tvt,stop,2.8553554005920887,1,ok,,825058f3dd5a643f26a32f65a421849db4ffaf393d843f4693c5f29382fd1e43,81a78c1b22e02085be7dc60c3dd7354e3ed014e8f680a5f7127faed158f98ab6,87b2abf48079944b1e8ced412e9ccec575fb9ec7381a44c1ee52701cbec7026e,2026-08-09T15:34:19.175293+00:00
tencent:20260707A08BLT00,北京：中考志愿7月13日起填报 指标分配招生设8个志愿 统一招生设12个志愿,80.0,4,internal_positive,A,生产基线,1,80,Alibaba,deepseek/deepseek-v4-flash,False,message.content,80,80,,,gen-1786289424-ZU23X9obrEgIgwDelXUn,stop,3.577751498669386,1,ok,,f4acc9c97af79636f49a891918ffce39df2ed518742296bbd7a1762df2169732,e0eefe3e5b81b6560f08346ed32af64e7ae9c07b5e2c11355af93071f72aaab4,7855320787f0b4f4111394773b1df8d0fc36883453f27c729d3146a26a3729ee,2026-08-09T15:30:26.423282+00:00
tencent:20260707A08BLT00,北京：中考志愿7月13日起填报 指标分配招生设8个志愿 统一招生设12个志愿,80.0,4,internal_positive,A,生产基线,2,78,Alibaba,deepseek/deepseek-v4-flash,False,message.content,78,78,,,gen-1786289276-EEfKynriOekEz9sGwjUC,stop,3.7499946989119053,1,ok,,f4acc9c97af79636f49a891918ffce39df2ed518742296bbd7a1762df2169732,e0eefe3e5b81b6560f08346ed32af64e7ae9c07b5e2c11355af93071f72aaab4,7855320787f0b4f4111394773b1df8d0fc36883453f27c729d3146a26a3729ee,2026-08-09T15:27:58.804850+00:00
tencent:20260707A08BLT00,北京：中考志愿7月13日起填报 指标分配招生设8个志愿 统一招生设12个志愿,80.0,4,internal_positive,A,生产基线,3,80,Alibaba,deepseek/deepseek-v4-flash,False,message.content,80,80,,,gen-1786289545-W3sZeG2XwogF0cG3xcYz,stop,9.220767199993134,1,ok,,f4acc9c97af79636f49a891918ffce39df2ed518742296bbd7a1762df2169732,e0eefe3e5b81b6560f08346ed32af64e7ae9c07b5e2c11355af93071f72aaab4,7855320787f0b4f4111394773b1df8d0fc36883453f27c729d3146a26a3729ee,2026-08-09T15:32:33.096564+00:00
tencent:20260707A08BLT00,北京：中考志愿7月13日起填报 指标分配招生设8个志愿 统一招生设12个志愿,80.0,4,internal_positive,D,固定 provider + 关闭 reasoning,1,85,Alibaba,deepseek/deepseek-v4-flash,False,message.content,85,85,,,gen-1786289696-u3F34mgtA0kRBfcpGwZL,stop,1.5427457988262177,1,ok,,f4acc9c97af79636f49a891918ffce39df2ed518742296bbd7a1762df2169732,e0eefe3e5b81b6560f08346ed32af64e7ae9c07b5e2c11355af93071f72aaab4,85cb065c8d593027dffe45d9f377f49bbfdc58b3d6afe34d93b8e727b8e63d0e,2026-08-09T15:34:56.340413+00:00
tencent:20260707A08BLT00,北京：中考志愿7月13日起填报 指标分配招生设8个志愿 统一招生设12个志愿,80.0,4,internal_positive,D,固定 provider + 关闭 reasoning,2,85,Alibaba,deepseek/deepseek-v4-flash,False,message.content,85,85,,,gen-1786289443-LkEmbQcTEtEu7R4Fhxek,stop,1.689776200801134,1,ok,,f4acc9c97af79636f49a891918ffce39df2ed518742296bbd7a1762df2169732,e0eefe3e5b81b6560f08346ed32af64e7ae9c07b5e2c11355af93071f72aaab4,85cb065c8d593027dffe45d9f377f49bbfdc58b3d6afe34d93b8e727b8e63d0e,2026-08-09T15:30:43.555965+00:00
tencent:20260707A08BLT00,北京：中考志愿7月13日起填报 指标分配招生设8个志愿 统一招生设12个志愿,80.0,4,internal_positive,D,固定 provider + 关闭 reasoning,3,85,Alibaba,deepseek/deepseek-v4-flash,False,message.content,85,85,,,gen-1786289621-9VbNOVMtpTOFdXyFJ5eU,stop,1.6618761010468006,1,ok,,f4acc9c97af79636f49a891918ffce39df2ed518742296bbd7a1762df2169732,e0eefe3e5b81b6560f08346ed32af64e7ae9c07b5e2c11355af93071f72aaab4,85cb065c8d593027dffe45d9f377f49bbfdc58b3d6afe34d93b8e727b8e63d0e,2026-08-09T15:33:41.964415+00:00
tencent:20260710A08E3D00,2026年“中国科学院—香港青年实习计划”在京启动,40.0,2,internal_positive,A,生产基线,1,27,Alibaba,deepseek/deepseek-v4-flash,False,message.content,27,27,,,gen-1786289269-DTMb3dbfbEg6k65fPfNB,stop,9.421190802007914,1,ok,,4ef2b94e28fc065b5a4fbe765c7ee74dba63c639d22ae130fa0884602c1cf2f7,4428aae6960ebdb3ae4aeea19fb09afe118ca5352b8d8770ff6a8893869fd7b5,6e206e2be0af3a243f9f5916e15f93a8f2bd52f10ab207f0267913d5ed8eb31e,2026-08-09T15:27:57.934728+00:00
tencent:20260710A08E3D00,2026年“中国科学院—香港青年实习计划”在京启动,40.0,2,internal_positive,A,生产基线,2,25,Alibaba,deepseek/deepseek-v4-flash,False,message.content,25,25,,,gen-1786289452-DweIJhUlKFPRT3WaLFsN,stop,12.673535101115704,1,ok,,4ef2b94e28fc065b5a4fbe765c7ee74dba63c639d22ae130fa0884602c1cf2f7,4428aae6960ebdb3ae4aeea19fb09afe118ca5352b8d8770ff6a8893869fd7b5,6e206e2be0af3a243f9f5916e15f93a8f2bd52f10ab207f0267913d5ed8eb31e,2026-08-09T15:31:04.408530+00:00
tencent:20260710A08E3D00,2026年“中国科学院—香港青年实习计划”在京启动,40.0,2,internal_positive,A,生产基线,3,25,Alibaba,deepseek/deepseek-v4-flash,False,message.content,25,25,,,gen-1786289343-x86ERAqGRs4r5WjkTtrL,stop,12.991455901414156,1,ok,,4ef2b94e28fc065b5a4fbe765c7ee74dba63c639d22ae130fa0884602c1cf2f7,4428aae6960ebdb3ae4aeea19fb09afe118ca5352b8d8770ff6a8893869fd7b5,6e206e2be0af3a243f9f5916e15f93a8f2bd52f10ab207f0267913d5ed8eb31e,2026-08-09T15:29:15.442895+00:00
tencent:20260710A08E3D00,2026年“中国科学院—香港青年实习计划”在京启动,40.0,2,internal_positive,D,固定 provider + 关闭 reasoning,1,75,Alibaba,deepseek/deepseek-v4-flash,False,message.content,75,75,,,gen-1786289543-giuwSybvA9aj8L3Y2U09,stop,1.9267828986048698,1,ok,,4ef2b94e28fc065b5a4fbe765c7ee74dba63c639d22ae130fa0884602c1cf2f7,4428aae6960ebdb3ae4aeea19fb09afe118ca5352b8d8770ff6a8893869fd7b5,dea16ad7379f632ab0d331176ded73bade889db3742230b2df0c476826465a15,2026-08-09T15:32:24.242636+00:00
tencent:20260710A08E3D00,2026年“中国科学院—香港青年实习计划”在京启动,40.0,2,internal_positive,D,固定 provider + 关闭 reasoning,2,75,Alibaba,deepseek/deepseek-v4-flash,False,message.content,75,75,,,gen-1786289617-OzKVKrd4Qv51LJKMsowh,stop,1.374567598104477,1,ok,,4ef2b94e28fc065b5a4fbe765c7ee74dba63c639d22ae130fa0884602c1cf2f7,4428aae6960ebdb3ae4aeea19fb09afe118ca5352b8d8770ff6a8893869fd7b5,dea16ad7379f632ab0d331176ded73bade889db3742230b2df0c476826465a15,2026-08-09T15:33:38.023259+00:00
tencent:20260710A08E3D00,2026年“中国科学院—香港青年实习计划”在京启动,40.0,2,internal_positive,D,固定 provider + 关闭 reasoning,3,75,Alibaba,deepseek/deepseek-v4-flash,False,message.content,75,75,,,gen-1786289375-Vio76hscL0yWSQhQCn5q,stop,2.073167998343706,1,ok,,4ef2b94e28fc065b5a4fbe765c7ee74dba63c639d22ae130fa0884602c1cf2f7,4428aae6960ebdb3ae4aeea19fb09afe118ca5352b8d8770ff6a8893869fd7b5,dea16ad7379f632ab0d331176ded73bade889db3742230b2df0c476826465a15,2026-08-09T15:29:35.842622+00:00
